grouping,level,n_events,n_storms,n_ports,n_TS,C1_co2_storm_TS,C1_lo_TS,C1_hi_TS,n_hur,C1_co2_storm_hur,C1_lo_hur,C1_hi_hur,C1_co2_storm_sTS,C2_share_outside,C2_lo,C2_hi,C3_co2_event,C3_lo,C3_hi,C4_co2_per_call,C4_lo,C4_hi,C5_storm_co2_minus_hours,C5s_lo,C5s_hi,C5_after_co2_minus_hours,C5a_lo,C5a_hi,C6_hours_event,C6_nox_event,C6n_lo,C6n_hi,C6_pm25_event,C6p_lo,C6p_hi,C7_jit_days_per_hur_event,C7_share_hur_events_with_queue,C7_top3_share
all,All events,344,48,47,223,0.8228070016260224,0.7463149305631441,0.9017791202122,67,0.4710559077615098,0.3503579865522944,0.58984948875151,0.733661150253007,0.6894041222498568,0.6203859789618354,0.7744840575444678,1.0111292511604266,0.9805885256198736,1.0440593562629568,0.9901215531634412,0.9540046390311676,1.0324707837391012,-0.1361921784842987,-0.1753267668174979,-0.0895146456890203,0.0152099073252804,-0.0042698004931291,0.0366637979206354,1.0121485381785158,0.9953244537505576,0.9694869496887912,1.0197527824948194,1.0075186313468658,0.9792973350226092,1.037728336225311,1.8211278237077264,0.6716417910447762,0.4706714604394968
intensity,Hurricane ≥64 kt,67,15,26,0,,,,67,0.4710559077615098,0.3548498210976266,0.5874965300484177,,0.6701503401238136,0.5266107017312434,0.7861525185054916,1.0168718683389624,0.9649440978156282,1.0798958184993817,1.0297537428770742,0.9583013089561072,1.1065454705447897,-0.1836497386110601,-0.2765301914504224,-0.0981106666862291,0.0371216510886338,-0.0262710811575666,0.1032007418006792,1.012034668894815,1.001490537759425,0.946338376784487,1.0687736274141086,1.0141476537900052,0.9584045822024854,1.077608220655146,1.8211278237077264,0.6716417910447762,0.4706714604394968
intensity,Strong TS 50–63 kt,54,14,33,0,,,,0,,,,0.733661150253007,0.7479920580912108,0.6577574260161034,0.8461184633755393,0.9604769862666452,0.916085052133824,1.0161839828908186,0.940346027024334,0.8838212441459622,0.9927639381980624,-0.1822773116369457,-0.2222658624822542,-0.1101267465717292,0.0152701075403109,-0.0107922965273959,0.0450123954843214,0.9686407104482252,0.9569128720568176,0.910264799422419,1.0117152786536954,0.9656965842955988,0.9181924066967174,1.0210098902811686,,,
intensity,Tropical storm <50 kt,223,37,47,223,0.8228070016260224,0.7401145015255868,0.9041980217817172,0,,,,,0.6844889325871494,0.6030588460761638,0.85214698000211,1.0227311946114654,0.9862472433633844,1.057944586499736,0.991589189491477,0.9521823157764356,1.0308384900017922,-0.117201625202267,-0.1561963489729729,-0.0687946630541879,0.0082969783736799,-0.0119008905209293,0.0308927882465088,1.0240352806673432,1.0033636876713934,0.9668015439305916,1.03948258349519,1.016352569198892,0.9821540180245713,1.0506449097522417,,,
port_type,Cargo,92,28,14,73,0.92999286307726,0.8632740837734267,0.9917334862164988,3,0.1947658546979363,0.0,0.2965726022625162,0.6110766277929152,0.8836773158114127,0.758961357388659,1.0423905694513085,0.9892175429926312,0.9559064243200492,1.0270998989154732,0.9395111397995072,0.9039105197558874,0.9844050173009622,-0.0561446687962754,-0.1144269502622185,0.0037977442386398,0.0076224428042508,-0.0169928889383897,0.0291714368949492,0.9943147260118984,0.9830971503325784,0.950478534734108,1.020019993840798,0.9886846486740374,0.9563428901266634,1.022012319274889,0.1632832974803352,1.0,1.0
port_type,Energy,139,25,17,87,0.7806843752165534,0.6523452519640843,0.9178409963687972,32,0.5643603557272739,0.3965609998816169,0.7799278316371442,0.8244515361435018,0.5321193207791538,0.4063528958751649,0.6538726596711949,1.0398334415004498,0.9891668413715202,1.0873006168870385,1.013149444000915,0.9579285082137547,1.066412360029735,-0.1190807174570384,-0.1443029319263545,-0.0768111052861686,-0.0020087889763134,-0.0285483918840944,0.0283750174212042,1.0465469573798971,1.0215758342118666,0.9729025851592846,1.0645690394345273,1.040439347733822,0.9875323398962188,1.0839292153328084,2.7644464823872363,0.75,0.3859741757598447
port_type,Mixed,79,26,12,42,0.8452048103306481,0.7021287266569401,0.9529616540265772,21,0.4326713070401035,0.2916994908899391,0.5432068177533229,0.7143680718843248,0.7495315216859993,0.6464757740208179,0.8215183433643101,1.0053808671931357,0.9664995765999186,1.0461016767755684,1.003969053797202,0.9514284447721496,1.061632862087525,-0.1311456690802854,-0.1864782963653612,-0.0749359015188364,0.0148102801075358,-0.0317605208143459,0.0673410647752605,1.00889171248517,0.9904730033563388,0.9538749349383878,1.0253458589776638,1.0011737923954318,0.9663927056926844,1.0354528813796,1.868226629303248,0.7142857142857143,0.7832626858639143
port_type,Service,34,17,4,21,0.6453154178097014,0.5284807011331345,0.7631477737293499,11,0.5164934467356954,0.3126468967157573,0.7253736117498325,,0.8142407985966098,0.6523891325576814,0.9765311886374612,0.978580686259706,0.9162172320074764,1.0415039464088738,0.8674083819758172,0.6965999793581872,1.1029896354026791,-0.3515212224286844,-0.4706448295821338,-0.1998362054031768,0.032657541628,-0.0434315947515378,0.1020179767120415,0.9797269274854388,0.98712644471356,0.9165961148279448,1.0569108510385492,0.9893373469229334,0.92538632203756,1.0506075191240312,0.0,0.2727272727272727,1.0
layout,"Coastal, anchorage",39,25,5,20,0.7709217734411798,0.6565125274477472,0.897259867778586,10,0.4825993848355819,0.3742124985878812,0.590053044170402,0.7587424968866231,0.6604925904480738,0.5697643762340372,0.7486006850132707,1.021256783579624,0.972303284236646,1.063871561598533,1.0341924747159696,0.9719390788275876,1.0986031164515058,-0.086311699736074,-0.1221922049733158,-0.0525100007402287,-0.0195339016488751,-0.0625832893071441,0.0260544003233855,1.0208310203545023,0.989363018553499,0.944315936179466,1.035320722077851,1.0104336456447434,0.967519165952654,1.0536912941052003,3.845603823620388,1.0,0.7292663543892474
layout,Open coast,212,48,31,140,0.8518634729776003,0.7879446297672733,0.9133666007523954,38,0.4476508912910692,0.2924917391362418,0.592192838812176,0.6914484165841128,0.8541989578558524,0.8046171395647668,0.9005138202865227,1.0029750084759148,0.978619774645082,1.032039206317006,0.9471274671961512,0.9166706705788928,0.977832621250604,-0.1612536065621747,-0.2268772569800465,-0.0943503670396012,0.0323810613507984,0.0056233722667438,0.0609847420468762,0.9993018839585326,0.9938553666564393,0.9683122414176312,1.0230429076661167,1.002391580383341,0.977864381297824,1.0291062154632018,0.4800488980735807,0.6052631578947368,0.5239937459935989
layout,River / inland,93,22,11,63,0.8004654908125587,0.6425656310958252,0.947488144377535,19,0.5833558021639237,0.3640939271165186,0.8778153181940538,0.9281766159777678,0.02543906737082,-0.3784338084418732,0.1345027384208805,1.028592878260807,0.9842186702083568,1.0729068343155994,0.9975895286634712,0.9407998865011103,1.0423468102653797,-0.1080127889453316,-0.1471131756614719,-0.0540956571232134,-0.0038143145865394,-0.0584585658682799,0.0552112998291363,1.049999597126477,1.0300092864543595,0.991719542601891,1.0702357619101217,1.0376878021536324,0.9943859249870886,1.0792206422339272,3.2819872778742964,0.631578947368421,0.5779532138503644
region2,Atlantic,147,31,23,106,0.9342437006229284,0.8689890018787492,0.9953140737714712,15,0.3873835795303424,0.1835143162898511,0.5176147099411722,0.665788545247881,0.882543595727724,0.8288393745682766,0.9567627070063582,1.0022945322080112,0.9691114559206184,1.039830932991832,0.9606129658722076,0.9230120862292384,1.012258797672428,-0.1072080290629193,-0.1698197185170496,-0.0521392378219861,0.0205722572611681,-0.0087104812745567,0.0540585666450817,1.002787285780688,0.9933997695923928,0.960896687272848,1.0282110832290234,1.0008393928210573,0.9684999427470568,1.0362499475472673,0.3972836098033253,0.7333333333333333,0.7157142018997724
region2,Gulf,197,30,24,117,0.7488050153555745,0.6389946545279379,0.8582798335370214,52,0.5230487284237414,0.3900721128426673,0.6638653671629423,0.7717186090369385,0.5976688593158866,0.5354404503447076,0.6805521893168094,1.01839720324919,0.9730180950529588,1.0603170651059053,1.0097494735990329,0.9654225721416628,1.0509220213025317,-0.1569531110076217,-0.2030515820309504,-0.1053862669048298,0.0119227135372281,-0.0165473620923226,0.0409022046772419,1.0184470077326762,0.9976884545206426,0.9531187214039384,1.045757683900148,1.0144792778984244,0.9673815358004264,1.0583793374145858,2.6217800785392367,0.6538461538461539,0.5104470166068937
period,2015–2019,119,21,38,83,0.8000831789557777,0.6762523917664744,0.9626540575990392,19,0.4005290965833656,0.2099164341159083,0.5998686220441283,0.7470396130022449,0.6576448091850285,0.5585856874193004,0.8037713933442654,1.015149625718789,0.9749070660714532,1.058953326564772,0.9929891514257788,0.9370525605986544,1.0477693314814336,-0.1383051261624714,-0.191025745081537,-0.062977738442115,0.0130567179609641,-0.0198837746865161,0.0543481062801582,1.0123834582906952,0.9926659464025622,0.9565473007333664,1.0276748317845896,1.0065341812340711,0.96815008831937,1.042955619854457,1.3791735256596744,0.7894736842105263,0.7583673541361735
period,2020–2023,225,27,47,140,0.8405454999043408,0.7516327746144145,0.9214761460784348,48,0.5128621138738507,0.3891256457239823,0.652461702608364,0.7207347389427072,0.7175327540265322,0.6286377578056438,0.8148007279098363,1.008493439227415,0.9720700388209232,1.0427174974430868,0.9882802738107024,0.9428996471953484,1.04275915328813,-0.1331937498382738,-0.18926907956121,-0.0765814681843185,0.0157767807937982,-0.0043564442736297,0.0406255888641589,1.0120088575597137,0.996992084202383,0.9609820419154969,1.0342368950571248,1.008146716366453,0.9709614365861196,1.046370208757624,2.089955504742903,0.625,0.5162498541181794
