port,SID,name,season,min_dist_km,sshs_max,sshs_storm_lifetime,wind_max_kt,k_days,obs_mean,ref_median,ref_p05,ref_p95,n_ref,ratio,z,p_lower,p_upper,sig_drop,sig_rise
"Baltimore, MD",2015126N27281,ANA,2015,194.6,-1,0,30,2,22.5,18.5,11.175,24.65,68,1.2162,1.0046,0.8551,0.1739,0,0
"Baltimore, MD",2015167N27266,BILL,2015,408.7,-3,0,15,1,24,18,10,22.55,70,1.3333,1.4697,0.9859,0.0282,0,1
"Baltimore, MD",2015193N35285,CLAUDETTE,2015,457.2,-3,0,25,1,22,17,10,22.55,70,1.2941,1.296,0.9437,0.1549,0,0
"Baltimore, MD",2016148N27288,BONNIE,2016,461.4,-1,0,30,2,17,16.75,11.5,21,68,1.0149,0.0822,0.5652,0.5072,0,0
"Baltimore, MD",2016158N22272,COLIN,2016,474.6,-4,0,50,1,23,17.5,11,22.55,70,1.3143,1.5525,0.9718,0.0704,0,0
"Baltimore, MD",2016242N24279,HERMINE,2016,353.8,0,1,60,6,13.8333,18.3333,14,20.525,60,0.7545,-2.0347,0.0492,0.9836,1,0
"Baltimore, MD",2016257N27280,JULIA,2016,422.4,-4,0,25,2,20,17,12,21.5,68,1.1765,0.989,0.8261,0.2319,0,0
"Baltimore, MD",2017171N24271,CINDY,2017,172.6,-3,0,25,1,11,16,11,21.55,70,0.6875,-1.5136,0.0845,0.9577,0,0
"Baltimore, MD",2017240N31279,UNNAMED,2017,455.2,-4,-3,40,1,21,17,10.45,22.55,70,1.2353,1.1874,0.9014,0.1549,0,0
"Baltimore, MD",2017260N12310,MARIA,2017,495.7,1,5,65,2,14,16.5,11.025,21.3,68,0.8485,-0.8214,0.2609,0.8116,0,0
"Baltimore, MD",2017277N11279,NATE,2017,369.7,-4,1,25,1,21,17,11.45,22,70,1.2353,1.2026,0.9014,0.1408,0,0
"Baltimore, MD",2018242N13343,FLORENCE,2018,212,-4,4,25,2,22.5,17,13,21,68,1.3235,2.0951,0.9855,0.058,0,0
"Baltimore, MD",2018280N18273,MICHAEL,2018,272.1,0,5,60,2,13,18.5,13,21.825,68,0.7027,-2.0051,0.087,0.9565,0,0
"Baltimore, MD",2019236N10314,DORIAN,2019,437.7,2,5,85,1,10,17,11,22,70,0.5882,-1.9523,0.0563,0.9859,0,0
"Baltimore, MD",2019291N22264,NESTOR,2019,238.9,-4,0,40,2,13,17,13.175,21.325,68,0.7647,-1.4987,0.0725,0.9565,0,0
"Baltimore, MD",2020138N28281,ARTHUR,2020,456.1,0,0,50,2,16,16.5,13.675,19.825,68,0.9697,-0.2705,0.4493,0.7101,0,0
"Baltimore, MD",2020148N32281,BERTHA,2020,346.6,-4,0,20,1,19,16,13,20,70,1.1875,1.2512,0.9296,0.169,0,0
"Baltimore, MD",2020188N28271,FAY,2020,189.4,0,0,50,3,15,16.1667,13.1667,19.3333,66,0.9278,-0.6185,0.2537,0.791,0,0
"Baltimore, MD",2020211N13306,ISAIAS,2020,53.1,0,1,60,1,11,16,12,20,70,0.6875,-1.7763,0.0423,0.9718,1,0
"Baltimore, MD",2020228N37286,KYLE,2020,375.8,0,0,38,1,18,16,12,20,70,1.125,0.7321,0.7887,0.2817,0,0
"Baltimore, MD",2020299N18277,ZETA,2020,158.8,-4,3,45,2,17.5,15.5,11.85,19,68,1.129,0.9174,0.8551,0.2319,0,0
"Baltimore, MD",2021169N23268,CLAUDETTE,2021,351.7,0,0,40,1,24,19,12.9,26,70,1.2632,1.256,0.8732,0.1549,0,0
"Baltimore, MD",2021182N09317,ELSA,2021,146.5,0,1,50,2,18.5,19.5,15.5,24.5,68,0.9487,-0.3322,0.4493,0.5942,0,0
"Baltimore, MD",2021222N14301,FRED,2021,241.7,-3,0,25,2,17,18.25,13.5,25.325,68,0.9315,-0.3939,0.2899,0.8116,0,0
"Baltimore, MD",2021227N36297,HENRI,2021,307.6,1,1,65,3,20,18.5,14.75,25,66,1.0811,0.5251,0.7612,0.2687,0,0
"Baltimore, MD",2021239N17281,IDA,2021,34,-4,4,40,2,17.5,18.75,15.5,23.5,68,0.9333,-0.4681,0.3768,0.6957,0,0
"Baltimore, MD",2023265N29284,OPHELIA,2023,61.1,0,0,50,2,20,19.5,16.5,23.825,68,1.0256,0.199,0.5797,0.4783,0,0
"Beaumont, TX",2015167N27266,BILL,2015,278.8,0,0,50,3,10,12.6667,9.4167,17.25,66,0.7895,-1.0616,0.1791,0.8955,0,0
"Beaumont, TX",2017171N24271,CINDY,2017,42.3,0,0,50,3,10.6667,14.3333,11.0833,20,66,0.7442,-1.4009,0.0448,0.9851,1,0
"Beaumont, TX",2017228N14314,HARVEY,2017,63.9,4,4,115,7,12.4286,15.5714,12.55,19.6143,58,0.7982,-1.6586,0.0678,0.9661,0,0
"Beaumont, TX",2017277N11279,NATE,2017,475.9,1,1,75,1,16,15,12,19,70,1.0667,0.3773,0.662,0.4507,0,0
"Beaumont, TX",2018246N22283,GORDON,2018,446.6,0,0,38,2,14,15.5,11.5,19,68,0.9032,-0.6496,0.3333,0.7536,0,0
"Beaumont, TX",2019192N29274,BARRY,2019,130.5,1,1,65,4,10.25,14.75,10.3625,18.9625,64,0.6949,-1.8336,0.0769,0.9538,0,0
"Beaumont, TX",2019261N28264,IMELDA,2019,102.5,0,0,40,3,13,12.3333,8.5,15.1667,66,1.0541,0.3264,0.6716,0.403,0,0
"Beaumont, TX",2019299N25265,OLGA,2019,317,0,0,45,2,9.5,11.75,7.675,15.5,68,0.8085,-0.888,0.2609,0.7971,0,0
"Beaumont, TX",2020154N19269,CRISTOBAL,2020,311.1,0,0,45,3,11,13.5,9.75,16.9167,66,0.8148,-1.1438,0.194,0.8657,0,0
"Beaumont, TX",2020205N26272,HANNA,2020,317.6,1,1,80,2,13,11.5,6,15.325,68,1.1304,0.5312,0.7536,0.3478,0,0
"Beaumont, TX",2020233N14313,LAURA,2020,85.6,4,4,130,2,6,13,9,15,68,0.4615,-3.4454,0.029,1,1,0
"Beaumont, TX",2020234N14280,MARCO,2020,207.1,0,1,35,1,6,13,9,15.55,70,0.4615,-2.8704,0.0282,1,1,0
"Beaumont, TX",2020261N21265,BETA,2020,17.1,0,0,55,6,11.8333,12,6,15.3583,60,0.9861,-0.0656,0.459,0.6066,0,0
"Beaumont, TX",2020279N16284,DELTA,2020,104,3,4,105,2,6,10.75,6,16,68,0.5581,-1.5907,0.1159,1,0,0
"Beaumont, TX",2020299N18277,ZETA,2020,354.9,3,3,100,2,13,10.75,8.5,16.325,68,1.2093,0.9001,0.7826,0.2609,0,0
"Beaumont, TX",2021169N23268,CLAUDETTE,2021,317.9,0,0,40,2,13,12,8.5,16.825,68,1.0833,0.3734,0.6377,0.4348,0,0
"Beaumont, TX",2021239N17281,IDA,2021,326,4,4,130,2,8,12.5,9,17,68,0.64,-1.7259,0.029,1,1,0
"Beaumont, TX",2021256N21265,NICHOLAS,2021,6.1,1,1,65,5,9.6,13,9.81,14.8,62,0.7385,-1.9623,0.0635,0.9683,0,0
"Beaumont, TX",2023234N25271,HAROLD,2023,424.3,0,0,50,1,18,14,11,19,70,1.2857,1.4189,0.9155,0.1408,0,0
"Corpus Christi, TX",2015167N27266,BILL,2015,89.7,0,0,50,2,15,17.5,14,21.5,68,0.8571,-1.1022,0.1304,0.8986,0,0
"Corpus Christi, TX",2017171N24271,CINDY,2017,404.9,0,0,48,2,14,18.75,15,22.825,68,0.7467,-1.8414,0.029,0.9855,1,0
"Corpus Christi, TX",2017228N14314,HARVEY,2017,57.3,4,4,115,7,1.2857,18.1429,15.6929,20.8429,58,0.0709,-10.6084,0.0169,1,1,0
"Corpus Christi, TX",2019246N24266,FERNAND,2019,365.4,0,0,45,2,16.5,16.5,10.85,20.325,68,1,0,0.5652,0.5652,0,0
"Corpus Christi, TX",2019261N28264,IMELDA,2019,185.5,0,0,40,3,16.3333,17.3333,12.8333,20,66,0.9423,-0.4354,0.3284,0.6866,0,0
"Corpus Christi, TX",2019299N25265,OLGA,2019,434.2,0,0,43,1,16,17,13,21,70,0.9412,-0.3968,0.4366,0.6761,0,0
"Corpus Christi, TX",2020205N26272,HANNA,2020,117.5,1,1,80,3,8,15,10.75,19.5833,66,0.5333,-2.6434,0.0149,1,1,0
"Corpus Christi, TX",2020233N14313,LAURA,2020,444.6,4,4,130,2,20,15,8.175,21.825,68,1.3333,1.1254,0.8986,0.1449,0,0
"Corpus Christi, TX",2020261N21265,BETA,2020,118.7,0,0,55,4,10.5,14.375,9.5375,19.0625,64,0.7304,-1.38,0.1385,0.8769,0,0
"Corpus Christi, TX",2020279N16284,DELTA,2020,366.2,3,4,105,1,9,14,8,21.1,70,0.6429,-1.1082,0.1972,0.9014,0,0
"Corpus Christi, TX",2021256N21265,NICHOLAS,2021,116.3,1,1,65,3,17.6667,19.6667,16,23.3333,66,0.8983,-0.8085,0.2388,0.791,0,0
"Corpus Christi, TX",2022232N20266,UNNAMED,2022,338,-3,-3,30,2,22,22,16.5,25.5,68,1,0,0.5507,0.5217,0,0
"Corpus Christi, TX",2023234N25271,HAROLD,2023,83,0,0,50,2,24.5,22.5,19,27.5,68,1.0889,0.7255,0.7536,0.2899,0,0
"Galveston, TX",2015167N27266,BILL,2015,176.2,0,0,50,2,12,10.25,7,13.65,68,1.1707,0.7867,0.8696,0.2319,0,0
"Galveston, TX",2017171N24271,CINDY,2017,123.1,0,0,50,3,7.3333,11,9,13.3333,66,0.6667,-2.7238,0.0149,1,1,0
"Galveston, TX",2017228N14314,HARVEY,2017,103,4,4,115,7,2,11.0714,9.8571,13.1643,58,0.1806,-8.7883,0.0169,1,1,0
"Galveston, TX",2019192N29274,BARRY,2019,236.4,1,1,65,4,9.5,11.25,8.7875,13.75,64,0.8444,-1.171,0.2,0.8615,0,0
"Galveston, TX",2019261N28264,IMELDA,2019,59.3,0,0,40,3,10.6667,10.1667,7.0833,14,66,1.0492,0.2213,0.6418,0.403,0,0
"Galveston, TX",2019299N25265,OLGA,2019,330.5,0,0,45,2,10,11,7.175,13.825,68,0.9091,-0.4688,0.3913,0.6667,0,0
"Galveston, TX",2020154N19269,CRISTOBAL,2020,415.9,0,0,45,2,10.5,10,6.5,13.825,68,1.05,0.2228,0.6087,0.4348,0,0
"Galveston, TX",2020205N26272,HANNA,2020,238.4,1,1,80,3,4.3333,10,5.8333,13.6667,66,0.4333,-2.2287,0.0597,0.9552,0,0
"Galveston, TX",2020233N14313,LAURA,2020,161.7,4,4,130,2,0.5,10.5,3.675,13.5,68,0.0476,-3.5024,0.0145,1,1,0
"Galveston, TX",2020234N14280,MARCO,2020,248.8,-1,1,30,1,5,10,4,14,70,0.5,-1.5707,0.1268,0.9296,0,0
"Galveston, TX",2020261N21265,BETA,2020,52.6,0,0,55,6,5.5,11.4167,6.125,15.3417,60,0.4818,-2.3624,0.0656,0.9508,0,0
"Galveston, TX",2020279N16284,DELTA,2020,136.4,3,4,105,2,8,11.75,2.675,16,68,0.6809,-0.993,0.1594,0.8696,0,0
"Galveston, TX",2020299N18277,ZETA,2020,391.9,3,3,100,2,11,11,5,14.5,68,1,0,0.5507,0.5217,0,0
"Galveston, TX",2021169N23268,CLAUDETTE,2021,367.1,0,0,40,2,16,12,9,17.65,68,1.3333,1.6278,0.913,0.1159,0,0
"Galveston, TX",2021239N17281,IDA,2021,413.5,4,4,130,2,10.5,13.25,9,17.15,68,0.7925,-0.9716,0.2609,0.8551,0,0
"Galveston, TX",2021256N21265,NICHOLAS,2021,39.8,1,1,65,5,12.2,13.5,9.2,15.79,62,0.9037,-0.5558,0.3333,0.6825,0,0
"Galveston, TX",2023234N25271,HAROLD,2023,311.1,0,0,50,1,13,12,7,17,70,1.0833,0.3027,0.7042,0.4225,0,0
"Houston Port Authority, TX",2015167N27266,BILL,2015,156.1,0,0,50,3,61,72.5,63,84.1667,66,0.8414,-1.6342,0.0597,0.9552,0,0
"Houston Port Authority, TX",2017171N24271,CINDY,2017,160.9,0,0,50,3,62.6667,73.6667,57.25,80.75,66,0.8507,-1.7129,0.1045,0.9104,0,0
"Houston Port Authority, TX",2017228N14314,HARVEY,2017,165.9,4,4,115,7,12.4286,76.4286,72.2643,85.8571,58,0.1626,-13.8409,0.0169,1,1,0
"Houston Port Authority, TX",2019192N29274,BARRY,2019,245.6,1,1,65,4,64.5,66.25,58.7875,73.9625,64,0.9736,-0.3768,0.4154,0.6308,0,0
"Houston Port Authority, TX",2019261N28264,IMELDA,2019,20.6,0,0,40,3,66.3333,64.6667,56.1667,70.3333,66,1.0258,0.3898,0.7015,0.3433,0,0
"Houston Port Authority, TX",2019299N25265,OLGA,2019,410,0,0,45,2,55.5,62.5,51.7,72.15,68,0.888,-1.1515,0.1304,0.8841,0,0
"Houston Port Authority, TX",2020154N19269,CRISTOBAL,2020,424.5,0,0,35,1,47,53,44,63,70,0.8868,-0.9862,0.2394,0.8451,0,0
"Houston Port Authority, TX",2020205N26272,HANNA,2020,306.8,1,1,80,3,50,53.8333,37.4167,61.0833,66,0.9288,-0.4255,0.2239,0.806,0,0
"Houston Port Authority, TX",2020233N14313,LAURA,2020,201.9,4,4,130,2,5,56.5,44.375,70.6,68,0.0885,-4.9231,0.0145,1,1,0
"Houston Port Authority, TX",2020234N14280,MARCO,2020,311,-3,1,25,1,32,56,38.6,68,70,0.5714,-2.1364,0.0563,0.9577,0,0
"Houston Port Authority, TX",2020261N21265,BETA,2020,41.7,0,0,55,6,34.5,55.75,35.65,62.8167,60,0.6188,-2.6213,0.0656,0.9508,0,0
"Houston Port Authority, TX",2020279N16284,DELTA,2020,202.4,3,4,105,2,52,55.5,21.2,70.25,68,0.9369,-0.26,0.3623,0.6957,0,0
"Houston Port Authority, TX",2020299N18277,ZETA,2020,466,3,3,100,1,47,54,35,69.65,70,0.8704,-0.5696,0.2535,0.7746,0,0
"Houston Port Authority, TX",2021169N23268,CLAUDETTE,2021,429.3,0,0,40,2,75,74.5,65.025,83,68,1.0067,0.0834,0.5507,0.4928,0,0
"Houston Port Authority, TX",2021239N17281,IDA,2021,448.8,4,4,125,2,70,81.75,70.35,91.15,68,0.8563,-1.8587,0.0725,0.9565,0,0
"Houston Port Authority, TX",2021256N21265,NICHOLAS,2021,43.9,1,1,65,5,77.4,80.7,74,86.57,62,0.9591,-0.8912,0.2063,0.8095,0,0
"Houston Port Authority, TX",2023234N25271,HAROLD,2023,354,0,0,50,1,67,78,67.45,88.55,70,0.859,-1.7732,0.0704,0.9577,0,0
"Jacksonville, FL",2015126N27281,ANA,2015,372,0,0,50,5,12.6,12.4,8.83,14.8,62,1.0161,0.1181,0.5714,0.4921,0,0
"Jacksonville, FL",2016148N27288,BONNIE,2016,228.4,0,0,40,4,12.5,12.375,9.075,16.2125,64,1.0101,0.0542,0.5538,0.5077,0,0
"Jacksonville, FL",2016158N22272,COLIN,2016,58.3,0,0,45,2,11,12.5,8.5,16.65,68,0.88,-0.5703,0.3623,0.7391,0,0
"Jacksonville, FL",2016242N24279,HERMINE,2016,160.6,1,1,70,3,8.6667,12.3333,6.4167,15,66,0.7027,-1.3773,0.1045,0.9254,0,0
"Jacksonville, FL",2016257N27280,JULIA,2016,18.5,0,0,45,7,12,12.2857,6.6286,14.1643,58,0.9767,-0.1325,0.4407,0.6102,0,0
"Jacksonville, FL",2016273N13300,MATTHEW,2016,93.5,4,5,115,2,3,12,8.675,15,68,0.25,-4.0765,0.0145,1,1,0
"Jacksonville, FL",2017212N28275,EMILY,2017,277.2,0,0,50,4,9.75,10.25,5.7625,13.9875,62,0.9512,-0.1956,0.3968,0.6667,0,0
"Jacksonville, FL",2017240N31279,UNNAMED,2017,100.5,-3,-3,35,3,9,11,5.4167,15.5833,66,0.8182,-0.6134,0.2687,0.7761,0,0
"Jacksonville, FL",2017242N16333,IRMA,2017,129.4,3,5,100,3,2,10,6,13.5,66,0.2,-3.4163,0.0149,1,1,0
"Jacksonville, FL",2018146N19273,ALBERTO,2018,412.3,0,0,55,3,11.6667,11.3333,7.3333,14,66,1.0294,0.1431,0.5821,0.4776,0,0
"Jacksonville, FL",2018242N13343,FLORENCE,2018,363.1,0,4,63,3,11.6667,12.8333,10.4167,16.25,66,0.9091,-0.64,0.3433,0.7463,0,0
"Jacksonville, FL",2018246N22283,GORDON,2018,445.3,0,0,55,2,12,13.25,9.675,17,68,0.9057,-0.5217,0.4058,0.6667,0,0
"Jacksonville, FL",2018280N18273,MICHAEL,2018,289.4,5,5,140,2,14,12,7.675,17.325,68,1.1667,0.7686,0.8116,0.2174,0,0
"Jacksonville, FL",2019204N25283,UNNAMED,2019,251.3,-1,-1,30,1,11,10,2.9,13.55,70,1.1,0.3097,0.7183,0.4507,0,0
"Jacksonville, FL",2019236N10314,DORIAN,2019,188.2,4,5,120,5,3.4,10.6,5.43,12.97,62,0.3208,-3.2445,0.0159,1,1,0
"Jacksonville, FL",2019256N23286,HUMBERTO,2019,370.3,1,3,75,2,10,9,2.85,12.825,68,1.1111,0.3275,0.6957,0.4203,0,0
"Jacksonville, FL",2019291N22264,NESTOR,2019,239.1,-4,0,40,2,6.5,10.5,6.5,15,68,0.619,-1.3958,0.1304,0.9565,0,0
"Jacksonville, FL",2020138N28281,ARTHUR,2020,384.3,0,0,40,3,6.6667,8,5,11,66,0.8333,-0.7262,0.3284,0.7612,0,0
"Jacksonville, FL",2020148N32281,BERTHA,2020,302,0,0,45,1,10,7,4,11.55,70,1.4286,1.2646,0.9014,0.1831,0,0
"Jacksonville, FL",2020188N28271,FAY,2020,308.7,-3,0,30,3,7,8,4.75,10.9167,66,0.875,-0.4572,0.403,0.6567,0,0
"Jacksonville, FL",2020211N13306,ISAIAS,2020,161.7,1,1,80,3,3.6667,7.5,5.6667,10.3333,66,0.4889,-2.448,0.0149,1,1,0
"Jacksonville, FL",2020244N30279,OMAR,2020,93.5,-1,0,30,2,5.5,8.5,4.675,11.65,68,0.6471,-1.2897,0.1594,0.9275,0,0
"Jacksonville, FL",2020256N25281,SALLY,2020,377,0,2,50,6,8.3333,8.1667,6.3333,10.2167,60,1.0204,0.1283,0.5902,0.4918,0,0
"Jacksonville, FL",2020306N15288,ETA,2020,23.3,0,4,63,3,6.3333,9.6667,6.4167,14.25,66,0.6552,-1.3421,0.0746,0.9701,0,0
"Jacksonville, FL",2021165N32282,BILL,2021,380.9,-3,0,20,2,9.5,11,7.85,14.825,68,0.8636,-0.6556,0.3188,0.7681,0,0
"Jacksonville, FL",2021169N23268,CLAUDETTE,2021,408.2,0,0,35,2,9,11,7.85,14.325,68,0.8182,-0.9401,0.2609,0.8841,0,0
"Jacksonville, FL",2021179N30287,DANNY,2021,244.5,0,0,40,2,11,11,8.175,14.325,68,1,0,0.6087,0.5217,0,0
"Jacksonville, FL",2021182N09317,ELSA,2021,151.3,1,1,65,3,9.3333,11,9.0833,14.25,66,0.8485,-0.9873,0.194,0.9403,0,0
"Jacksonville, FL",2021222N14301,FRED,2021,359.5,0,0,55,2,9,10.5,7.5,14.825,68,0.8571,-0.6559,0.2464,0.8406,0,0
"Jacksonville, FL",2021252N28273,MINDY,2021,96.9,0,0,50,2,13,11,8,15.5,68,1.1818,0.7823,0.7391,0.3043,0,0
"Jacksonville, FL",2022154N21273,ALEX,2022,364.4,0,0,45,2,15,12.5,8,17,68,1.2,0.9512,0.8986,0.1739,0,0
"Jacksonville, FL",2022183N32280,COLIN,2022,196.7,0,0,35,2,13.5,13,9.675,17,68,1.0385,0.2167,0.5942,0.4928,0,0
"Jacksonville, FL",2022266N12294,IAN,2022,219.8,5,5,140,3,2.6667,13.3333,10.4167,16.9167,66,0.2,-4.774,0.0149,1,1,0
"Jacksonville, FL",2022311N21293,NICOLE,2022,180.8,1,1,65,2,11,13,7.675,16.825,68,0.8462,-0.6215,0.2754,0.8116,0,0
"Jacksonville, FL",2023239N21274,IDALIA,2023,125.7,4,4,115,2,8.5,13.25,9.5,17.825,68,0.6415,-1.7133,0.0435,0.9855,1,0
"Lake Charles Harbor District, LA",2015167N27266,BILL,2015,319.1,0,0,50,2,6.5,8.5,5.675,11.325,68,0.7647,-1.1393,0.1304,0.913,0,0
"Lake Charles Harbor District, LA",2017171N24271,CINDY,2017,41.1,0,0,50,3,7.3333,8.5,6.6667,11.6667,66,0.8627,-0.6411,0.2836,0.791,0,0
"Lake Charles Harbor District, LA",2017228N14314,HARVEY,2017,19.2,4,4,115,7,5.4286,10,7.2643,12.9214,58,0.5429,-2.5669,0.0169,1,1,0
"Lake Charles Harbor District, LA",2017277N11279,NATE,2017,395.8,1,1,78,2,10.5,12.5,5.525,16,68,0.84,-0.6623,0.2319,0.8116,0,0
"Lake Charles Harbor District, LA",2018246N22283,GORDON,2018,395.4,0,0,60,2,12.5,10.5,7.175,13.5,68,1.1905,0.9722,0.8696,0.2319,0,0
"Lake Charles Harbor District, LA",2019192N29274,BARRY,2019,70.5,1,1,65,5,8,9.5,7.2,11.99,62,0.8421,-0.9345,0.2698,0.7937,0,0
"Lake Charles Harbor District, LA",2019261N28264,IMELDA,2019,178.4,0,0,40,3,6.6667,8.6667,6.3333,11.3333,66,0.7692,-1.1576,0.1642,0.9254,0,0
"Lake Charles Harbor District, LA",2019299N25265,OLGA,2019,240.3,0,0,45,2,10,8,4.175,11,68,1.25,0.9532,0.8986,0.2029,0,0
"Lake Charles Harbor District, LA",2020154N19269,CRISTOBAL,2020,247.5,0,0,45,3,5.3333,5.3333,2.4167,8,66,1,0,0.5672,0.5373,0,0
"Lake Charles Harbor District, LA",2020205N26272,HANNA,2020,304.8,1,1,80,3,5.6667,5.6667,0,8.9167,66,1,0,0.5224,0.5224,0,0
"Lake Charles Harbor District, LA",2020233N14313,LAURA,2020,15.7,4,4,130,2,0,2.5,0,8.825,68,0,-0.8095,0.1014,1,0,0
"Lake Charles Harbor District, LA",2020234N14280,MARCO,2020,135,0,1,40,2,4.5,2.75,0.175,8.825,68,1.6364,0.5718,0.6232,0.3913,0,0
"Lake Charles Harbor District, LA",2020261N21265,BETA,2020,62,0,0,55,6,0.1667,3.8333,0,7.3333,60,0.0435,-1.425,0.1148,0.9016,0,0
"Lake Charles Harbor District, LA",2020279N16284,DELTA,2020,25.4,3,4,105,2,0,2.25,0,7.825,68,0,-0.8052,0.1739,1,0,0
"Lake Charles Harbor District, LA",2020299N18277,ZETA,2020,274.4,3,3,100,2,5.5,3,0,9.325,68,1.8333,0.7077,0.5797,0.4638,0,0
"Lake Charles Harbor District, LA",2021169N23268,CLAUDETTE,2021,237.8,0,0,40,2,9,9,6.5,12.825,68,1,0,0.5217,0.5362,0,0
"Lake Charles Harbor District, LA",2021239N17281,IDA,2021,251.6,4,4,130,3,7.3333,9.6667,7.3333,13.5,66,0.7586,-1.2677,0.0896,0.9701,0,0
"Lake Charles Harbor District, LA",2021256N21265,NICHOLAS,2021,44,1,1,65,5,10.2,8.8,6.2,11.99,62,1.1591,0.8295,0.7937,0.2222,0,0
"Lake Charles Harbor District, LA",2023234N25271,HAROLD,2023,449.6,0,0,50,1,9,10,6.45,13,70,0.9,-0.4594,0.4366,0.7887,0,0
"Mobile, AL",2016158N22272,COLIN,2016,341,0,0,45,2,15,12.75,8.175,18.325,68,1.1765,0.766,0.7391,0.2899,0,0
"Mobile, AL",2016242N24279,HERMINE,2016,368.4,1,1,70,2,11,13,8.85,17.15,68,0.8462,-0.8778,0.2319,0.8551,0,0
"Mobile, AL",2017212N28275,EMILY,2017,363.1,0,0,38,2,12,12.5,9.125,15.5,66,0.96,-0.2407,0.4925,0.5672,0,0
"Mobile, AL",2017228N14314,HARVEY,2017,397.1,0,4,38,3,13,13,9.3333,17.5833,66,1,0,0.5522,0.5672,0,0
"Mobile, AL",2017242N16333,IRMA,2017,338.4,0,5,48,2,9.5,12.5,8.85,17.15,68,0.76,-1.0221,0.1304,0.942,0,0
"Mobile, AL",2017277N11279,NATE,2017,70.4,1,1,80,2,4,12.5,9.5,16.825,68,0.32,-3.421,0.0145,1,1,0
"Mobile, AL",2018146N19273,ALBERTO,2018,190,0,0,55,3,7.3333,11.3333,6.75,14.3333,66,0.6471,-1.6536,0.1343,0.9104,0,0
"Mobile, AL",2018246N22283,GORDON,2018,48.4,0,0,60,3,6,11,7.6667,13.3333,66,0.5455,-2.7524,0.0149,1,1,0
"Mobile, AL",2018280N18273,MICHAEL,2018,254.1,5,5,140,2,12,10.5,6.5,16.15,68,1.1429,0.5264,0.6957,0.3333,0,0
"Mobile, AL",2019192N29274,BARRY,2019,286.4,1,1,65,5,10.8,9.6,7.42,13.6,62,1.125,0.6524,0.7143,0.3016,0,0
"Mobile, AL",2019291N22264,NESTOR,2019,223.5,0,0,50,3,14,9,7,13.1667,66,1.5556,2.5153,0.9701,0.0597,0,0
"Mobile, AL",2019299N25265,OLGA,2019,214,-4,0,45,1,11,9,6,13,70,1.2222,0.8511,0.7887,0.338,0,0
"Mobile, AL",2020154N19269,CRISTOBAL,2020,197.9,0,0,45,2,6,7,4.675,11,68,0.8571,-0.4637,0.3623,0.7971,0,0
"Mobile, AL",2020188N28271,FAY,2020,267.5,-3,0,30,3,7.6667,7.1667,4.1667,10.5833,66,1.0698,0.2516,0.6716,0.4627,0,0
"Mobile, AL",2020233N14313,LAURA,2020,497.3,2,4,85,1,8,8,3,13,70,1,0,0.6338,0.5352,0,0
"Mobile, AL",2020234N14280,MARCO,2020,211.1,0,1,55,2,6,8,3.5,12.5,68,0.75,-0.6904,0.3333,0.7536,0,0
"Mobile, AL",2020256N25281,SALLY,2020,51.5,2,2,95,5,2.6,7.8,6,11.39,62,0.3333,-3.1042,0.0159,1,1,0
"Mobile, AL",2020261N21265,BETA,2020,276,-4,0,25,3,10.6667,8.3333,5.6667,11.3333,66,1.28,1.2503,0.8955,0.1493,0,0
"Mobile, AL",2020279N16284,DELTA,2020,369.7,2,4,85,3,9.6667,9.3333,3.9167,12.25,66,1.0357,0.1272,0.6119,0.4627,0,0
"Mobile, AL",2020299N18277,ZETA,2020,111.5,3,3,100,2,5,10.5,4.025,14.5,68,0.4762,-1.6812,0.087,0.942,0,0
"Mobile, AL",2021169N23268,CLAUDETTE,2021,114,0,0,40,3,18.3333,12.6667,8.75,17.6667,66,1.4474,1.9314,0.9701,0.0597,0,0
"Mobile, AL",2021182N09317,ELSA,2021,449.9,0,1,55,1,15,13,9,21,70,1.1538,0.569,0.7887,0.338,0,0
"Mobile, AL",2021222N14301,FRED,2021,258.5,0,0,55,2,12.5,14,7.85,18.825,68,0.8929,-0.4313,0.3768,0.7101,0,0
"Mobile, AL",2021239N17281,IDA,2021,254.5,4,4,130,3,4.6667,13.5,10.8333,18.3333,66,0.3457,-3.6881,0.0149,1,1,0
"Mobile, AL",2021252N28273,MINDY,2021,267.6,0,0,50,2,10,12.5,9.675,17.3,68,0.8,-1.1504,0.1014,0.942,0,0
"Mobile, AL",2021256N21265,NICHOLAS,2021,360.8,-1,1,25,3,14.3333,12.3333,8.4167,14.9167,66,1.1622,0.9458,0.8955,0.1791,0,0
"Mobile, AL",2022311N21293,NICOLE,2022,339.1,0,1,38,2,17.5,15.25,11.675,19.975,68,1.1475,0.7502,0.8261,0.2609,0,0
"Mobile, AL",2023152N26274,ARLENE,2023,334.7,0,0,35,2,9,13.5,10.35,16.5,68,0.6667,-2.4485,0.0145,1,1,0
"Mobile, AL",2023239N21274,IDALIA,2023,423.3,4,4,115,1,12,14,10,18.55,70,0.8571,-0.7786,0.2817,0.8451,0,0
"New Orleans, LA",2016158N22272,COLIN,2016,438.2,0,0,45,1,37,37,30.45,45.55,70,1,0,0.5493,0.5634,0,0
"New Orleans, LA",2016242N24279,HERMINE,2016,498.2,0,1,63,1,27,40,33,46,70,0.675,-3.2801,0.0141,1,1,0
"New Orleans, LA",2017171N24271,CINDY,2017,354.3,0,0,50,4,41,44.25,38.0375,47.25,64,0.9266,-1.2415,0.2,0.8462,0,0
"New Orleans, LA",2017212N28275,EMILY,2017,484,-1,0,30,1,44,41,31.7,49.65,68,1.0732,0.5436,0.7101,0.3333,0,0
"New Orleans, LA",2017228N14314,HARVEY,2017,283.3,0,4,45,4,34.75,41,33.4375,47.175,64,0.8476,-1.4373,0.0923,0.9231,0,0
"New Orleans, LA",2017277N11279,NATE,2017,80.1,1,1,80,2,29.5,36,29.5,43.325,68,0.8194,-1.4285,0.1014,0.9565,0,0
"New Orleans, LA",2018146N19273,ALBERTO,2018,384,0,0,55,2,33.5,38.25,27.85,49.5,68,0.8758,-0.6799,0.3913,0.6522,0,0
"New Orleans, LA",2018246N22283,GORDON,2018,141.5,0,0,60,3,37.6667,31,25.25,38.3333,66,1.2151,1.6399,0.8955,0.1194,0,0
"New Orleans, LA",2018280N18273,MICHAEL,2018,377.9,5,5,140,1,29,34,26.45,42,70,0.8529,-0.9902,0.2113,0.8592,0,0
"New Orleans, LA",2019192N29274,BARRY,2019,193.6,1,1,65,6,26.5,35.1667,29.825,37.5083,60,0.7536,-3.5638,0.0164,1,1,0
"New Orleans, LA",2019261N28264,IMELDA,2019,472.7,-1,0,30,2,38,29,24.5,38.475,68,1.3103,1.9815,0.942,0.0725,0,0
"New Orleans, LA",2019291N22264,NESTOR,2019,320.3,0,0,50,2,31,28.5,21.675,34.65,68,1.0877,0.6497,0.7681,0.3043,0,0
"New Orleans, LA",2019299N25265,OLGA,2019,57.1,-4,0,45,1,25,28,21,34.55,70,0.8929,-0.7045,0.3099,0.7465,0,0
"New Orleans, LA",2020154N19269,CRISTOBAL,2020,31,0,0,45,2,23.5,30.75,24.175,36,68,0.7642,-2.0803,0.058,0.971,0,0
"New Orleans, LA",2020188N28271,FAY,2020,287.9,-3,0,30,2,30,28,20.5,36.325,68,1.0714,0.3868,0.6667,0.3768,0,0
"New Orleans, LA",2020205N26272,HANNA,2020,422,0,1,50,2,23,29.25,17.175,36.325,68,0.7863,-1.0602,0.2319,0.8116,0,0
"New Orleans, LA",2020233N14313,LAURA,2020,318.3,4,4,130,2,20,25.5,18.175,33.475,68,0.7843,-1.2182,0.1159,0.913,0,0
"New Orleans, LA",2020234N14280,MARCO,2020,140.7,0,1,55,2,14,25.5,18.175,33.475,68,0.549,-2.5637,0.0145,1,1,0
"New Orleans, LA",2020256N25281,SALLY,2020,194.7,2,2,95,5,18.8,24,18.21,28.8,62,0.7833,-1.5201,0.0952,0.9206,0,0
"New Orleans, LA",2020261N21265,BETA,2020,220.7,0,0,55,7,25.2857,23.9286,19.1214,28.9,58,1.0567,0.4555,0.661,0.3559,0,0
"New Orleans, LA",2020279N16284,DELTA,2020,252.4,3,4,100,3,26.3333,24,18.1667,30.6667,66,1.0972,0.6357,0.7612,0.2687,0,0
"New Orleans, LA",2020299N18277,ZETA,2020,18.7,3,3,100,2,18,25.5,18,30.475,68,0.7059,-1.835,0.1014,0.9565,0,0
"New Orleans, LA",2021169N23268,CLAUDETTE,2021,37.7,0,0,40,3,26,34.3333,28.6667,41.8333,66,0.7573,-1.9043,0.0149,1,1,0
"New Orleans, LA",2021222N14301,FRED,2021,443.6,0,0,55,2,31,37.25,19.2,50.325,68,0.8322,-0.7058,0.2174,0.7971,0,0
"New Orleans, LA",2021239N17281,IDA,2021,59.5,4,4,130,3,16,41.3333,33,50.1667,66,0.3871,-4.6838,0.0149,1,1,0
"New Orleans, LA",2021252N28273,MINDY,2021,362.2,0,0,50,2,36.5,41.25,31,50.5,68,0.8848,-0.8372,0.2174,0.8116,0,0
"New Orleans, LA",2021256N21265,NICHOLAS,2021,165.6,0,1,35,4,44.25,40.5,19.6625,46.25,64,1.0926,0.5008,0.8154,0.2,0,0
"New Orleans, LA",2023152N26274,ARLENE,2023,411.1,0,0,35,2,34.5,29,25.175,37.325,68,1.1897,1.4643,0.9275,0.1014,0,0
"New York, NY & NJ",2015126N27281,ANA,2015,175.3,-1,0,30,2,32.5,37.5,29.175,45.325,68,0.8667,-0.9444,0.2319,0.7971,0,0
"New York, NY & NJ",2016158N22272,COLIN,2016,459,-4,0,50,2,44,38.5,27.675,49.65,68,1.1429,0.8198,0.7391,0.3043,0,0
"New York, NY & NJ",2016240N31295,UNNAMED,2016,498.8,-1,-1,30,1,39,41,30,49.1,70,0.9512,-0.3301,0.4507,0.5775,0,0
"New York, NY & NJ",2016242N24279,HERMINE,2016,199.2,-4,1,55,4,31.75,40.75,34.0375,45.75,64,0.7791,-2.416,0.0154,1,1,0
"New York, NY & NJ",2017171N24271,CINDY,2017,430.9,-3,0,25,1,25,37,26.35,47,70,0.6757,-1.7663,0.0704,0.9577,0,0
"New York, NY & NJ",2017247N09327,JOSE,2017,396.5,0,4,60,7,37.1429,34.4286,30.3643,39.0429,58,1.0788,0.9874,0.8475,0.1695,0,0
"New York, NY & NJ",2017260N12310,MARIA,2017,483.3,1,5,65,1,42,34.5,25.9,47.65,70,1.2174,1.1005,0.8169,0.2113,0,0
"New York, NY & NJ",2017277N11279,NATE,2017,325.7,-4,1,25,2,33,35.25,27.675,46.3,68,0.9362,-0.38,0.3333,0.7391,0,0
"New York, NY & NJ",2018242N13343,FLORENCE,2018,155.5,-4,4,25,1,37,37,28,45.55,70,1,0,0.5634,0.5352,0,0
"New York, NY & NJ",2018280N18273,MICHAEL,2018,305.5,-4,5,60,1,37,34,28,44.1,70,1.0882,0.5449,0.7042,0.3803,0,0
"New York, NY & NJ",2019236N10314,DORIAN,2019,441.4,2,5,85,2,25,32,25.175,40.825,68,0.7812,-1.3812,0.0725,0.971,0,0
"New York, NY & NJ",2019239N32287,ERIN,2019,494.6,-4,0,35,1,37,35,25,43.55,70,1.0571,0.3299,0.662,0.3662,0,0
"New York, NY & NJ",2019282N35286,MELISSA,2019,458.4,-2,0,55,2,26.5,31.5,23.5,37.325,68,0.8413,-1.1483,0.2029,0.8406,0,0
"New York, NY & NJ",2019291N22264,NESTOR,2019,358.5,-4,0,40,2,28,31.5,23.5,36.825,68,0.8889,-0.855,0.3188,0.7391,0,0
"New York, NY & NJ",2020138N28281,ARTHUR,2020,490.5,0,0,50,1,31,27,20.45,35,70,1.1481,0.8925,0.8028,0.2676,0,0
"New York, NY & NJ",2020188N28271,FAY,2020,24.7,0,0,50,2,28.5,30.75,23.675,36.825,68,0.9268,-0.5425,0.3623,0.6667,0,0
"New York, NY & NJ",2020211N13306,ISAIAS,2020,92.2,0,1,60,2,28,30.5,24.675,38.15,68,0.918,-0.5992,0.2464,0.8261,0,0
"New York, NY & NJ",2020228N37286,KYLE,2020,385.5,0,0,45,2,36,30.25,23.85,38.475,68,1.1901,1.4074,0.913,0.1159,0,0
"New York, NY & NJ",2020299N18277,ZETA,2020,237.6,-4,3,45,2,33.5,32,24.85,41.475,68,1.0469,0.3102,0.6232,0.4348,0,0
"New York, NY & NJ",2021169N23268,CLAUDETTE,2021,373.3,0,0,40,2,33.5,38.25,28,50.475,68,0.8758,-0.7307,0.2464,0.8116,0,0
"New York, NY & NJ",2021182N09317,ELSA,2021,90.9,0,1,50,1,39,39,28,50,70,1,0,0.5211,0.5493,0,0
"New York, NY & NJ",2021222N14301,FRED,2021,208.4,-3,0,25,3,38,38,29.4167,49.4167,66,1,0,0.5224,0.5224,0,0
"New York, NY & NJ",2021227N36297,HENRI,2021,88.7,1,1,65,3,44,38,29.4167,49.4167,66,1.1579,1.0205,0.8507,0.194,0,0
"New York, NY & NJ",2021239N17281,IDA,2021,57.8,-4,4,40,2,43.5,39.25,29.05,49.475,68,1.1083,0.674,0.7826,0.2609,0,0
"New York, NY & NJ",2021259N30286,ODETTE,2021,479.6,0,0,40,1,35,41,24.45,52,70,0.8537,-0.6353,0.2817,0.7324,0,0
"New York, NY & NJ",2021299N33284,WANDA,2021,340,-4,0,60,1,41,41,26.35,52.55,70,1,0,0.5352,0.5493,0,0
"New York, NY & NJ",2023265N29284,OPHELIA,2023,316.4,-4,0,25,1,42,42,35.45,54,70,1,0,0.5211,0.5634,0,0
"Philadelphia Regional Port, PA",2015126N27281,ANA,2015,164.9,-1,0,30,2,10,14,9.5,19.15,68,0.7143,-1.331,0.1159,0.9275,0,0
"Philadelphia Regional Port, PA",2016148N27288,BONNIE,2016,496,-1,0,33,1,11,13,9,17.55,70,0.8462,-0.7272,0.2958,0.831,0,0
"Philadelphia Regional Port, PA",2016158N22272,COLIN,2016,431.1,-4,0,50,2,15.5,13,10.5,18.325,68,1.1923,1.0164,0.8116,0.2609,0,0
"Philadelphia Regional Port, PA",2016240N31295,UNNAMED,2016,490.2,-1,-1,30,2,9,13.75,10,18.325,68,0.6545,-1.8098,0.058,0.9565,0,0
"Philadelphia Regional Port, PA",2016242N24279,HERMINE,2016,234.8,-4,1,60,6,11.1667,12.8333,10.5,15.1667,60,0.8701,-1.0648,0.1639,0.8852,0,0
"Philadelphia Regional Port, PA",2017171N24271,CINDY,2017,324.9,-3,0,25,1,8,12,8,16,70,0.6667,-1.5024,0.0845,0.9718,0,0
"Philadelphia Regional Port, PA",2017247N09327,JOSE,2017,423.1,0,4,60,5,11.6,12,10.01,15.38,62,0.9667,-0.2223,0.4444,0.5873,0,0
"Philadelphia Regional Port, PA",2017260N12310,MARIA,2017,454.7,1,5,65,2,15.5,12,8.175,16.5,68,1.2917,1.3054,0.913,0.1594,0,0
"Philadelphia Regional Port, PA",2017277N11279,NATE,2017,356.4,-4,1,25,1,16,12,7.45,17,70,1.3333,1.3649,0.9296,0.1268,0,0
"Philadelphia Regional Port, PA",2018242N13343,FLORENCE,2018,205.5,-4,4,25,1,12,11,8,18,70,1.0909,0.3342,0.662,0.4507,0,0
"Philadelphia Regional Port, PA",2018280N18273,MICHAEL,2018,282.8,-4,5,60,1,11,12,7.45,18.55,70,0.9167,-0.2995,0.4366,0.7324,0,0
"Philadelphia Regional Port, PA",2019236N10314,DORIAN,2019,421.8,2,5,85,2,7.5,10,4.675,15.825,68,0.75,-0.7691,0.2899,0.8116,0,0
"Philadelphia Regional Port, PA",2019282N35286,MELISSA,2019,494.5,-4,0,43,1,8,9,5,14.55,70,0.8889,-0.3216,0.4085,0.7324,0,0
"Philadelphia Regional Port, PA",2019291N22264,NESTOR,2019,286.2,-4,0,40,2,11,9,5.675,14.825,68,1.2222,0.7178,0.7391,0.3333,0,0
"Philadelphia Regional Port, PA",2020138N28281,ARTHUR,2020,458.9,0,0,50,2,10,9,5.175,13.825,68,1.1111,0.3637,0.6232,0.4203,0,0
"Philadelphia Regional Port, PA",2020148N32281,BERTHA,2020,476.1,-4,0,20,1,6,9,4.45,14,70,0.6667,-1.0729,0.1549,0.9014,0,0
"Philadelphia Regional Port, PA",2020188N28271,FAY,2020,63.3,0,0,50,3,7.6667,7.6667,5,13.1667,66,1,0,0.5373,0.5522,0,0
"Philadelphia Regional Port, PA",2020211N13306,ISAIAS,2020,95.7,0,1,60,2,5.5,7.5,4.675,10.5,68,0.7333,-1.0158,0.1739,0.8841,0,0
"Philadelphia Regional Port, PA",2020228N37286,KYLE,2020,360.8,0,0,43,2,6.5,7,4.675,10.5,68,0.9286,-0.2683,0.3623,0.7536,0,0
"Philadelphia Regional Port, PA",2020299N18277,ZETA,2020,149.2,-4,3,45,2,7,8,5,12,68,0.875,-0.4635,0.3768,0.7246,0,0
"Philadelphia Regional Port, PA",2021169N23268,CLAUDETTE,2021,362.6,0,0,40,2,14.5,12.5,7.675,17.15,68,1.16,0.6662,0.7391,0.2754,0,0
"Philadelphia Regional Port, PA",2021182N09317,ELSA,2021,94,0,1,50,1,10,14,7,17,70,0.7143,-1.2815,0.2254,0.8592,0,0
"Philadelphia Regional Port, PA",2021222N14301,FRED,2021,250.4,-3,0,25,3,10.6667,11,8,14.6667,66,0.9697,-0.1451,0.4776,0.6269,0,0
"Philadelphia Regional Port, PA",2021227N36297,HENRI,2021,179.5,1,1,65,3,11.3333,11,8.0833,14.6667,66,1.0303,0.1528,0.6269,0.4627,0,0
"Philadelphia Regional Port, PA",2021239N17281,IDA,2021,56.7,-4,4,40,2,13.5,11.5,8.175,15.325,68,1.1739,0.9006,0.8406,0.2029,0,0
"Philadelphia Regional Port, PA",2021259N30286,ODETTE,2021,478.3,0,0,40,2,11.5,10.5,5.375,15.5,68,1.0952,0.3466,0.6377,0.4638,0,0
"Philadelphia Regional Port, PA",2021299N33284,WANDA,2021,419.1,-4,0,60,1,15,11,6,16,70,1.3636,1.2658,0.9014,0.2254,0,0
"Philadelphia Regional Port, PA",2023265N29284,OPHELIA,2023,205.7,0,0,40,2,11.5,12.25,7.175,17.825,68,0.9388,-0.2195,0.4928,0.5942,0,0
"Plaquemines Port District, LA",2016158N22272,COLIN,2016,349.9,0,0,45,1,63,55,45,74,70,1.1455,0.8532,0.7465,0.2958,0,0
"Plaquemines Port District, LA",2016242N24279,HERMINE,2016,413.9,1,1,70,3,62.6667,67,59.6667,75.9167,66,0.9353,-0.8687,0.2388,0.806,0,0
"Plaquemines Port District, LA",2017171N24271,CINDY,2017,347,0,0,50,3,50,65,58.1667,72.5833,66,0.7692,-3.2988,0.0149,1,1,0
"Plaquemines Port District, LA",2017212N28275,EMILY,2017,412.1,-1,0,33,1,75,63,47.4,75,68,1.1905,1.209,0.9565,0.087,0,0
"Plaquemines Port District, LA",2017228N14314,HARVEY,2017,367.4,0,4,45,3,63,71.8333,56.5,91.5833,66,0.877,-0.795,0.209,0.806,0,0
"Plaquemines Port District, LA",2017277N11279,NATE,2017,41.6,1,1,80,2,42,71.25,56.225,85,68,0.5895,-3.2211,0.0145,1,1,0
"Plaquemines Port District, LA",2018146N19273,ALBERTO,2018,344.5,0,0,55,3,53,63.5,49.0833,85.5,66,0.8346,-0.9604,0.1642,0.8657,0,0
"Plaquemines Port District, LA",2018246N22283,GORDON,2018,147.6,0,0,60,3,56.3333,59.5,48.6667,72.4167,66,0.9468,-0.4246,0.3134,0.7015,0,0
"Plaquemines Port District, LA",2018280N18273,MICHAEL,2018,310.2,5,5,140,2,58.5,61.75,51.5,70,68,0.9474,-0.5108,0.4203,0.5942,0,0
"Plaquemines Port District, LA",2019192N29274,BARRY,2019,158.7,1,1,65,5,51.4,70.7,59.63,76.19,62,0.727,-3.8642,0.0159,1,1,0
"Plaquemines Port District, LA",2019291N22264,NESTOR,2019,235.8,0,0,50,2,46.5,51.5,42.175,58,68,0.9029,-0.9791,0.2754,0.7536,0,0
"Plaquemines Port District, LA",2019299N25265,OLGA,2019,128,0,0,45,2,48,51.5,42,57.825,68,0.932,-0.6618,0.3188,0.6957,0,0
"Plaquemines Port District, LA",2020154N19269,CRISTOBAL,2020,32.1,0,0,45,3,31.3333,48,39,58.9167,66,0.6528,-2.9925,0.0149,1,1,0
"Plaquemines Port District, LA",2020188N28271,FAY,2020,198.5,-3,0,30,2,45.5,45.5,35.375,51.325,68,1,0,0.5942,0.5217,0,0
"Plaquemines Port District, LA",2020205N26272,HANNA,2020,384,0,1,50,2,34.5,47.5,41.675,62.65,68,0.7263,-1.8207,0.058,0.971,0,0
"Plaquemines Port District, LA",2020233N14313,LAURA,2020,356,4,4,130,2,52,44.5,31.875,58.15,68,1.1685,0.8142,0.7246,0.2899,0,0
"Plaquemines Port District, LA",2020234N14280,MARCO,2020,56.4,1,1,65,3,31.3333,44.3333,32.5,59.1667,66,0.7068,-1.5269,0.0597,0.9701,0,0
"Plaquemines Port District, LA",2020256N25281,SALLY,2020,134.3,2,2,95,5,37.6,46.2,37.03,59.39,62,0.8139,-1.3438,0.0952,0.9365,0,0
"Plaquemines Port District, LA",2020261N21265,BETA,2020,307.8,0,0,55,6,57.6667,47.25,38.2583,60.925,60,1.2205,1.51,0.8525,0.1639,0,0
"Plaquemines Port District, LA",2020279N16284,DELTA,2020,330.4,3,4,100,2,36,55.75,32.85,63.825,68,0.6457,-2.0557,0.087,0.9275,0,0
"Plaquemines Port District, LA",2020299N18277,ZETA,2020,99.6,3,3,100,2,33.5,53.75,31.875,61.825,68,0.6233,-2.2065,0.087,0.942,0,0
"Plaquemines Port District, LA",2021169N23268,CLAUDETTE,2021,119.3,0,0,40,3,48.3333,55.3333,48.1667,63.6667,66,0.8735,-1.4919,0.0746,0.9403,0,0
"Plaquemines Port District, LA",2021222N14301,FRED,2021,375.4,0,0,55,3,58.3333,58.3333,33.3333,93.5833,66,1,0,0.5224,0.5224,0,0
"Plaquemines Port District, LA",2021239N17281,IDA,2021,67.2,4,4,130,4,24.5,70.5,53.475,95.275,64,0.3475,-3.3799,0.0154,1,1,0
"Plaquemines Port District, LA",2021252N28273,MINDY,2021,283,0,0,50,2,78.5,69.25,54.5,91.3,68,1.1336,0.7708,0.7391,0.2899,0,0
"Plaquemines Port District, LA",2021256N21265,NICHOLAS,2021,205.2,-1,1,30,3,84,68.6667,32.5,83.9167,66,1.2233,1.0506,0.9552,0.0746,0,0
"Plaquemines Port District, LA",2023152N26274,ARLENE,2023,328.9,0,0,35,3,64.3333,52.1667,46,63.25,66,1.2332,2.2929,0.9851,0.0448,0,1
"Plaquemines Port District, LA",2023239N21274,IDALIA,2023,499.9,3,4,105,1,46,55.5,42,71,70,0.8288,-0.9946,0.1831,0.8873,0,0
"Port Arthur, TX",2015167N27266,BILL,2015,283.8,0,0,50,2,6,7,5,10,68,0.8571,-0.5779,0.3333,0.8551,0,0
"Port Arthur, TX",2017171N24271,CINDY,2017,24.9,0,0,50,3,7.3333,7.3333,4.8333,9.5,66,1,0,0.597,0.6269,0,0
"Port Arthur, TX",2017228N14314,HARVEY,2017,41.7,4,4,115,7,5.5714,7.3571,5.4286,8.8571,58,0.7573,-1.5922,0.1017,0.9322,0,0
"Port Arthur, TX",2017277N11279,NATE,2017,456.1,1,1,78,2,8.5,7.75,4.675,10.5,68,1.0968,0.354,0.6377,0.4493,0,0
"Port Arthur, TX",2018246N22283,GORDON,2018,443.4,0,0,45,2,6.5,6.5,4.5,9.325,68,1,0,0.5652,0.6377,0,0
"Port Arthur, TX",2019192N29274,BARRY,2019,122.4,1,1,65,4,2.75,7,5,8.425,64,0.3929,-4.125,0.0154,1,1,0
"Port Arthur, TX",2019261N28264,IMELDA,2019,128.9,0,0,40,3,5,6.1667,4.0833,8,66,0.8108,-0.9117,0.2985,0.806,0,0
"Port Arthur, TX",2019299N25265,OLGA,2019,291.6,0,0,45,2,5.5,5.5,3,7.5,68,1,0,0.5507,0.5942,0,0
"Port Arthur, TX",2020154N19269,CRISTOBAL,2020,302.5,0,0,45,2,4,5.5,2.175,7.825,68,0.7273,-0.8801,0.3043,0.8116,0,0
"Port Arthur, TX",2020205N26272,HANNA,2020,300.4,1,1,80,2,7.5,5.5,0.35,9,68,1.3636,0.8627,0.8406,0.2029,0,0
"Port Arthur, TX",2020233N14313,LAURA,2020,61.9,4,4,130,2,0,4,1.675,8.825,68,0,-1.7218,0.0145,1,1,0
"Port Arthur, TX",2020234N14280,MARCO,2020,181.1,0,1,38,2,3.5,4.5,2,8.5,68,0.7778,-0.4625,0.4348,0.7246,0,0
"Port Arthur, TX",2020261N21265,BETA,2020,42.4,0,0,55,6,3.6667,6.5833,1.8,9.5167,60,0.557,-1.1921,0.2459,0.8033,0,0
"Port Arthur, TX",2020279N16284,DELTA,2020,81,3,4,105,2,1,5,0.35,8.325,68,0.2,-1.7831,0.087,0.942,0,0
"Port Arthur, TX",2020299N18277,ZETA,2020,331.5,3,3,100,2,7.5,4.5,2.175,8.5,68,1.6667,1.4015,0.8986,0.1884,0,0
"Port Arthur, TX",2021169N23268,CLAUDETTE,2021,294,0,0,40,2,7.5,9.5,6.5,12.325,68,0.7895,-1.1394,0.2174,0.8696,0,0
"Port Arthur, TX",2021239N17281,IDA,2021,310.8,4,4,130,2,6,9.75,6.5,12.825,68,0.6154,-1.7373,0.058,0.971,0,0
"Port Arthur, TX",2021256N21265,NICHOLAS,2021,27.7,1,1,65,5,6.4,9.6,7.21,11.39,62,0.6667,-2.4856,0.0317,1,1,0
"Port Arthur, TX",2023234N25271,HAROLD,2023,420.6,0,0,50,1,9,8.5,6,12.55,70,1.0588,0.2518,0.7183,0.507,0,0
"Port Everglades, FL",2015126N27281,ANA,2015,144.3,-3,0,25,1,21,19,11,24,70,1.1053,0.4911,0.7887,0.338,0,0
"Port Everglades, FL",2015313N22289,KATE,2015,425.2,0,1,55,2,11.5,17.25,10.35,25,68,0.6667,-1.2508,0.1159,0.913,0,0
"Port Everglades, FL",2016148N27288,BONNIE,2016,491,0,0,35,1,22,22.5,16,30,70,0.9778,-0.1092,0.507,0.5915,0,0
"Port Everglades, FL",2016242N24279,HERMINE,2016,278.3,-1,1,30,2,16.5,20,13,26,68,0.825,-0.7434,0.2029,0.8551,0,0
"Port Everglades, FL",2016257N27280,JULIA,2016,130.2,0,0,45,2,19.5,21.5,14.35,26,68,0.907,-0.4746,0.3768,0.7391,0,0
"Port Everglades, FL",2016273N13300,MATTHEW,2016,156.8,4,5,120,2,6.5,19.5,13.35,25,68,0.3333,-3.6982,0.0145,1,1,0
"Port Everglades, FL",2017212N28275,EMILY,2017,164.6,0,0,50,2,13.5,19.5,6.75,25,66,0.6923,-1.0339,0.1642,0.8806,0,0
"Port Everglades, FL",2017242N16333,IRMA,2017,124.3,4,5,130,3,0.3333,20.3333,14.6667,24,66,0.0164,-6.7686,0.0149,1,1,0
"Port Everglades, FL",2017301N18276,PHILIPPE,2017,391.2,0,0,35,2,20.5,20.5,15.175,28.825,68,1,0,0.5217,0.5797,0,0
"Port Everglades, FL",2018146N19273,ALBERTO,2018,386.2,-2,0,45,1,16,22,16,27.55,70,0.7273,-1.6879,0.0845,0.9718,0,0
"Port Everglades, FL",2018246N22283,GORDON,2018,112,0,0,55,3,16,21.3333,16.3333,24.5833,66,0.75,-2.1318,0.0448,0.9701,1,0
"Port Everglades, FL",2019204N25283,UNNAMED,2019,95.5,-1,-1,30,2,21,23,13.925,27,68,0.913,-0.3908,0.3043,0.7246,0,0
"Port Everglades, FL",2019236N10314,DORIAN,2019,211.6,5,5,160,4,6.5,22,17.325,24.2125,64,0.2955,-7.6678,0.0154,1,1,0
"Port Everglades, FL",2019256N23286,HUMBERTO,2019,339.8,1,3,70,3,24.3333,21.5,16,25,66,1.1318,0.7011,0.9254,0.1194,0,0
"Port Everglades, FL",2020138N28281,ARTHUR,2020,269.2,0,0,35,2,23,19.5,16.675,24,68,1.1795,1.5861,0.913,0.1159,0,0
"Port Everglades, FL",2020211N13306,ISAIAS,2020,105.5,1,1,75,3,13.3333,18.8333,15.5,24,66,0.708,-2.0047,0.0149,1,1,0
"Port Everglades, FL",2020244N30279,OMAR,2020,450.8,-3,0,28,2,21.5,19.75,15.175,26,68,1.0886,0.4972,0.7101,0.3043,0,0
"Port Everglades, FL",2020256N25281,SALLY,2020,66.5,0,2,50,3,17.6667,19.3333,14.0833,24.5833,66,0.9138,-0.5448,0.2985,0.791,0,0
"Port Everglades, FL",2020306N15288,ETA,2020,141.4,1,4,65,5,12.8,17.2,14.6,20.38,62,0.7442,-2.1549,0.0159,1,1,0
"Port Everglades, FL",2021182N09317,ELSA,2021,254.7,1,1,65,3,20,23.6667,20.3333,28.1667,66,0.8451,-1.5227,0.0597,0.9552,0,0
"Port Everglades, FL",2021222N14301,FRED,2021,393.2,0,0,40,3,21.6667,24,20,28.1667,66,0.9028,-0.8462,0.2687,0.791,0,0
"Port Everglades, FL",2022154N21273,ALEX,2022,95.9,0,0,45,2,21,24.75,18.5,30.5,68,0.8485,-1.0353,0.1304,0.8841,0,0
"Port Everglades, FL",2022266N12294,IAN,2022,169.7,5,5,140,4,20,20.375,16.25,29.75,64,0.9816,-0.0792,0.5077,0.5538,0,0
"Port Everglades, FL",2022311N21293,NICOLE,2022,143.3,1,1,65,2,13,25,18.175,30,68,0.52,-3.2614,0.0145,1,1,0
"Port Everglades, FL",2023152N26274,ARLENE,2023,408.1,-3,0,25,2,23,26.5,22.5,31.5,68,0.8679,-1.2024,0.1739,0.8986,0,0
"Port Everglades, FL",2023239N21274,IDALIA,2023,430.3,4,4,115,2,23.5,26,20.5,31.65,68,0.9038,-0.7386,0.2464,0.8116,0,0
"Port Freeport, TX",2015167N27266,BILL,2015,135.6,0,0,50,2,1,3.5,1.175,7.5,68,0.2857,-1.329,0.0725,0.9565,0,0
"Port Freeport, TX",2017171N24271,CINDY,2017,186.2,0,0,50,3,3.6667,6,3.0833,8.6667,66,0.6111,-1.3584,0.1642,0.9254,0,0
"Port Freeport, TX",2017228N14314,HARVEY,2017,90.9,4,4,115,7,0.5714,5.8571,4.4286,8.2857,58,0.0976,-4.3639,0.0169,1,1,0
"Port Freeport, TX",2019192N29274,BARRY,2019,295.7,1,1,65,4,8,7.75,5.25,9.7125,64,1.0323,0.1848,0.6154,0.4462,0,0
"Port Freeport, TX",2019261N28264,IMELDA,2019,17.8,0,0,40,3,3.6667,6.6667,4.0833,9.25,66,0.55,-1.9396,0.0597,0.9701,0,0
"Port Freeport, TX",2019299N25265,OLGA,2019,377.9,0,0,45,2,8.5,7,3.5,10.325,68,1.2143,0.6496,0.7681,0.3478,0,0
"Port Freeport, TX",2020154N19269,CRISTOBAL,2020,475.8,0,0,35,1,8,6,3,9,70,1.3333,1.0537,0.8873,0.1972,0,0
"Port Freeport, TX",2020205N26272,HANNA,2020,226.7,1,1,80,3,6,5.6667,3.0833,7.9167,66,1.0588,0.2333,0.5672,0.4776,0,0
"Port Freeport, TX",2020233N14313,LAURA,2020,223.1,4,4,130,2,2,6,3,9.325,68,0.3333,-1.896,0.058,0.971,0,0
"Port Freeport, TX",2020234N14280,MARCO,2020,310.5,-3,1,25,1,5,6,3,10,70,0.8333,-0.4303,0.4789,0.7324,0,0
"Port Freeport, TX",2020261N21265,BETA,2020,12.3,0,0,55,6,2.5,5.8333,3.9917,7.175,60,0.4286,-3.3586,0.0164,1,1,0
"Port Freeport, TX",2020279N16284,DELTA,2020,190.8,3,4,105,2,6,5.5,2,8.5,68,1.0909,0.2542,0.6232,0.4638,0,0
"Port Freeport, TX",2020299N18277,ZETA,2020,447.5,3,3,100,1,9,6,2,10.55,70,1.5,1.1409,0.9155,0.1972,0,0
"Port Freeport, TX",2021169N23268,CLAUDETTE,2021,426.6,0,0,40,2,7,8.5,6.175,11,68,0.8235,-1.0565,0.1449,0.8986,0,0
"Port Freeport, TX",2021239N17281,IDA,2021,476.4,4,4,125,2,9,8,5.675,11,68,1.125,0.6257,0.7826,0.2754,0,0
"Port Freeport, TX",2021256N21265,NICHOLAS,2021,12.3,1,1,65,5,6.6,8,6.6,10.4,62,0.825,-1.1071,0.0952,0.9524,0,0
"Port Freeport, TX",2023234N25271,HAROLD,2023,274.5,0,0,50,2,5,8.25,4.675,11.5,68,0.6061,-1.4442,0.087,0.942,0,0
"Port of Charleston, SC",2015126N27281,ANA,2015,137.3,0,0,50,6,16.5,16.3333,13.8333,18.35,60,1.0102,0.1163,0.6393,0.4426,0,0
"Port of Charleston, SC",2016148N27288,BONNIE,2016,9.2,0,0,40,6,14.6667,14.8333,12.8333,17.8583,60,0.9888,-0.1161,0.459,0.6721,0,0
"Port of Charleston, SC",2016158N22272,COLIN,2016,132.2,0,0,48,1,14,15,10,18,70,0.9333,-0.397,0.4648,0.7183,0,0
"Port of Charleston, SC",2016240N31295,UNNAMED,2016,477.2,-1,-1,30,1,21,15,11,22.1,70,1.4,1.5516,0.9437,0.0845,0,0
"Port of Charleston, SC",2016242N24279,HERMINE,2016,15.5,1,1,65,2,13.5,15.25,9.4,20.5,68,0.8852,-0.5095,0.2029,0.8841,0,0
"Port of Charleston, SC",2016257N27280,JULIA,2016,125,0,0,45,9,16.5556,16.3889,11.1056,18.7056,54,1.0102,0.0769,0.5636,0.4545,0,0
"Port of Charleston, SC",2016273N13300,MATTHEW,2016,50.1,3,5,105,3,3.3333,16,12.5,19.6667,66,0.2083,-5.8878,0.0149,1,1,0
"Port of Charleston, SC",2017212N28275,EMILY,2017,316.5,-1,0,30,2,15,15,9.5,18,66,1,0,0.5224,0.5224,0,0
"Port of Charleston, SC",2017240N31279,UNNAMED,2017,68.7,-3,-3,40,3,12,14.8333,12,18,66,0.809,-1.1849,0.1045,0.9552,0,0
"Port of Charleston, SC",2017242N16333,IRMA,2017,403.1,0,5,50,2,6,14.5,11.675,18,68,0.4138,-4.3197,0.0145,1,1,0
"Port of Charleston, SC",2018186N31292,CHRIS,2018,432.1,0,2,43,2,17,17.5,14.5,21.325,68,0.9714,-0.2336,0.4493,0.6667,0,0
"Port of Charleston, SC",2018242N13343,FLORENCE,2018,64.3,3,4,98,5,9.4,18.6,15.21,21,62,0.5054,-5.5155,0.0159,1,1,0
"Port of Charleston, SC",2018280N18273,MICHAEL,2018,195.2,1,5,80,2,19.5,18.5,12.35,21.5,68,1.0541,0.3002,0.7536,0.3768,0,0
"Port of Charleston, SC",2019204N25283,UNNAMED,2019,491.8,-1,-1,30,1,17,18,11.45,22,70,0.9444,-0.3182,0.4225,0.7324,0,0
"Port of Charleston, SC",2019236N10314,DORIAN,2019,111.7,3,5,100,3,8.6667,17.3333,13.4167,19.6667,66,0.5,-4.1334,0.0149,1,1,0
"Port of Charleston, SC",2019256N23286,HUMBERTO,2019,467.2,1,3,75,2,16.5,16.5,12.675,20,68,1,0,0.5362,0.5507,0,0
"Port of Charleston, SC",2019291N22264,NESTOR,2019,124.4,-4,0,40,1,15,16,10,20,70,0.9375,-0.2834,0.4789,0.6056,0,0
"Port of Charleston, SC",2020138N28281,ARTHUR,2020,299,0,0,45,2,11.5,14.5,12.175,18.325,68,0.7931,-1.4617,0.058,1,0,0
"Port of Charleston, SC",2020148N32281,BERTHA,2020,23.4,0,0,45,2,15.5,14.5,12.5,17.5,68,1.069,0.5299,0.6522,0.3913,0,0
"Port of Charleston, SC",2020188N28271,FAY,2020,33.3,-3,0,35,4,12.75,15,12.75,17.9625,64,0.85,-1.2911,0.1077,0.9538,0,0
"Port of Charleston, SC",2020211N13306,ISAIAS,2020,90.8,1,1,80,2,12,15.25,12.5,19.825,68,0.7869,-1.29,0.029,1,1,0
"Port of Charleston, SC",2020244N30279,OMAR,2020,300.2,-1,0,30,3,21,15.6667,13.4167,18.25,66,1.3404,3.4731,1,0.0149,0,1
"Port of Charleston, SC",2020256N25281,SALLY,2020,139.1,-4,2,30,2,14.5,16.5,13.5,20.325,68,0.8788,-0.838,0.2174,0.8406,0,0
"Port of Charleston, SC",2020299N18277,ZETA,2020,409.4,0,3,45,1,14,16,12.45,21,70,0.875,-0.7633,0.2676,0.8451,0,0
"Port of Charleston, SC",2020306N15288,ETA,2020,125.5,0,4,40,2,16,16,12.675,20.325,68,1,0,0.5217,0.5362,0,0
"Port of Charleston, SC",2021165N32282,BILL,2021,220.4,-1,0,28,2,18.5,22,17,26.65,68,0.8409,-1.1475,0.1594,0.8696,0,0
"Port of Charleston, SC",2021169N23268,CLAUDETTE,2021,169.5,0,0,40,2,18.5,22,16.675,26.65,68,0.8409,-1.1684,0.1739,0.8696,0,0
"Port of Charleston, SC",2021179N30287,DANNY,2021,91.4,0,0,40,2,23,21,15.5,26.475,68,1.0952,0.6018,0.8406,0.2029,0,0
"Port of Charleston, SC",2021182N09317,ELSA,2021,120.5,0,1,55,3,23.6667,20.5,15.4167,23.5833,66,1.1545,1.2564,0.9552,0.0746,0,0
"Port of Charleston, SC",2021222N14301,FRED,2021,437,-1,0,25,2,22,20.25,16,24.15,68,1.0864,0.7247,0.7971,0.2609,0,0
"Port of Charleston, SC",2021252N28273,MINDY,2021,158.8,0,0,35,2,20,19.25,15.5,22.5,68,1.039,0.3324,0.6812,0.4348,0,0
"Port of Charleston, SC",2021259N30286,ODETTE,2021,441.9,-3,0,30,2,21,19.25,15.5,22.325,68,1.0909,0.7581,0.7681,0.3478,0,0
"Port of Charleston, SC",2021299N33284,WANDA,2021,354.1,-4,0,40,1,22,20,17,25.55,70,1.1,0.7752,0.8028,0.2535,0,0
"Port of Charleston, SC",2022183N32280,COLIN,2022,13,0,0,35,2,20,18,12.675,22.825,68,1.1111,0.7108,0.7971,0.2319,0,0
"Port of Charleston, SC",2022266N12294,IAN,2022,83.7,1,5,75,3,10.3333,17.1667,13,23.3333,66,0.6019,-1.9714,0.0149,1,1,0
"Port of Charleston, SC",2022311N21293,NICOLE,2022,419.3,0,1,38,2,13,19.25,13.2,22,68,0.6753,-2.0803,0.0725,0.942,0,0
"Port of Charleston, SC",2023239N21274,IDALIA,2023,23.4,3,4,100,2,9,16.25,12.35,19.325,68,0.5538,-3.2,0.0145,1,1,0
"Port of Charleston, SC",2023265N29284,OPHELIA,2023,285.9,0,0,60,3,17.6667,15.3333,11.8333,19,66,1.1522,1.1603,0.8358,0.194,0,0
"Port of Greater Baton Rouge, LA",2015167N27266,BILL,2015,482.4,0,0,45,1,14,9,4.45,15,70,1.5556,1.5576,0.9155,0.1549,0,0
"Port of Greater Baton Rouge, LA",2017171N24271,CINDY,2017,239.6,0,0,50,3,15.6667,13,8.4167,16.9167,66,1.2051,1.0204,0.8507,0.2239,0,0
"Port of Greater Baton Rouge, LA",2017228N14314,HARVEY,2017,156,0,4,45,5,16.2,15.5,11.21,19.14,62,1.0452,0.3352,0.7619,0.2698,0,0
"Port of Greater Baton Rouge, LA",2017277N11279,NATE,2017,210.9,1,1,80,2,15,15.5,12.5,19.5,68,0.9677,-0.2286,0.4928,0.5797,0,0
"Port of Greater Baton Rouge, LA",2018146N19273,ALBERTO,2018,475.3,-1,0,30,1,13,14.5,11,19.55,70,0.8966,-0.5798,0.3521,0.7746,0,0
"Port of Greater Baton Rouge, LA",2018246N22283,GORDON,2018,209.8,0,0,60,4,14,13,9.3625,15.9625,64,1.0769,0.5093,0.6462,0.4,0,0
"Port of Greater Baton Rouge, LA",2019192N29274,BARRY,2019,122.2,1,1,65,6,5.3333,11.3333,8.6667,15,60,0.4706,-3.4577,0.0164,1,1,0
"Port of Greater Baton Rouge, LA",2019261N28264,IMELDA,2019,342.1,0,0,40,3,13.3333,11.6667,8.75,13.25,66,1.1429,1.081,0.9552,0.0746,0,0
"Port of Greater Baton Rouge, LA",2019291N22264,NESTOR,2019,447.1,0,0,50,2,11.5,11.25,8,14.825,68,1.0222,0.1149,0.5942,0.5072,0,0
"Port of Greater Baton Rouge, LA",2019299N25265,OLGA,2019,83.8,0,0,45,2,9,11,7.675,14.825,68,0.8182,-0.9136,0.2029,0.8696,0,0
"Port of Greater Baton Rouge, LA",2020154N19269,CRISTOBAL,2020,69.1,0,0,45,3,4.6667,8.5,5.75,12.5833,66,0.549,-1.7265,0.0149,1,1,0
"Port of Greater Baton Rouge, LA",2020188N28271,FAY,2020,390.5,-3,0,28,1,9,9,5,13.55,70,1,0,0.5352,0.6056,0,0
"Port of Greater Baton Rouge, LA",2020205N26272,HANNA,2020,400.2,0,1,55,3,8.6667,10,7.4167,12.6667,66,0.8667,-0.7467,0.3582,0.791,0,0
"Port of Greater Baton Rouge, LA",2020233N14313,LAURA,2020,201.3,4,4,130,3,9,10.3333,6.1667,12.9167,66,0.871,-0.6487,0.3134,0.7463,0,0
"Port of Greater Baton Rouge, LA",2020234N14280,MARCO,2020,178.5,0,1,50,2,8.5,10.5,6.175,13.325,68,0.8095,-0.966,0.2174,0.8696,0,0
"Port of Greater Baton Rouge, LA",2020256N25281,SALLY,2020,325.8,2,2,95,4,11,10.5,6.7875,13.25,64,1.0476,0.2413,0.5846,0.4462,0,0
"Port of Greater Baton Rouge, LA",2020261N21265,BETA,2020,101.2,0,0,55,7,10.7143,10.0714,7.9786,12.8571,58,1.0638,0.4216,0.661,0.3559,0,0
"Port of Greater Baton Rouge, LA",2020279N16284,DELTA,2020,121.2,3,4,103,3,6.6667,11,7.75,13.6667,66,0.6061,-2.265,0.0448,0.9701,1,0
"Port of Greater Baton Rouge, LA",2020299N18277,ZETA,2020,137.2,3,3,100,2,5.5,11.5,7.675,15,68,0.4783,-2.5719,0.0435,0.9855,1,0
"Port of Greater Baton Rouge, LA",2021169N23268,CLAUDETTE,2021,94.8,0,0,40,3,11.3333,11.5,7.6667,14.6667,66,0.9855,-0.072,0.5075,0.5224,0,0
"Port of Greater Baton Rouge, LA",2021239N17281,IDA,2021,50.7,4,4,130,3,9,12.6667,8.75,20.25,66,0.7105,-1.1279,0.0896,0.9403,0,0
"Port of Greater Baton Rouge, LA",2021252N28273,MINDY,2021,491.8,0,0,35,1,19,12,8,17,70,1.5833,2.3806,0.9859,0.0423,0,1
"Port of Greater Baton Rouge, LA",2021256N21265,NICHOLAS,2021,77.8,1,1,65,4,20.25,12.5,9.0375,14.4625,64,1.62,4.531,1,0.0154,0,1
"Port of Palm Beach District, FL",2015126N27281,ANA,2015,129,-3,0,28,1,7,5,2,8,70,1.4,1.1358,0.9296,0.1831,0,0
"Port of Palm Beach District, FL",2015313N22289,KATE,2015,419.4,0,1,55,2,6.5,5.25,1.175,8.5,68,1.2381,0.6009,0.7681,0.2899,0,0
"Port of Palm Beach District, FL",2016148N27288,BONNIE,2016,441.5,0,0,40,2,3,5.5,2.175,8.325,68,0.5455,-1.2737,0.1594,0.913,0,0
"Port of Palm Beach District, FL",2016158N22272,COLIN,2016,459.2,0,0,45,1,7,5,1.45,9,70,1.4,0.8593,0.7746,0.3099,0,0
"Port of Palm Beach District, FL",2016242N24279,HERMINE,2016,334.1,1,1,70,6,6,5.5833,3.4917,6.8417,60,1.0746,0.4082,0.6885,0.377,0,0
"Port of Palm Beach District, FL",2016257N27280,JULIA,2016,73.7,0,0,45,2,6.5,6,3.175,8.5,68,1.0833,0.2561,0.6667,0.4638,0,0
"Port of Palm Beach District, FL",2016273N13300,MATTHEW,2016,122.2,4,5,120,3,2,6.3333,4.3333,8.6667,66,0.3158,-2.9449,0.0149,1,1,0
"Port of Palm Beach District, FL",2017212N28275,EMILY,2017,105.6,0,0,50,3,5.6667,4.6667,1.3833,6.9,64,1.2143,0.5879,0.8462,0.2462,0,0
"Port of Palm Beach District, FL",2017240N31279,UNNAMED,2017,446.3,-3,-3,35,2,4,5.5,1.025,7.5,68,0.7273,-0.7693,0.2899,0.7536,0,0
"Port of Palm Beach District, FL",2017242N16333,IRMA,2017,120.5,4,5,120,3,0,5.3333,3.4167,7,66,0,-4.3708,0.0149,1,1,0
"Port of Palm Beach District, FL",2017301N18276,PHILIPPE,2017,449.5,-1,0,30,1,3,6,3,9,70,0.5,-1.4864,0.1408,0.9577,0,0
"Port of Palm Beach District, FL",2018146N19273,ALBERTO,2018,388.4,-2,0,45,1,4,6,3,8,70,0.6667,-1.0844,0.2817,0.8592,0,0
"Port of Palm Beach District, FL",2018246N22283,GORDON,2018,160,0,0,55,2,3.5,5.5,2.5,7.325,68,0.6364,-1.3752,0.1594,0.913,0,0
"Port of Palm Beach District, FL",2019204N25283,UNNAMED,2019,91.6,-1,-1,30,2,6,4.5,1.675,6.325,68,1.3333,0.9811,0.942,0.1304,0,0
"Port of Palm Beach District, FL",2019236N10314,DORIAN,2019,199.2,5,5,160,5,2,4.4,3.4,5.79,62,0.4545,-3.3597,0.0159,1,1,0
"Port of Palm Beach District, FL",2019256N23286,HUMBERTO,2019,316.6,1,3,73,3,4.6667,4,2.4167,5.6667,66,1.1667,0.5706,0.7463,0.403,0,0
"Port of Palm Beach District, FL",2020138N28281,ARTHUR,2020,229.2,0,0,35,2,3,4.75,3,6.325,68,0.6316,-1.5032,0.1159,0.9565,0,0
"Port of Palm Beach District, FL",2020211N13306,ISAIAS,2020,95,1,1,73,3,2,5.3333,3.75,7,66,0.375,-3.1596,0.0149,1,1,0
"Port of Palm Beach District, FL",2020244N30279,OMAR,2020,390.7,-1,0,30,2,5.5,5.75,3.5,8.325,68,0.9565,-0.159,0.5072,0.5797,0,0
"Port of Palm Beach District, FL",2020256N25281,SALLY,2020,124.8,0,2,50,3,4.3333,5.3333,3,7.3333,66,0.8125,-0.7233,0.3134,0.7612,0,0
"Port of Palm Beach District, FL",2020306N15288,ETA,2020,200.2,1,4,65,5,3.8,5,3.21,6.79,62,0.76,-1.2183,0.127,0.9048,0,0
"Port of Palm Beach District, FL",2021182N09317,ELSA,2021,261.4,1,1,65,3,9,5.6667,3.75,7.6667,66,1.5882,2.7843,1,0.0149,0,1
"Port of Palm Beach District, FL",2021222N14301,FRED,2021,425.2,0,0,45,3,6.6667,5.6667,3.6667,8.5,66,1.1765,0.6656,0.8209,0.2985,0,0
"Port of Palm Beach District, FL",2022154N21273,ALEX,2022,57.4,0,0,45,2,2.5,5.5,3.175,7.5,68,0.4545,-2.1906,0.0435,0.971,1,0
"Port of Palm Beach District, FL",2022266N12294,IAN,2022,127.1,5,5,140,4,3.75,5.25,3,7,64,0.7143,-1.158,0.2154,0.8462,0,0
"Port of Palm Beach District, FL",2022311N21293,NICOLE,2022,96.5,1,1,65,2,0.5,6.5,3,8,68,0.0769,-3.6468,0.0145,1,1,0
"Port of Palm Beach District, FL",2023152N26274,ARLENE,2023,453.8,-3,0,25,1,2,6,4,8,70,0.3333,-2.7883,0.0282,1,1,0
"Port of Palm Beach District, FL",2023239N21274,IDALIA,2023,418.2,4,4,115,2,5.5,5,0.5,7,68,1.1,0.2542,0.7101,0.4783,0,0
"Port of Palm Beach District, FL",2023265N29284,OPHELIA,2023,486.3,-4,0,30,1,7,3,0,6.55,70,2.3333,1.7495,1,0.0704,0,0
"Port of Savannah, GA",2015126N27281,ANA,2015,279.5,0,0,50,6,15.1667,15.6667,13.9917,19.2,60,0.9681,-0.3063,0.4426,0.623,0,0
"Port of Savannah, GA",2016148N27288,BONNIE,2016,102.2,0,0,40,5,16.8,16.9,14.2,18.6,62,0.9941,-0.0623,0.5079,0.5238,0,0
"Port of Savannah, GA",2016158N22272,COLIN,2016,62.8,0,0,48,1,19,17,12.45,21.55,70,1.1176,0.7008,0.8732,0.2676,0,0
"Port of Savannah, GA",2016242N24279,HERMINE,2016,34.3,1,1,70,2,10,16.5,2.2,21.975,68,0.6061,-1.3092,0.1014,0.9275,0,0
"Port of Savannah, GA",2016257N27280,JULIA,2016,51.9,0,0,45,8,17.25,16.625,7.7188,21.4062,56,1.0376,0.1594,0.614,0.4035,0,0
"Port of Savannah, GA",2016273N13300,MATTHEW,2016,58.7,3,5,108,3,1,16.3333,12.75,21.5833,66,0.0612,-5.2785,0.0149,1,1,0
"Port of Savannah, GA",2017212N28275,EMILY,2017,326.3,-1,0,30,2,16,15.75,6.75,20.25,66,1.0159,0.0578,0.597,0.5075,0,0
"Port of Savannah, GA",2017240N31279,UNNAMED,2017,93.2,-3,-3,38,3,12.3333,16.5,11.1667,22.1667,66,0.7475,-0.9721,0.1194,0.9254,0,0
"Port of Savannah, GA",2017242N16333,IRMA,2017,261.8,1,5,65,2,0.5,15.75,11.5,20.325,68,0.0317,-5.3133,0.0145,1,1,0
"Port of Savannah, GA",2018146N19273,ALBERTO,2018,490.2,-1,0,30,1,22,15,10,19.55,70,1.4667,2.2669,0.9859,0.0282,0,1
"Port of Savannah, GA",2018242N13343,FLORENCE,2018,167.2,2,4,90,5,13,14.5,11.81,16.99,62,0.8966,-0.8944,0.1905,0.8413,0,0
"Port of Savannah, GA",2018280N18273,MICHAEL,2018,193.7,5,5,140,2,12.5,14.75,10.675,18.5,68,0.8475,-0.8161,0.2319,0.7971,0,0
"Port of Savannah, GA",2019204N25283,UNNAMED,2019,403.6,-1,-1,30,1,16,14,6.45,19.55,70,1.1429,0.4672,0.7606,0.4085,0,0
"Port of Savannah, GA",2019236N10314,DORIAN,2019,163.6,3,5,100,3,2.3333,14.8333,10.8333,17.5833,66,0.1573,-6.2257,0.0149,1,1,0
"Port of Savannah, GA",2019256N23286,HUMBERTO,2019,439.4,1,3,75,2,14.5,15,9.675,18.5,68,0.9667,-0.1497,0.4638,0.6087,0,0
"Port of Savannah, GA",2019291N22264,NESTOR,2019,123.8,-4,0,40,2,15,13.5,10.175,18.65,68,1.1111,0.4664,0.6957,0.3623,0,0
"Port of Savannah, GA",2020138N28281,ARTHUR,2020,379,0,0,43,3,10.6667,11.5,8.3333,14.9167,66,0.9275,-0.3807,0.3433,0.7015,0,0
"Port of Savannah, GA",2020148N32281,BERTHA,2020,160.5,0,0,45,2,11.5,11.5,8,14.5,68,1,0,0.6087,0.5362,0,0
"Port of Savannah, GA",2020188N28271,FAY,2020,133.7,-3,0,30,4,10.25,11.75,7.825,17,64,0.8723,-0.5875,0.2308,0.8308,0,0
"Port of Savannah, GA",2020211N13306,ISAIAS,2020,154.6,1,1,80,3,6.6667,12.6667,9.75,16.5833,66,0.5263,-3.0196,0.0149,1,1,0
"Port of Savannah, GA",2020244N30279,OMAR,2020,214.9,-1,0,30,3,13.6667,11.8333,6.75,16.3333,66,1.1549,0.6991,0.8507,0.209,0,0
"Port of Savannah, GA",2020256N25281,SALLY,2020,203.4,-1,2,33,2,14,12.5,7.175,16.325,68,1.12,0.5441,0.7826,0.2899,0,0
"Port of Savannah, GA",2020299N18277,ZETA,2020,423.4,0,3,53,1,11,12,8,15,70,0.9167,-0.4366,0.3803,0.7324,0,0
"Port of Savannah, GA",2020306N15288,ETA,2020,87.3,0,4,53,2,12.5,12,7.675,15,68,1.0417,0.2235,0.6812,0.4203,0,0
"Port of Savannah, GA",2021165N32282,BILL,2021,285.9,-3,0,23,2,15,17,12.175,20,68,0.8824,-0.7562,0.3768,0.6957,0,0
"Port of Savannah, GA",2021169N23268,CLAUDETTE,2021,233.8,0,0,40,2,17,17,12.5,20,68,1,0,0.5507,0.5362,0,0
"Port of Savannah, GA",2021179N30287,DANNY,2021,52.1,0,0,40,2,11.5,17.25,12.675,20.5,68,0.6667,-2.4061,0.029,1,1,0
"Port of Savannah, GA",2021182N09317,ELSA,2021,100.6,0,1,55,2,13.5,17.5,14,20.5,68,0.7714,-1.8627,0.058,0.9565,0,0
"Port of Savannah, GA",2021222N14301,FRED,2021,386.6,0,0,55,3,17.6667,17.6667,12.75,20.3333,66,1,0,0.5672,0.5373,0,0
"Port of Savannah, GA",2021252N28273,MINDY,2021,82.9,0,0,50,2,19,17.5,15,21.325,68,1.0857,0.6823,0.7101,0.3623,0,0
"Port of Savannah, GA",2021299N33284,WANDA,2021,455.5,-4,0,35,1,18,18,14.45,23,70,1,0,0.5493,0.6056,0,0
"Port of Savannah, GA",2022183N32280,COLIN,2022,41.3,0,0,35,2,19,19,15.675,22.5,68,1,0,0.5362,0.5797,0,0
"Port of Savannah, GA",2022266N12294,IAN,2022,201.4,1,5,75,3,5,18.1667,14.8333,21.6667,66,0.2752,-6.253,0.0149,1,1,0
"Port of Savannah, GA",2022311N21293,NICOLE,2022,336.9,0,1,62,2,13.5,18.75,11.175,22.5,68,0.72,-1.3419,0.1014,0.913,0,0
"Port of Savannah, GA",2023239N21274,IDALIA,2023,64.7,4,4,115,2,7.5,18.5,14.675,23,68,0.4054,-4.4062,0.0145,1,1,0
"Port of Savannah, GA",2023265N29284,OPHELIA,2023,420.4,0,0,60,2,20,17.5,12,20.325,68,1.1429,0.9153,0.942,0.1014,0,0
"PortMiami, FL",2015126N27281,ANA,2015,185.2,-3,0,25,1,20,18.5,12,25,70,1.0811,0.36,0.6901,0.4366,0,0
"PortMiami, FL",2015313N22289,KATE,2015,438.5,0,1,53,2,11,15,11,20.325,68,0.7333,-1.3102,0.087,0.9565,0,0
"PortMiami, FL",2016242N24279,HERMINE,2016,220.9,-1,1,30,2,16.5,16.25,12,20.5,68,1.0154,0.0919,0.5942,0.5072,0,0
"PortMiami, FL",2016257N27280,JULIA,2016,190.3,0,0,45,2,18.5,16.5,13.5,21.5,68,1.1212,0.7306,0.7971,0.2464,0,0
"PortMiami, FL",2016273N13300,MATTHEW,2016,191.5,4,5,120,2,10,18.5,14.675,23.825,68,0.5405,-2.9137,0.0145,1,1,0
"PortMiami, FL",2017212N28275,EMILY,2017,223.3,0,0,50,2,12,16,9.75,23,66,0.75,-0.9775,0.1791,0.8507,0,0
"PortMiami, FL",2017242N16333,IRMA,2017,120.5,5,5,145,3,9.3333,17.3333,13.0833,20.5,66,0.5385,-3.3832,0.0149,1,1,0
"PortMiami, FL",2017301N18276,PHILIPPE,2017,331.3,0,0,35,2,18,18.75,13.5,25.325,68,0.96,-0.2274,0.4783,0.6087,0,0
"PortMiami, FL",2018146N19273,ALBERTO,2018,381.4,-2,0,45,1,14,15,10.45,22,70,0.9333,-0.3,0.4366,0.7606,0,0
"PortMiami, FL",2018246N22283,GORDON,2018,60.2,0,0,55,3,9.3333,13.1667,8.75,20.8333,66,0.7089,-0.9434,0.1343,0.8955,0,0
"PortMiami, FL",2019204N25283,UNNAMED,2019,119.5,-1,-1,30,2,10,12.5,7.5,19.5,68,0.8,-0.6428,0.2754,0.7681,0,0
"PortMiami, FL",2019236N10314,DORIAN,2019,242,5,5,160,4,9.75,13,9.5,15.9625,64,0.75,-1.5896,0.1385,0.8923,0,0
"PortMiami, FL",2019256N23286,HUMBERTO,2019,373.1,1,3,65,3,11.3333,13.3333,8.6667,16.1667,66,0.85,-0.8349,0.2239,0.8209,0,0
"PortMiami, FL",2020138N28281,ARTHUR,2020,320.2,0,0,35,2,13.5,12,9,17.475,68,1.125,0.547,0.6957,0.3623,0,0
"PortMiami, FL",2020211N13306,ISAIAS,2020,128,1,1,75,3,12,12.6667,10.75,16.3333,66,0.9474,-0.4117,0.2687,0.8209,0,0
"PortMiami, FL",2020233N14313,LAURA,2020,455.6,0,4,58,2,10,12.75,10.675,16.5,68,0.7843,-1.5867,0.0435,0.971,1,0
"PortMiami, FL",2020256N25281,SALLY,2020,12.2,0,2,50,3,13.6667,13.5,10.6667,16.9167,66,1.0123,0.0875,0.5821,0.5075,0,0
"PortMiami, FL",2020306N15288,ETA,2020,81.5,1,4,65,5,12.8,13.2,11.4,15.4,62,0.9697,-0.3137,0.3968,0.7143,0,0
"PortMiami, FL",2021182N09317,ELSA,2021,241.1,1,1,65,3,16.6667,16.1667,13.3333,20.25,66,1.0309,0.2359,0.6567,0.4328,0,0
"PortMiami, FL",2021222N14301,FRED,2021,333.6,0,0,40,3,16.6667,15,12,17.3333,66,1.1111,1.048,0.9254,0.1045,0,0
"PortMiami, FL",2021239N17281,IDA,2021,450.1,1,4,70,2,14,15,12,18.5,68,0.9333,-0.4466,0.3478,0.6812,0,0
"PortMiami, FL",2022154N21273,ALEX,2022,140,0,0,45,2,16,15.5,11.35,20,68,1.0323,0.1732,0.5797,0.4638,0,0
"PortMiami, FL",2022266N12294,IAN,2022,199.9,5,5,140,4,16,16.875,14,21.5,64,0.9481,-0.3547,0.4154,0.6615,0,0
"PortMiami, FL",2022311N21293,NICOLE,2022,200.4,1,1,65,2,13.5,16.75,12,22.5,68,0.806,-0.9935,0.1884,0.8696,0,0
"PortMiami, FL",2023152N26274,ARLENE,2023,360.6,-3,0,25,2,12,15.25,11.175,18.5,68,0.7869,-1.2191,0.1739,0.8986,0,0
"PortMiami, FL",2023239N21274,IDALIA,2023,433.2,3,4,105,2,12.5,14,9.675,17.825,68,0.8929,-0.6322,0.3333,0.7391,0,0
"San Juan, PR",2015237N14315,ERIKA,2015,115.1,0,0,45,2,7,9,6.675,11.5,68,0.7778,-1.0805,0.1014,0.942,0,0
"San Juan, PR",2016273N13300,MATTHEW,2016,469.7,1,5,68,1,7,9,6,12,70,0.7778,-0.9347,0.2958,0.9155,0,0
"San Juan, PR",2017224N22293,GERT,2017,448.8,-3,2,25,1,11,6,0,10,70,1.8333,1.6691,0.9859,0.0423,0,1
"San Juan, PR",2017242N16333,IRMA,2017,87.6,5,5,155,2,1,5.5,0,9.825,68,0.1818,-1.6082,0.1449,0.8841,0,0
"San Juan, PR",2017247N09327,JOSE,2017,296.3,4,4,120,2,6,5.5,0,9.825,68,1.0909,0.1809,0.6087,0.4928,0,0
"San Juan, PR",2017260N12310,MARIA,2017,28.4,5,5,150,4,1.25,5.75,4.0375,8.7125,64,0.2174,-3.038,0.0154,1,1,0
"San Juan, PR",2018186N10325,BERYL,2018,180.9,-3,1,35,2,7.5,7.25,3.5,10.325,68,1.0345,0.1149,0.5652,0.5072,0,0
"San Juan, PR",2018251N13325,ISAAC,2018,358.3,0,1,35,2,6.5,7,3.675,9.325,68,0.9286,-0.2547,0.4928,0.6377,0,0
"San Juan, PR",2018265N08338,KIRK,2018,489.6,0,0,35,1,4,6,2.45,9.55,70,0.6667,-0.871,0.2254,0.8592,0,0
"San Juan, PR",2019236N10314,DORIAN,2019,80,1,5,78,2,6,6.5,4.675,8.825,68,0.9231,-0.3586,0.3768,0.7536,0,0
"San Juan, PR",2019260N13317,JERRY,2019,393,0,2,63,2,5.5,6.5,4,9,68,0.8462,-0.6075,0.2899,0.8261,0,0
"San Juan, PR",2019265N12301,KAREN,2019,76.2,0,0,40,3,6,7,4.6667,9.3333,66,0.8571,-0.6999,0.3881,0.6716,0,0
"San Juan, PR",2020211N13306,ISAIAS,2020,226,0,1,63,2,4,9,7,10.5,68,0.4444,-3.5196,0.0435,1,1,0
"San Juan, PR",2020224N11326,JOSEPHINE,2020,257.2,0,0,35,1,9,9,6,12,70,1,0,0.7042,0.6479,0,0
"San Juan, PR",2020233N14313,LAURA,2020,82.3,0,4,45,3,4.6667,8.6667,7,10.9167,66,0.5385,-3.078,0.0149,1,1,0
"San Juan, PR",2021182N09317,ELSA,2021,359.9,1,1,70,1,15,12,8.45,16.55,70,1.25,1.1938,0.9155,0.169,0,0
"San Juan, PR",2021222N14301,FRED,2021,124.8,0,0,40,2,10,12,10.175,14.825,68,0.8333,-1.2373,0.0725,0.971,0,0
"San Juan, PR",2021225N15313,GRACE,2021,158.2,-1,3,33,2,9.5,12,10.175,15.825,68,0.7917,-1.4023,0.0435,0.971,1,0
"San Juan, PR",2021262N16307,PETER,2021,250.6,0,0,45,3,12.6667,12.3333,10.1667,14.6667,66,1.027,0.2495,0.5821,0.4328,0,0
"San Juan, PR",2022246N18301,EARL,2022,207.6,0,2,60,4,11,11.375,9.75,14.85,64,0.967,-0.2305,0.4462,0.7077,0,0
"San Juan, PR",2022257N16312,FIONA,2022,111.9,2,4,95,4,6.5,11.75,10.25,14.8875,64,0.5532,-3.7533,0.0154,1,1,0
"San Juan, PR",2022311N21293,NICOLE,2022,254,-3,1,35,1,8,11,7,14.55,70,0.7273,-1.1497,0.1831,0.9014,0,0
"San Juan, PR",2023232N13300,FRANKLIN,2023,397,0,4,60,7,11.4286,12.2857,10.4286,14,58,0.9302,-0.7869,0.3051,0.7288,0,0
"San Juan, PR",2023266N16323,PHILIPPE,2023,150.7,0,0,45,3,11.3333,11,8.6667,13.9167,66,1.0303,0.222,0.6418,0.4627,0,0
"San Juan, PR",2023292N13309,TAMMY,2023,292.2,1,2,80,2,8.5,11,8,14.825,68,0.7727,-1.1176,0.1159,0.913,0,0
"South Jersey Port Corp, NJ",2015126N27281,ANA,2015,118.2,-1,0,30,2,7.5,14,9.5,17.825,68,0.5357,-2.5316,0.029,0.9855,1,0
"South Jersey Port Corp, NJ",2015193N35285,CLAUDETTE,2015,466.1,-3,0,25,1,10,13,8,18,70,0.7692,-0.9466,0.2394,0.8732,0,0
"South Jersey Port Corp, NJ",2016148N27288,BONNIE,2016,445.6,0,0,35,2,13.5,13.75,9.5,18,68,0.9818,-0.0934,0.5072,0.5942,0,0
"South Jersey Port Corp, NJ",2016158N22272,COLIN,2016,387,-4,0,50,2,17,14,9.5,18,68,1.2143,1.0971,0.8696,0.1594,0,0
"South Jersey Port Corp, NJ",2016240N31295,UNNAMED,2016,447.9,-1,-1,30,2,13.5,13.5,9.675,18.325,68,1,0,0.6087,0.5217,0,0
"South Jersey Port Corp, NJ",2016242N24279,HERMINE,2016,214.6,0,1,60,6,13.1667,13.0833,10.9917,15.675,60,1.0064,0.0558,0.541,0.5082,0,0
"South Jersey Port Corp, NJ",2016257N27280,JULIA,2016,467.1,-4,0,25,2,21,13,9.5,17.825,68,1.6154,2.9189,1,0.0145,0,1
"South Jersey Port Corp, NJ",2017171N24271,CINDY,2017,315.5,-3,0,25,1,7,13,8,19,70,0.5385,-1.8126,0.0423,1,1,0
"South Jersey Port Corp, NJ",2017240N31279,UNNAMED,2017,468.6,-4,-3,40,1,19,13,8.45,18.55,70,1.4615,1.8914,0.9577,0.0704,0,0
"South Jersey Port Corp, NJ",2017247N09327,JOSE,2017,393.7,0,4,63,5,13.2,13.6,9.01,16.8,62,0.9706,-0.1605,0.4762,0.5714,0,0
"South Jersey Port Corp, NJ",2017260N12310,MARIA,2017,410.3,1,5,65,2,12.5,13.5,7.85,17.825,68,0.9259,-0.323,0.4493,0.6087,0,0
"South Jersey Port Corp, NJ",2017277N11279,NATE,2017,406.1,-4,1,25,1,13,12,8,16,70,1.0833,0.3456,0.7606,0.3944,0,0
"South Jersey Port Corp, NJ",2018242N13343,FLORENCE,2018,246.3,-4,4,25,1,12,13,7,17,70,0.9231,-0.295,0.493,0.5634,0,0
"South Jersey Port Corp, NJ",2018280N18273,MICHAEL,2018,242.7,-4,5,60,1,11,12,7,19.1,70,0.9167,-0.2534,0.4507,0.662,0,0
"South Jersey Port Corp, NJ",2019236N10314,DORIAN,2019,376.9,2,5,85,2,7.5,11.5,7.675,16,68,0.6522,-1.4894,0.0725,0.971,0,0
"South Jersey Port Corp, NJ",2019239N32287,ERIN,2019,463,-1,0,35,1,5,12,7.45,17.55,70,0.4167,-2.2531,0.0141,1,1,0
"South Jersey Port Corp, NJ",2019282N35286,MELISSA,2019,448,-2,0,50,4,11.25,10.25,6.225,14.9625,64,1.0976,0.3785,0.6923,0.3692,0,0
"South Jersey Port Corp, NJ",2019291N22264,NESTOR,2019,235.8,-4,0,40,2,13.5,11,7.175,15.825,68,1.2273,0.8647,0.7971,0.2319,0,0
"South Jersey Port Corp, NJ",2020138N28281,ARTHUR,2020,410.4,0,0,53,2,7.5,9.5,5,13.325,68,0.7895,-0.7774,0.2464,0.8406,0,0
"South Jersey Port Corp, NJ",2020148N32281,BERTHA,2020,484.5,-4,0,20,1,6,9,5,14,70,0.6667,-1.0892,0.1972,0.9014,0,0
"South Jersey Port Corp, NJ",2020188N28271,FAY,2020,46.8,0,0,50,3,6.3333,8.3333,4.0833,12.25,66,0.76,-0.7867,0.2836,0.7612,0,0
"South Jersey Port Corp, NJ",2020211N13306,ISAIAS,2020,96.1,0,1,60,1,7,8,5,12.55,70,0.875,-0.395,0.4225,0.7746,0,0
"South Jersey Port Corp, NJ",2020228N37286,KYLE,2020,317.9,0,0,43,2,12.5,8.5,4.85,11.5,68,1.4706,1.9079,0.971,0.0435,0,1
"South Jersey Port Corp, NJ",2020299N18277,ZETA,2020,99.3,-4,3,45,2,4.5,8.5,5.675,11.325,68,0.5294,-2.0039,0.0435,0.971,1,0
"South Jersey Port Corp, NJ",2021169N23268,CLAUDETTE,2021,314.6,0,0,40,2,11.5,13.5,8.525,18.5,68,0.8519,-0.6638,0.2899,0.7536,0,0
"South Jersey Port Corp, NJ",2021182N09317,ELSA,2021,59.4,0,1,50,2,11,13.25,8.175,18.5,68,0.8302,-0.8049,0.2609,0.7971,0,0
"South Jersey Port Corp, NJ",2021222N14301,FRED,2021,296.1,-3,0,25,3,9.6667,12.8333,9,16.1667,66,0.7532,-1.2926,0.1343,0.8806,0,0
"South Jersey Port Corp, NJ",2021227N36297,HENRI,2021,223.9,1,1,65,4,15,13,8.825,15.9625,64,1.1538,0.9101,0.8769,0.1692,0,0
"South Jersey Port Corp, NJ",2021239N17281,IDA,2021,60.6,-4,4,40,2,14,12.5,8,18.15,68,1.12,0.5039,0.6667,0.3913,0,0
"South Jersey Port Corp, NJ",2021259N30286,ODETTE,2021,433.7,0,0,40,2,15.5,11.5,7.35,17.325,68,1.3478,1.2109,0.8406,0.2174,0,0
"South Jersey Port Corp, NJ",2021299N33284,WANDA,2021,415.7,-4,0,58,1,11,12.5,6,18.55,70,0.88,-0.3711,0.4085,0.6901,0,0
"South Jersey Port Corp, NJ",2023015N36289,UNNAMED,2023,477.4,-4,-2,45,1,20,14,8.45,18,70,1.4286,1.9438,1,0.0423,0,1
"South Jersey Port Corp, NJ",2023265N29284,OPHELIA,2023,185,0,0,45,2,15.5,12.5,9,18,68,1.24,1.1177,0.8696,0.1884,0,0
"South Louisiana, LA, Port of",2016158N22272,COLIN,2016,471.5,0,0,45,1,42,39,31.45,46.65,70,1.0769,0.6181,0.7887,0.2394,0,0
"South Louisiana, LA, Port of",2017171N24271,CINDY,2017,306.5,0,0,50,4,51.25,45.375,41.825,48.9625,64,1.1295,2.183,0.9692,0.0462,0,1
"South Louisiana, LA, Port of",2017228N14314,HARVEY,2017,245.6,0,4,45,4,53.5,49.75,43.25,64.2125,64,1.0754,0.5777,0.7077,0.3231,0,0
"South Louisiana, LA, Port of",2017277N11279,NATE,2017,126.7,1,1,80,2,47.5,55.25,46.5,64,68,0.8597,-1.3781,0.1594,0.8841,0,0
"South Louisiana, LA, Port of",2018146N19273,ALBERTO,2018,427.2,0,0,55,2,43.5,51,45.5,57.325,68,0.8529,-1.9465,0.029,1,1,0
"South Louisiana, LA, Port of",2018246N22283,GORDON,2018,182.5,0,0,60,3,51.3333,47.8333,42,54.3333,66,1.0732,0.7945,0.6567,0.3881,0,0
"South Louisiana, LA, Port of",2018280N18273,MICHAEL,2018,422.7,5,5,140,1,43,50,40.45,56,70,0.86,-1.3803,0.1408,0.9014,0,0
"South Louisiana, LA, Port of",2019192N29274,BARRY,2019,154.2,1,1,65,6,27.3333,32.75,24.9833,39.525,60,0.8346,-1.2118,0.1148,0.9016,0,0
"South Louisiana, LA, Port of",2019261N28264,IMELDA,2019,428.1,0,0,40,3,39.6667,37.8333,31.8333,41.1667,66,1.0485,0.6079,0.7612,0.2985,0,0
"South Louisiana, LA, Port of",2019291N22264,NESTOR,2019,357.3,0,0,50,2,39,37,28.525,40.825,68,1.0541,0.5374,0.7971,0.3043,0,0
"South Louisiana, LA, Port of",2019299N25265,OLGA,2019,9.2,0,0,45,2,31,37,28.525,41,68,0.8378,-1.549,0.1594,0.8841,0,0
"South Louisiana, LA, Port of",2020154N19269,CRISTOBAL,2020,42.9,0,0,45,3,24.3333,28.8333,24.4167,37.1667,66,0.8439,-1.129,0.0746,0.9701,0,0
"South Louisiana, LA, Port of",2020188N28271,FAY,2020,306.9,-3,0,30,2,30.5,30.75,24,40,68,0.9919,-0.0523,0.5072,0.5652,0,0
"South Louisiana, LA, Port of",2020205N26272,HANNA,2020,393.2,0,1,53,2,28,31,24.5,37.825,68,0.9032,-0.7308,0.2464,0.8261,0,0
"South Louisiana, LA, Port of",2020233N14313,LAURA,2020,270.2,4,4,130,2,25.5,31.25,24.175,41,68,0.816,-1.0394,0.1304,0.913,0,0
"South Louisiana, LA, Port of",2020234N14280,MARCO,2020,146.8,0,1,55,2,22,31.5,24.175,41,68,0.6984,-1.7048,0.0145,1,1,0
"South Louisiana, LA, Port of",2020256N25281,SALLY,2020,239.5,2,2,95,4,29.5,32.75,25.15,38.7125,64,0.9008,-0.7053,0.3077,0.7231,0,0
"South Louisiana, LA, Port of",2020261N21265,BETA,2020,187,0,0,55,7,38.8571,33.4286,25.8571,40.0643,58,1.1624,1.1763,0.8983,0.1186,0,0
"South Louisiana, LA, Port of",2020279N16284,DELTA,2020,209.8,3,4,103,3,33.3333,35,28,41.3333,66,0.9524,-0.3573,0.4328,0.597,0,0
"South Louisiana, LA, Port of",2020299N18277,ZETA,2020,61.8,3,3,100,2,27,33.25,25.675,40.825,68,0.812,-1.2525,0.1449,0.8986,0,0
"South Louisiana, LA, Port of",2021169N23268,CLAUDETTE,2021,13.6,0,0,40,3,33.6667,41,33,45.9167,66,0.8211,-1.9045,0.0896,0.9254,0,0
"South Louisiana, LA, Port of",2021222N14301,FRED,2021,488.5,0,0,55,2,43,42,28,55.825,68,1.0238,0.1158,0.5942,0.4783,0,0
"South Louisiana, LA, Port of",2021239N17281,IDA,2021,16.1,4,4,130,3,26.6667,46.6667,39,56.25,66,0.5714,-3.2128,0.0149,1,1,0
"South Louisiana, LA, Port of",2021252N28273,MINDY,2021,402.4,0,0,45,2,40,48.25,39.025,57.325,68,0.829,-1.4047,0.1014,0.942,0,0
"South Louisiana, LA, Port of",2021256N21265,NICHOLAS,2021,120.3,0,1,50,4,52.5,48.625,29.3875,56.5,64,1.0797,0.4895,0.6462,0.3692,0,0
"South Louisiana, LA, Port of",2023152N26274,ARLENE,2023,449.8,-1,0,33,2,45,40.75,33.175,50.15,68,1.1043,0.8853,0.8116,0.2174,0,0
"Tampa Port Authority, FL",2015126N27281,ANA,2015,334.3,-3,0,25,1,10,11,5,16,70,0.9091,-0.3116,0.4085,0.6761,0,0
"Tampa Port Authority, FL",2016148N27288,BONNIE,2016,436.7,0,0,40,2,6.5,9.5,3.5,15.975,68,0.6842,-0.8401,0.2174,0.8116,0,0
"Tampa Port Authority, FL",2016158N22272,COLIN,2016,243.3,0,0,45,2,8,9.5,3.675,14.825,68,0.8421,-0.4822,0.3188,0.7391,0,0
"Tampa Port Authority, FL",2016242N24279,HERMINE,2016,267.8,1,1,70,6,8.6667,11,8.6667,12,60,0.7879,-2.2147,0.082,0.9836,0,0
"Tampa Port Authority, FL",2016257N27280,JULIA,2016,147.6,0,0,45,3,12.6667,10,6.75,14.25,66,1.2667,1.2413,0.9254,0.1194,0,0
"Tampa Port Authority, FL",2016273N13300,MATTHEW,2016,228.7,4,5,120,3,9,10.8333,7.6667,14.9167,66,0.8308,-0.8555,0.2388,0.806,0,0
"Tampa Port Authority, FL",2017212N28275,EMILY,2017,47.5,0,0,50,3,11.6667,10,4.15,14.2333,64,1.1667,0.5338,0.7385,0.3385,0,0
"Tampa Port Authority, FL",2017240N31279,UNNAMED,2017,349.2,-3,-3,35,2,9,11,5.675,16.825,68,0.8182,-0.5723,0.2464,0.8116,0,0
"Tampa Port Authority, FL",2017242N16333,IRMA,2017,35.7,4,5,115,3,2,9.6667,7,12.3333,66,0.2069,-4.5433,0.0149,1,1,0
"Tampa Port Authority, FL",2018146N19273,ALBERTO,2018,235.6,0,0,55,3,13.3333,10.3333,6.75,15.25,66,1.2903,1.1298,0.8358,0.2239,0,0
"Tampa Port Authority, FL",2018246N22283,GORDON,2018,173.2,0,0,60,2,6,9,5.675,12.825,68,0.6667,-1.3494,0.1739,0.942,0,0
"Tampa Port Authority, FL",2018280N18273,MICHAEL,2018,384.4,5,5,140,3,6.6667,8.3333,5.75,11.3333,66,0.8,-0.9362,0.2239,0.8507,0,0
"Tampa Port Authority, FL",2019192N29274,BARRY,2019,412.3,-3,1,30,1,8,10,6.45,15.55,70,0.8,-0.7235,0.3099,0.8592,0,0
"Tampa Port Authority, FL",2019204N25283,UNNAMED,2019,242.5,-1,-1,30,2,6.5,10,6.5,15.325,68,0.65,-1.2149,0.087,0.971,0,0
"Tampa Port Authority, FL",2019236N10314,DORIAN,2019,321.2,5,5,155,4,11.75,9.625,5.5,14.4625,64,1.2208,0.7925,0.8615,0.1692,0,0
"Tampa Port Authority, FL",2019256N23286,HUMBERTO,2019,435.7,1,3,68,2,9.5,10.5,4.5,15.325,68,0.9048,-0.2916,0.3913,0.6377,0,0
"Tampa Port Authority, FL",2019291N22264,NESTOR,2019,388.6,0,0,50,2,9,7.5,4.5,11.5,68,1.2,0.6642,0.7536,0.3333,0,0
"Tampa Port Authority, FL",2020138N28281,ARTHUR,2020,358.3,0,0,35,2,9.5,10.5,7.175,14,68,0.9048,-0.5167,0.4058,0.7681,0,0
"Tampa Port Authority, FL",2020188N28271,FAY,2020,366.9,-3,0,30,2,13.5,8.5,5,14,68,1.5882,1.709,0.8986,0.1449,0,0
"Tampa Port Authority, FL",2020211N13306,ISAIAS,2020,261.1,1,1,65,3,12.3333,8.6667,4.6667,14.5833,66,1.4231,1.1136,0.7761,0.2388,0,0
"Tampa Port Authority, FL",2020244N30279,OMAR,2020,301.1,-3,0,28,2,5.5,7,3.5,11.15,68,0.7857,-0.5848,0.3188,0.7246,0,0
"Tampa Port Authority, FL",2020256N25281,SALLY,2020,176,1,2,75,4,3.75,7.25,4.5,11.2125,64,0.5172,-1.7045,0.0154,1,1,0
"Tampa Port Authority, FL",2020306N15288,ETA,2020,112.2,1,4,65,4,8.75,8.75,4.5,11,64,1,0,0.5231,0.5231,0,0
"Tampa Port Authority, FL",2021182N09317,ELSA,2021,114,1,1,65,3,11.3333,12.3333,10.3333,15.1667,66,0.9189,-0.6524,0.2388,0.8507,0,0
"Tampa Port Authority, FL",2021222N14301,FRED,2021,323,0,0,55,4,10.5,12.875,8.5,17.925,64,0.8155,-0.8399,0.2,0.8308,0,0
"Tampa Port Authority, FL",2021239N17281,IDA,2021,494,1,4,80,1,13,12,7,17,70,1.0833,0.3179,0.7324,0.3944,0,0
"Tampa Port Authority, FL",2021252N28273,MINDY,2021,325.4,0,0,50,2,14,10.5,5.35,15.825,68,1.3333,1.0844,0.8261,0.2029,0,0
"Tampa Port Authority, FL",2022154N21273,ALEX,2022,175.6,0,0,43,2,10,12.25,8.5,15.825,68,0.8163,-0.9752,0.1884,0.8841,0,0
"Tampa Port Authority, FL",2022183N32280,COLIN,2022,468.1,-1,0,33,1,14,12,8,16,70,1.1667,0.7427,0.8592,0.2254,0,0
"Tampa Port Authority, FL",2022266N12294,IAN,2022,101.2,5,5,140,4,1.75,12.25,10.25,14.7125,64,0.1429,-7.4408,0.0154,1,1,0
"Tampa Port Authority, FL",2022311N21293,NICOLE,2022,56.7,1,1,65,3,10.6667,12.8333,5.0833,14.8333,66,0.8312,-0.7224,0.2537,0.791,0,0
"Tampa Port Authority, FL",2023152N26274,ARLENE,2023,349.4,0,0,35,4,10.5,10.25,8,14.9625,64,1.0244,0.1051,0.5538,0.4923,0,0
"Tampa Port Authority, FL",2023239N21274,IDALIA,2023,215.7,4,4,115,2,2,11.5,7.5,14.5,68,0.1739,-4.0106,0.0145,1,1,0
"Texas City, TX",2015167N27266,BILL,2015,193.7,0,0,50,2,3,8,6,11,68,0.375,-2.9712,0.0145,1,1,0
"Texas City, TX",2017171N24271,CINDY,2017,121.9,0,0,50,3,7.3333,7.3333,5.0833,10.8333,66,1,0,0.5672,0.5672,0,0
"Texas City, TX",2017228N14314,HARVEY,2017,120.3,4,4,115,7,1.1429,7.5714,6.4071,8.2857,58,0.1509,-11.0819,0.0169,1,1,0
"Texas City, TX",2019192N29274,BARRY,2019,228,1,1,65,4,6.25,6.5,5.25,8.7125,64,0.9615,-0.1925,0.4308,0.6462,0,0
"Texas City, TX",2019261N28264,IMELDA,2019,49.2,0,0,40,3,8,6,3.8333,9.25,66,1.3333,1.2345,0.8358,0.209,0,0
"Texas City, TX",2019299N25265,OLGA,2019,345,0,0,45,2,10,6,3.175,9,68,1.6667,2.205,1,0.029,0,1
"Texas City, TX",2020154N19269,CRISTOBAL,2020,408.1,0,0,45,2,4.5,5,2.5,8,68,0.9,-0.3142,0.4638,0.6667,0,0
"Texas City, TX",2020205N26272,HANNA,2020,261.1,1,1,80,3,3,5,1.9167,8,66,0.6,-1.1334,0.1493,0.8955,0,0
"Texas City, TX",2020233N14313,LAURA,2020,159,4,4,130,2,0,6,2.5,9,68,0,-3.1366,0.0145,1,1,0
"Texas City, TX",2020234N14280,MARCO,2020,254.6,-1,1,30,1,2,6,2,9,70,0.3333,-1.8328,0.0845,0.9718,0,0
"Texas City, TX",2020261N21265,BETA,2020,29.8,0,0,55,6,3.6667,4.8333,2.325,7.0083,60,0.7586,-0.8343,0.1803,0.8525,0,0
"Texas City, TX",2020279N16284,DELTA,2020,145.8,3,4,105,2,5.5,5.5,1.35,8.5,68,1,0,0.5362,0.5797,0,0
"Texas City, TX",2020299N18277,ZETA,2020,403.5,3,3,100,2,4,6,2.675,9,68,0.6667,-1.0318,0.1884,0.8696,0,0
"Texas City, TX",2021169N23268,CLAUDETTE,2021,373.4,0,0,40,2,7.5,6,4.175,9.325,68,1.25,0.8754,0.7826,0.2609,0,0
"Texas City, TX",2021239N17281,IDA,2021,413.2,4,4,130,2,6.5,6,2.675,9.825,68,1.0833,0.2334,0.6957,0.4638,0,0
"Texas City, TX",2021256N21265,NICHOLAS,2021,16.9,1,1,65,5,3,6.5,4.4,8.8,62,0.4615,-2.4799,0.0159,1,1,0
"Texas City, TX",2023234N25271,HAROLD,2023,329.3,0,0,50,1,6,8,4.45,11.55,70,0.75,-0.8506,0.2676,0.8451,0,0
"Virginia, VA, Port of",2015126N27281,ANA,2015,12.4,0,0,48,4,22.75,23.5,19.825,28.4625,64,0.9681,-0.2756,0.4,0.6308,0,0
"Virginia, VA, Port of",2015167N27266,BILL,2015,490,-3,0,15,1,25,23,18,28,70,1.087,0.5952,0.7746,0.3662,0,0
"Virginia, VA, Port of",2015193N35285,CLAUDETTE,2015,185.6,-1,0,30,2,21,24,18.35,28.325,68,0.875,-0.9897,0.1884,0.8841,0,0
"Virginia, VA, Port of",2016148N27288,BONNIE,2016,203.9,0,0,35,5,25.4,21.7,19.6,25,62,1.1705,2.2116,0.9841,0.0635,0,0
"Virginia, VA, Port of",2016158N22272,COLIN,2016,232.1,-4,0,50,1,23,22,16.45,26.55,70,1.0455,0.2841,0.7042,0.4789,0,0
"Virginia, VA, Port of",2016240N31295,UNNAMED,2016,284.5,-1,-1,30,4,17.25,20.875,16.7875,25.25,64,0.8263,-1.2689,0.1077,0.9077,0,0
"Virginia, VA, Port of",2016242N24279,HERMINE,2016,142.2,0,1,60,6,17.3333,21.25,17.6333,25.5,60,0.8157,-1.5117,0.0656,0.9508,0,0
"Virginia, VA, Port of",2016257N27280,JULIA,2016,145.6,-3,0,30,3,20,19.6667,15.0833,23.25,66,1.0169,0.1299,0.5522,0.4925,0,0
"Virginia, VA, Port of",2016273N13300,MATTHEW,2016,240,1,5,70,2,15,19.5,14.175,24.325,68,0.7692,-1.4862,0.1159,0.913,0,0
"Virginia, VA, Port of",2017171N24271,CINDY,2017,293.6,-3,0,25,1,25,26,20,31.55,70,0.9615,-0.2819,0.4789,0.6901,0,0
"Virginia, VA, Port of",2017240N31279,UNNAMED,2017,181.8,-3,-3,40,1,29,28,20,35,70,1.0357,0.223,0.5915,0.4507,0,0
"Virginia, VA, Port of",2017247N09327,JOSE,2017,418.4,1,4,65,2,29,26.75,22.175,32.325,68,1.0841,0.6949,0.6812,0.3913,0,0
"Virginia, VA, Port of",2017260N12310,MARIA,2017,347.9,1,5,65,3,31.3333,26.6667,22.1667,31.75,66,1.175,1.6181,0.9403,0.0746,0,0
"Virginia, VA, Port of",2018186N31292,CHRIS,2018,430,0,2,43,2,32.5,28.5,23.175,32,68,1.1404,1.4904,0.9855,0.0435,0,1
"Virginia, VA, Port of",2018242N13343,FLORENCE,2018,307,3,4,98,6,21.8333,27.1667,24.475,30.175,60,0.8037,-2.6,0.0164,1,1,0
"Virginia, VA, Port of",2018280N18273,MICHAEL,2018,18.3,0,5,60,2,20.5,27,14.6,33.15,68,0.7593,-1.202,0.087,0.9275,0,0
"Virginia, VA, Port of",2019236N10314,DORIAN,2019,184.2,2,5,93,3,17.3333,24.3333,21.3333,29.25,66,0.7123,-2.8585,0.0149,1,1,0
"Virginia, VA, Port of",2019239N32287,ERIN,2019,400.1,-1,0,35,2,23.5,23.5,20.175,26.5,68,1,0,0.5217,0.5362,0,0
"Virginia, VA, Port of",2019282N35286,MELISSA,2019,290.6,-4,0,43,2,24,25.5,19,30.15,68,0.9412,-0.4523,0.3333,0.7246,0,0
"Virginia, VA, Port of",2019291N22264,NESTOR,2019,35.1,-4,0,40,2,32.5,25,20.5,29,68,1.3,2.544,1,0.0145,0,1
"Virginia, VA, Port of",2020138N28281,ARTHUR,2020,212.8,0,0,50,2,24.5,21.5,17.5,24.825,68,1.1395,1.3182,0.942,0.087,0,0
"Virginia, VA, Port of",2020148N32281,BERTHA,2020,424.3,-1,0,30,2,21.5,20.75,17.175,25.5,68,1.0361,0.2796,0.6522,0.4638,0,0
"Virginia, VA, Port of",2020188N28271,FAY,2020,136.4,0,0,50,4,18.75,20,16.7875,23.25,64,0.9375,-0.617,0.2923,0.7692,0,0
"Virginia, VA, Port of",2020211N13306,ISAIAS,2020,99.1,1,1,80,1,15,21,16,26,70,0.7143,-1.7509,0.0563,0.9718,0,0
"Virginia, VA, Port of",2020228N37286,KYLE,2020,192.4,0,0,40,2,23.5,21.25,16.5,28.325,68,1.1059,0.6276,0.7681,0.2609,0,0
"Virginia, VA, Port of",2020244N30279,OMAR,2020,346.4,0,0,35,2,16.5,21.25,16.175,28.325,68,0.7765,-1.2993,0.087,0.942,0,0
"Virginia, VA, Port of",2020299N18277,ZETA,2020,193.8,0,3,45,2,24.5,24,18.5,29,68,1.0208,0.1487,0.5797,0.4783,0,0
"Virginia, VA, Port of",2020306N15288,ETA,2020,334.7,0,4,40,1,30,24,17,31.55,70,1.25,1.4008,0.9155,0.1549,0,0
"Virginia, VA, Port of",2021165N32282,BILL,2021,361.7,0,0,38,1,28,30,24.45,36,70,0.9333,-0.576,0.3239,0.8169,0,0
"Virginia, VA, Port of",2021169N23268,CLAUDETTE,2021,100.3,0,0,40,1,26,30,24.45,36,70,0.8667,-1.0601,0.1549,0.8873,0,0
"Virginia, VA, Port of",2021182N09317,ELSA,2021,80.2,0,1,50,2,30.5,31,26,36.65,68,0.9839,-0.1461,0.4928,0.5797,0,0
"Virginia, VA, Port of",2021222N14301,FRED,2021,487.5,-3,0,20,1,30,30,23.45,35.55,70,1,0,0.5493,0.5211,0,0
"Virginia, VA, Port of",2021227N36297,HENRI,2021,439.1,1,1,65,2,31.5,30.5,25,34.325,68,1.0328,0.3307,0.6957,0.3623,0,0
"Virginia, VA, Port of",2021239N17281,IDA,2021,285.1,-4,4,38,2,27,31,25.025,35.5,68,0.871,-1.1667,0.2319,0.7971,0,0
"Virginia, VA, Port of",2021259N30286,ODETTE,2021,303.3,0,0,40,3,27.6667,29.3333,21.1667,35.5,66,0.9432,-0.376,0.3881,0.6567,0,0
"Virginia, VA, Port of",2021299N33284,WANDA,2021,360.8,-4,0,45,2,24,31.5,24.5,36.5,68,0.7619,-1.6864,0.0435,0.971,1,0
"Virginia, VA, Port of",2022183N32280,COLIN,2022,415.3,0,0,35,1,28,26,20.45,32.55,70,1.0769,0.4173,0.6479,0.4085,0,0
"Virginia, VA, Port of",2022266N12294,IAN,2022,350.8,1,5,70,2,23,27,23.675,29.325,68,0.8519,-2.2354,0.029,1,1,0
"Virginia, VA, Port of",2023015N36289,UNNAMED,2023,451.9,-4,-2,45,1,23,29,24.45,34.55,70,0.7931,-2.0488,0.0423,0.9718,1,0
"Virginia, VA, Port of",2023239N21274,IDALIA,2023,358.1,0,4,55,1,26,30,24.45,35,70,0.8667,-1.1163,0.1549,0.9155,0,0
"Virginia, VA, Port of",2023265N29284,OPHELIA,2023,113.6,0,0,60,3,23,27.3333,23,31,66,0.8415,-1.7185,0.0896,0.9701,0,0
