port,SID,name,season,min_dist_km,sshs_max,sshs_storm_lifetime,wind_max_kt,landfall_in_window,excess_days,total_excess,total_excess_value,t_initial_disruption,t_start_recovery,t_end_disruption,disruption_days,recovery_days,recovery_observed,days_at_zero,total_impact,total_impact_value,max_impact,observed_in_window,baseline_in_window
"Baltimore, MD",2015126N27281,ANA,2015,194.6,-1,0,30,1,1,0.0355,0.788,,,,0,0,0,0,0,0,0,,
"Baltimore, MD",2015167N27266,BILL,2015,408.7,-3,0,15,1,4,0.3867,8.048,,,,0,0,0,0,0,0,0,,
"Baltimore, MD",2015193N35285,CLAUDETTE,2015,457.2,-3,0,25,0,2,0.3347,6.452,,,,0,0,0,0,0,0,0,,
"Baltimore, MD",2016148N27288,BONNIE,2016,461.4,-1,0,30,0,0,0,0,,,,0,0,0,0,0,0,0,,
"Baltimore, MD",2016158N22272,COLIN,2016,474.6,-4,0,50,0,0,0,0,,,,0,0,0,0,0,0,0,,
"Baltimore, MD",2016242N24279,HERMINE,2016,353.8,0,1,60,1,0,0,0,2016-09-03,2016-09-05,2016-09-06,3,1,0,0,0.9759,15.93,0.3953,33,48.93
"Baltimore, MD",2016257N27280,JULIA,2016,422.4,-4,0,25,1,0,0,0,,,,0,0,0,0,0,0,0,,
"Baltimore, MD",2017240N31279,UNNAMED,2017,455.2,-4,-3,40,0,3,0.3787,7.369,,,,0,0,0,0,0,0,0,,
"Baltimore, MD",2017260N12310,MARIA,2017,495.7,1,5,65,0,0,0,0,,,,0,0,0,0,0,0,0,,
"Baltimore, MD",2017277N11279,NATE,2017,369.7,-4,1,25,1,2,0.1234,2.43,,,,0,0,0,0,0,0,0,,
"Baltimore, MD",2018242N13343,FLORENCE,2018,212,-4,4,25,1,1,0.0416,0.918,,,,0,0,0,0,0,0,0,,
"Baltimore, MD",2018280N18273,MICHAEL,2018,272.1,0,5,60,1,0,0,0,2018-10-10,2018-10-11,2018-10-14,4,3,0,0,1.1226,21.014,0.3076,54,75.014
"Baltimore, MD",2019236N10314,DORIAN,2019,437.7,2,5,85,0,0,0,0,2019-09-06,2019-09-07,2019-09-08,2,1,0,0,0.747,11.309,0.3951,19,30.309
"Baltimore, MD",2019291N22264,NESTOR,2019,238.9,-4,0,40,1,0,0,0,,,,0,0,0,0,0,0,0,,
"Baltimore, MD",2020138N28281,ARTHUR,2020,456.1,0,0,50,0,0,0,0,,,,0,0,0,0,0,0,0,,
"Baltimore, MD",2020148N32281,BERTHA,2020,346.6,-4,0,20,1,0,0,0,,,,0,0,0,0,0,0,0,,
"Baltimore, MD",2020188N28271,FAY,2020,189.4,0,0,50,1,0,0,0,,,,0,0,0,0,0,0,0,,
"Baltimore, MD",2020211N13306,ISAIAS,2020,53.1,0,1,60,1,0,0,0,2020-08-04,2020-08-04,2020-08-05,1,1,0,0,0.3232,5.254,0.3232,11,16.254
"Baltimore, MD",2020228N37286,KYLE,2020,375.8,0,0,38,0,0,0,0,,,,0,0,0,0,0,0,0,,
"Baltimore, MD",2020299N18277,ZETA,2020,158.8,-4,3,45,1,0,0,0,,,,0,0,0,0,0,0,0,,
"Baltimore, MD",2021169N23268,CLAUDETTE,2021,351.7,0,0,40,1,0,0,0,,,,0,0,0,0,0,0,0,,
"Baltimore, MD",2021182N09317,ELSA,2021,146.5,0,1,50,1,0,0,0,,,,0,0,0,0,0,0,0,,
"Baltimore, MD",2021222N14301,FRED,2021,241.7,-3,0,25,1,0,0,0,2021-08-19,2021-08-20,2021-08-21,2,1,0,0,0.527,11.091,0.2871,31,42.091
"Baltimore, MD",2021227N36297,HENRI,2021,307.6,1,1,65,1,0,0,0,,,,0,0,0,0,0,0,0,,
"Baltimore, MD",2021239N17281,IDA,2021,34,-4,4,40,1,0,0,0,,,,0,0,0,0,0,0,0,,
"Baltimore, MD",2023265N29284,OPHELIA,2023,61.1,0,0,50,1,0,0,0,,,,0,0,0,0,0,0,0,,
"Beaumont, TX",2015167N27266,BILL,2015,278.8,0,0,50,1,0,0,0,,,,0,0,0,0,0,0,0,,
"Beaumont, TX",2017228N14314,HARVEY,2017,63.9,4,4,115,1,0,0,0,,,,0,0,0,0,0,0,0,,
"Beaumont, TX",2017277N11279,NATE,2017,475.9,1,1,75,1,0,0,0,,,,0,0,0,0,0,0,0,,
"Beaumont, TX",2018246N22283,GORDON,2018,446.6,0,0,38,1,0,0,0,,,,0,0,0,0,0,0,0,,
"Beaumont, TX",2019192N29274,BARRY,2019,130.5,1,1,65,1,0,0,0,2019-07-11,2019-07-11,2019-07-13,2,2,1,0,0.7135,9.431,0.3959,17,26.431
"Beaumont, TX",2019261N28264,IMELDA,2019,102.5,0,0,40,1,0,0,0,,,,0,0,0,0,0,0,0,,
"Beaumont, TX",2019299N25265,OLGA,2019,317,0,0,45,1,0,0,0,2019-10-21,2019-10-24,2019-10-26,5,2,1,0,2.1024,27.624,0.551,38,65.624
"Beaumont, TX",2020154N19269,CRISTOBAL,2020,311.1,0,0,45,1,0,0,0,2020-06-09,2020-06-09,2020-06-10,1,1,0,0,0.354,4.931,0.354,9,13.931
"Beaumont, TX",2020205N26272,HANNA,2020,317.6,1,1,80,1,0,0,0,,,,0,0,0,0,0,0,0,,
"Beaumont, TX",2020233N14313,LAURA,2020,85.6,4,4,130,1,0,0,0,2020-08-24,2020-08-24,2020-09-02,9,9,0,0,4.306,49.573,0.4908,54,103.573
"Beaumont, TX",2020234N14280,MARCO,2020,207.1,0,1,35,0,0,0,0,2020-08-24,2020-08-24,2020-09-02,9,9,0,0,4.3634,50.852,0.4966,54,104.852
"Beaumont, TX",2020261N21265,BETA,2020,17.1,0,0,55,1,0,0,0,,,,0,0,0,0,0,0,0,,
"Beaumont, TX",2020279N16284,DELTA,2020,104,3,4,105,1,0,0,0,2020-10-09,2020-10-09,2020-10-11,2,2,0,0,0.9186,10.194,0.46,12,22.194
"Beaumont, TX",2020299N18277,ZETA,2020,354.9,3,3,100,1,0,0,0,,,,0,0,0,0,0,0,0,,
"Beaumont, TX",2021169N23268,CLAUDETTE,2021,317.9,0,0,40,1,0,0,0,,,,0,0,0,0,0,0,0,,
"Beaumont, TX",2021239N17281,IDA,2021,326,4,4,130,1,0,0,0,2021-08-29,2021-08-29,2021-08-31,2,2,0,0,0.6733,8.121,0.3423,16,24.121
"Beaumont, TX",2021256N21265,NICHOLAS,2021,6.1,1,1,65,1,0,0,0,2021-09-14,2021-09-14,2021-09-16,2,2,0,0,0.6125,7.947,0.3123,18,25.947
"Beaumont, TX",2023234N25271,HAROLD,2023,424.3,0,0,50,0,3,0.1731,3.102,,,,0,0,0,0,0,0,0,,
"Corpus Christi, TX",2015167N27266,BILL,2015,89.7,0,0,50,1,0,0,0,,,,0,0,0,0,0,0,0,,
"Corpus Christi, TX",2017228N14314,HARVEY,2017,57.3,4,4,115,1,0,0,0,2017-08-24,2017-08-25,2017-09-02,9,8,1,6,7.8504,148.577,1,22,170.577
"Corpus Christi, TX",2019246N24266,FERNAND,2019,365.4,0,0,45,1,0,0,0,,,,0,0,0,0,0,0,0,,
"Corpus Christi, TX",2019261N28264,IMELDA,2019,185.5,0,0,40,1,0,0,0,,,,0,0,0,0,0,0,0,,
"Corpus Christi, TX",2019299N25265,OLGA,2019,434.2,0,0,43,0,0,0,0,,,,0,0,0,0,0,0,0,,
"Corpus Christi, TX",2020205N26272,HANNA,2020,117.5,1,1,80,1,0,0,0,2020-07-25,2020-07-25,2020-07-27,2,2,0,0,1.2497,16.66,0.6287,10,26.66
"Corpus Christi, TX",2020233N14313,LAURA,2020,444.6,4,4,130,1,3,0.284,5.003,,,,0,0,0,0,0,0,0,,
"Corpus Christi, TX",2020261N21265,BETA,2020,118.7,0,0,55,1,7,1.3635,24.746,2020-09-20,2020-09-21,2020-09-22,2,1,0,0,1.7804,24.331,0.9269,3,27.331
"Corpus Christi, TX",2020279N16284,DELTA,2020,366.2,3,4,105,1,0,0,0,2020-10-07,2020-10-07,2020-10-10,3,3,1,0,1.2774,18.526,0.4502,25,43.526
"Corpus Christi, TX",2021256N21265,NICHOLAS,2021,116.3,1,1,65,1,0,0,0,2021-09-12,2021-09-13,2021-09-14,2,1,0,0,0.5307,10.84,0.3155,30,40.84
"Corpus Christi, TX",2022232N20266,UNNAMED,2022,338,-3,-3,30,0,0,0,0,,,,0,0,0,0,0,0,0,,
"Corpus Christi, TX",2023234N25271,HAROLD,2023,83,0,0,50,1,6,0.6377,17.169,,,,0,0,0,0,0,0,0,,
"Galveston, TX",2015167N27266,BILL,2015,176.2,0,0,50,1,4,0.5772,7.845,,,,0,0,0,0,0,0,0,,
"Galveston, TX",2017228N14314,HARVEY,2017,103,4,4,115,1,0,0,0,2017-08-25,2017-08-28,2017-09-02,8,5,0,2,6.0348,64.121,1,21,85.121
"Galveston, TX",2019192N29274,BARRY,2019,236.4,1,1,65,1,0,0,0,2019-07-12,2019-07-12,2019-07-13,1,1,0,0,0.3369,4.064,0.3369,8,12.064
"Galveston, TX",2019261N28264,IMELDA,2019,59.3,0,0,40,1,0,0,0,2019-09-17,2019-09-17,2019-09-18,1,1,0,0,0.3661,4.62,0.3661,8,12.62
"Galveston, TX",2019299N25265,OLGA,2019,330.5,0,0,45,1,0,0,0,,,,0,0,0,0,0,0,0,,
"Galveston, TX",2020154N19269,CRISTOBAL,2020,415.9,0,0,45,1,0,0,0,,,,0,0,0,0,0,0,0,,
"Galveston, TX",2020205N26272,HANNA,2020,238.4,1,1,80,1,0,0,0,2020-07-24,2020-07-25,2020-07-27,3,2,1,0,1.7705,18.641,0.8098,13,31.641
"Galveston, TX",2020233N14313,LAURA,2020,161.7,4,4,130,1,0,0,0,2020-08-25,2020-08-27,2020-08-29,4,2,1,1,3.1823,30.806,1,8,38.806
"Galveston, TX",2020234N14280,MARCO,2020,248.8,-1,1,30,0,0,0,0,2020-08-25,2020-08-27,2020-08-29,4,2,1,1,3.1789,30.654,1,8,38.654
"Galveston, TX",2020261N21265,BETA,2020,52.6,0,0,55,1,0,0,0,2020-09-20,2020-09-21,2020-09-24,4,3,1,0,2.8829,29.452,0.9055,11,40.452
"Galveston, TX",2020279N16284,DELTA,2020,136.4,3,4,105,1,0,0,0,2020-10-09,2020-10-09,2020-10-10,1,1,0,0,0.4724,4.477,0.4724,5,9.477
"Galveston, TX",2020299N18277,ZETA,2020,391.9,3,3,100,1,0,0,0,,,,0,0,0,0,0,0,0,,
"Galveston, TX",2021169N23268,CLAUDETTE,2021,367.1,0,0,40,1,3,0.1934,3.009,,,,0,0,0,0,0,0,0,,
"Galveston, TX",2021239N17281,IDA,2021,413.5,4,4,130,1,0,0,0,2021-08-30,2021-08-30,2021-08-31,1,1,0,0,0.3108,4.059,0.3108,9,13.059
"Galveston, TX",2021256N21265,NICHOLAS,2021,39.8,1,1,65,1,2,0.4151,7.028,2021-09-14,2021-09-14,2021-09-15,1,1,0,0,0.6297,8.501,0.6297,5,13.501
"Galveston, TX",2023234N25271,HAROLD,2023,311.1,0,0,50,1,0,0,0,,,,0,0,0,0,0,0,0,,
"Greater Lafourche Port, LA",2015167N27266,BILL,2015,474.9,0,0,45,0,0,0,0,,,,0,0,0,0,0,0,0,,
"Greater Lafourche Port, LA",2016158N22272,COLIN,2016,405.3,0,0,45,0,0,0,0,,,,0,0,0,0,0,0,0,,
"Greater Lafourche Port, LA",2016242N24279,HERMINE,2016,475.7,1,1,65,0,0,0,0,,,,0,0,0,0,0,0,0,,
"Greater Lafourche Port, LA",2017212N28275,EMILY,2017,482.5,-1,0,30,0,0,0,0,,,,0,0,0,0,0,0,0,,
"Greater Lafourche Port, LA",2017228N14314,HARVEY,2017,309.6,0,4,45,1,0,0,0,,,,0,0,0,0,0,0,0,,
"Greater Lafourche Port, LA",2017277N11279,NATE,2017,104.1,1,1,80,1,0,0,0,,,,0,0,0,0,0,0,0,,
"Greater Lafourche Port, LA",2018146N19273,ALBERTO,2018,416.2,0,0,55,1,0,0,0,,,,0,0,0,0,0,0,0,,
"Greater Lafourche Port, LA",2018246N22283,GORDON,2018,205.7,0,0,60,1,0,0,0,,,,0,0,0,0,0,0,0,,
"Greater Lafourche Port, LA",2018280N18273,MICHAEL,2018,378.5,5,5,140,1,0,0,0,,,,0,0,0,0,0,0,0,,
"Greater Lafourche Port, LA",2019192N29274,BARRY,2019,112.5,1,1,65,1,5,1.755,6.983,,,,0,0,0,0,0,0,0,,
"Greater Lafourche Port, LA",2019261N28264,IMELDA,2019,477.3,-1,0,30,1,0,0,0,,,,0,0,0,0,0,0,0,,
"Greater Lafourche Port, LA",2019291N22264,NESTOR,2019,292.7,0,0,50,1,0,0,0,,,,0,0,0,0,0,0,0,,
"Greater Lafourche Port, LA",2019299N25265,OLGA,2019,82.2,0,0,45,1,0,0,0,,,,0,0,0,0,0,0,0,,
"Greater Lafourche Port, LA",2020154N19269,CRISTOBAL,2020,42.8,0,0,45,1,0,0,0,,,,0,0,0,0,0,0,0,,
"Greater Lafourche Port, LA",2020188N28271,FAY,2020,229.4,-3,0,30,1,0,0,0,,,,0,0,0,0,0,0,0,,
"Greater Lafourche Port, LA",2020205N26272,HANNA,2020,343.3,0,1,55,0,6,1.0334,4.327,,,,0,0,0,0,0,0,0,,
"Greater Lafourche Port, LA",2020233N14313,LAURA,2020,284.1,4,4,130,1,0,0,0,,,,0,0,0,0,0,0,0,,
"Greater Lafourche Port, LA",2020234N14280,MARCO,2020,67.5,0,1,60,0,0,0,0,,,,0,0,0,0,0,0,0,,
"Greater Lafourche Port, LA",2020256N25281,SALLY,2020,207.5,2,2,95,1,0,0,0,,,,0,0,0,0,0,0,0,,
"Greater Lafourche Port, LA",2020261N21265,BETA,2020,262,0,0,55,1,0,0,0,,,,0,0,0,0,0,0,0,,
"Greater Lafourche Port, LA",2020279N16284,DELTA,2020,270.8,3,4,105,1,0,0,0,,,,0,0,0,0,0,0,0,,
"Greater Lafourche Port, LA",2020299N18277,ZETA,2020,37.8,3,3,100,1,0,0,0,,,,0,0,0,0,0,0,0,,
"Greater Lafourche Port, LA",2021169N23268,CLAUDETTE,2021,57.5,0,0,40,1,4,0.6807,4.841,,,,0,0,0,0,0,0,0,,
"Greater Lafourche Port, LA",2021222N14301,FRED,2021,446.9,0,0,55,1,0,0,0,2021-08-17,2021-08-17,2021-08-18,1,1,0,0,0.3727,2.377,0.3727,4,6.377
"Greater Lafourche Port, LA",2021239N17281,IDA,2021,21.2,4,4,130,1,0,0,0,2021-08-29,2021-08-30,2021-09-11,13,12,0,2,9.2992,64.966,1,26,90.966
"Greater Lafourche Port, LA",2021252N28273,MINDY,2021,350.5,0,0,50,1,0,0,0,2021-08-29,2021-09-19,2021-09-20,22,1,0,2,13.6443,98.341,1,61,159.341
"Greater Lafourche Port, LA",2021256N21265,NICHOLAS,2021,131.9,0,1,43,1,0,0,0,2021-09-04,2021-09-19,2021-09-21,17,2,0,0,9.2905,66.328,0.7057,56,122.328
"Greater Lafourche Port, LA",2023152N26274,ARLENE,2023,393.7,0,0,35,0,0,0,0,2023-05-31,2023-05-31,2023-06-02,2,2,1,0,0.6592,8.359,0.448,17,25.359
"Greater Lafourche Port, LA",2023234N25271,HAROLD,2023,478.5,-1,0,30,0,0,0,0,2023-08-20,2023-08-20,2023-08-23,3,3,0,0,0.5776,7.617,0.2284,32,39.617
"Houston Port Authority, TX",2015167N27266,BILL,2015,156.1,0,0,50,1,0,0,0,2015-06-16,2015-06-16,2015-06-18,2,2,1,0,0.522,36,0.286,102,138
"Houston Port Authority, TX",2017228N14314,HARVEY,2017,165.9,4,4,115,1,0,0,0,2017-08-25,2017-08-28,2017-09-05,11,8,1,2,8.434,616.365,1,189,805.365
"Houston Port Authority, TX",2019192N29274,BARRY,2019,245.6,1,1,65,1,0,0,0,,,,0,0,0,0,0,0,0,,
"Houston Port Authority, TX",2019261N28264,IMELDA,2019,20.6,0,0,40,1,0,0,0,,,,0,0,0,0,0,0,0,,
"Houston Port Authority, TX",2019299N25265,OLGA,2019,410,0,0,45,1,0,0,0,2019-10-26,2019-10-26,2019-10-28,2,2,0,0,0.4132,25.548,0.2185,98,123.548
"Houston Port Authority, TX",2020154N19269,CRISTOBAL,2020,424.5,0,0,35,1,0,0,0,,,,0,0,0,0,0,0,0,,
"Houston Port Authority, TX",2020205N26272,HANNA,2020,306.8,1,1,80,1,0,0,0,2020-07-25,2020-07-25,2020-07-26,1,1,0,0,0.2074,11.514,0.2074,44,55.514
"Houston Port Authority, TX",2020233N14313,LAURA,2020,201.9,4,4,130,1,0,0,0,2020-08-25,2020-08-27,2020-08-28,3,1,0,0,2.1271,104.053,0.9195,42,146.053
"Houston Port Authority, TX",2020234N14280,MARCO,2020,311,-3,1,25,0,0,0,0,2020-08-25,2020-08-27,2020-08-28,3,1,0,0,2.1283,104.264,0.9197,42,146.264
"Houston Port Authority, TX",2020261N21265,BETA,2020,41.7,0,0,55,1,0,0,0,2020-09-20,2020-09-21,2020-09-24,4,3,1,0,2.3997,133.33,0.7665,89,222.33
"Houston Port Authority, TX",2020279N16284,DELTA,2020,202.4,3,4,105,1,0,0,0,,,,0,0,0,0,0,0,0,,
"Houston Port Authority, TX",2020299N18277,ZETA,2020,466,3,3,100,1,0,0,0,,,,0,0,0,0,0,0,0,,
"Houston Port Authority, TX",2021169N23268,CLAUDETTE,2021,429.3,0,0,40,1,0,0,0,,,,0,0,0,0,0,0,0,,
"Houston Port Authority, TX",2021239N17281,IDA,2021,448.8,4,4,125,1,0,0,0,,,,0,0,0,0,0,0,0,,
"Houston Port Authority, TX",2021256N21265,NICHOLAS,2021,43.9,1,1,65,1,0,0,0,2021-09-14,2021-09-14,2021-09-15,1,1,0,0,0.3282,28.341,0.3282,58,86.341
"Houston Port Authority, TX",2023234N25271,HAROLD,2023,354,0,0,50,1,0,0,0,,,,0,0,0,0,0,0,0,,
"Jacksonville, FL",2015126N27281,ANA,2015,372,0,0,50,1,0,0,0,,,,0,0,0,0,0,0,0,,
"Jacksonville, FL",2016148N27288,BONNIE,2016,228.4,0,0,40,1,0,0,0,,,,0,0,0,0,0,0,0,,
"Jacksonville, FL",2016158N22272,COLIN,2016,58.3,0,0,45,1,0,0,0,,,,0,0,0,0,0,0,0,,
"Jacksonville, FL",2016242N24279,HERMINE,2016,160.6,1,1,70,1,0,0,0,2016-09-01,2016-09-02,2016-09-03,2,1,0,0,0.8857,11.692,0.6145,15,26.692
"Jacksonville, FL",2016257N27280,JULIA,2016,18.5,0,0,45,1,0,0,0,,,,0,0,0,0,0,0,0,,
"Jacksonville, FL",2016273N13300,MATTHEW,2016,93.5,4,5,115,1,0,0,0,2016-10-05,2016-10-06,2016-10-10,5,4,1,0,3.2504,40.361,0.7822,21,61.361
"Jacksonville, FL",2017212N28275,EMILY,2017,277.2,0,0,50,1,0,0,0,,,,0,0,0,0,0,0,0,,
"Jacksonville, FL",2017240N31279,UNNAMED,2017,100.5,-3,-3,35,0,0,0,0,,,,0,0,0,0,0,0,0,,
"Jacksonville, FL",2017242N16333,IRMA,2017,129.4,3,5,100,1,0,0,0,2017-09-09,2017-09-10,2017-09-14,5,4,1,0,3.2566,32.806,0.8182,18,50.806
"Jacksonville, FL",2018146N19273,ALBERTO,2018,412.3,0,0,55,1,0,0,0,,,,0,0,0,0,0,0,0,,
"Jacksonville, FL",2018242N13343,FLORENCE,2018,363.1,0,4,63,1,0,0,0,,,,0,0,0,0,0,0,0,,
"Jacksonville, FL",2018246N22283,GORDON,2018,445.3,0,0,55,0,0,0,0,,,,0,0,0,0,0,0,0,,
"Jacksonville, FL",2018280N18273,MICHAEL,2018,289.4,5,5,140,1,1,0.0424,0.651,,,,0,0,0,0,0,0,0,,
"Jacksonville, FL",2019204N25283,UNNAMED,2019,251.3,-1,-1,30,0,0,0,0,,,,0,0,0,0,0,0,0,,
"Jacksonville, FL",2019236N10314,DORIAN,2019,188.2,4,5,120,0,0,0,0,2019-09-01,2019-09-03,2019-09-06,5,3,1,2,4.272,41.207,1,7,48.207
"Jacksonville, FL",2019256N23286,HUMBERTO,2019,370.3,1,3,75,0,0,0,0,,,,0,0,0,0,0,0,0,,
"Jacksonville, FL",2019291N22264,NESTOR,2019,239.1,-4,0,40,1,0,0,0,,,,0,0,0,0,0,0,0,,
"Jacksonville, FL",2020138N28281,ARTHUR,2020,384.3,0,0,40,0,0,0,0,,,,0,0,0,0,0,0,0,,
"Jacksonville, FL",2020148N32281,BERTHA,2020,302,0,0,45,1,0,0,0,,,,0,0,0,0,0,0,0,,
"Jacksonville, FL",2020188N28271,FAY,2020,308.7,-3,0,30,1,0,0,0,,,,0,0,0,0,0,0,0,,
"Jacksonville, FL",2020211N13306,ISAIAS,2020,161.7,1,1,80,1,0,0,0,2020-08-02,2020-08-02,2020-08-04,2,2,1,0,1.4533,10.018,0.8406,4,14.018
"Jacksonville, FL",2020244N30279,OMAR,2020,93.5,-1,0,30,0,0,0,0,,,,0,0,0,0,0,0,0,,
"Jacksonville, FL",2020256N25281,SALLY,2020,377,0,2,50,1,0,0,0,,,,0,0,0,0,0,0,0,,
"Jacksonville, FL",2020306N15288,ETA,2020,23.3,0,4,63,1,0,0,0,2020-11-11,2020-11-11,2020-11-12,1,1,0,0,0.528,4.475,0.528,4,8.475
"Jacksonville, FL",2021165N32282,BILL,2021,380.9,-3,0,20,0,0,0,0,,,,0,0,0,0,0,0,0,,
"Jacksonville, FL",2021169N23268,CLAUDETTE,2021,408.2,0,0,35,1,0,0,0,,,,0,0,0,0,0,0,0,,
"Jacksonville, FL",2021179N30287,DANNY,2021,244.5,0,0,40,1,0,0,0,,,,0,0,0,0,0,0,0,,
"Jacksonville, FL",2021182N09317,ELSA,2021,151.3,1,1,65,1,0,0,0,2021-07-07,2021-07-07,2021-07-08,1,1,0,0,0.3255,3.861,0.3255,8,11.861
"Jacksonville, FL",2021222N14301,FRED,2021,359.5,0,0,55,1,0,0,0,2021-08-15,2021-08-15,2021-08-17,2,2,1,0,0.7229,7.814,0.4131,14,21.814
"Jacksonville, FL",2021252N28273,MINDY,2021,96.9,0,0,50,1,0,0,0,,,,0,0,0,0,0,0,0,,
"Jacksonville, FL",2022154N21273,ALEX,2022,364.4,0,0,45,1,7,0.7504,11.041,,,,0,0,0,0,0,0,0,,
"Jacksonville, FL",2022183N32280,COLIN,2022,196.7,0,0,35,1,0,0,0,,,,0,0,0,0,0,0,0,,
"Jacksonville, FL",2022266N12294,IAN,2022,219.8,5,5,140,1,0,0,0,2022-09-28,2022-09-30,2022-10-02,4,2,1,0,3.067,40.3,0.924,12,52.3
"Jacksonville, FL",2022311N21293,NICOLE,2022,180.8,1,1,65,1,0,0,0,2022-11-10,2022-11-10,2022-11-11,1,1,0,0,0.356,4.423,0.356,8,12.423
"Jacksonville, FL",2023239N21274,IDALIA,2023,125.7,4,4,115,1,0,0,0,2023-08-30,2023-08-30,2023-08-31,1,1,0,0,0.7721,10.163,0.7721,3,13.163
"Lake Charles Harbor District, LA",2015167N27266,BILL,2015,319.1,0,0,50,1,0,0,0,,,,0,0,0,0,0,0,0,,
"Lake Charles Harbor District, LA",2017228N14314,HARVEY,2017,19.2,4,4,115,1,0,0,0,2017-08-25,2017-08-27,2017-08-31,6,4,0,0,3.1545,32.019,0.6063,29,61.019
"Lake Charles Harbor District, LA",2017277N11279,NATE,2017,395.8,1,1,78,1,0,0,0,,,,0,0,0,0,0,0,0,,
"Lake Charles Harbor District, LA",2018246N22283,GORDON,2018,395.4,0,0,60,1,1,0.0902,1.159,,,,0,0,0,0,0,0,0,,
"Lake Charles Harbor District, LA",2019192N29274,BARRY,2019,70.5,1,1,65,1,0,0,0,2019-07-13,2019-07-14,2019-07-15,2,1,0,0,0.9284,7.778,0.5175,9,16.778
"Lake Charles Harbor District, LA",2019261N28264,IMELDA,2019,178.4,0,0,40,1,0,0,0,,,,0,0,0,0,0,0,0,,
"Lake Charles Harbor District, LA",2019299N25265,OLGA,2019,240.3,0,0,45,1,0,0,0,,,,0,0,0,0,0,0,0,,
"Lake Charles Harbor District, LA",2020154N19269,CRISTOBAL,2020,247.5,0,0,45,1,0,0,0,,,,0,0,0,0,0,0,0,,
"Lake Charles Harbor District, LA",2020205N26272,HANNA,2020,304.8,1,1,80,0,0,0,0,,,,0,0,0,0,0,0,0,,
"Lake Charles Harbor District, LA",2020233N14313,LAURA,2020,15.7,4,4,130,1,0,0,0,2020-08-26,2020-08-26,2020-09-03,8,8,0,8,8,37.086,1,0,37.086
"Lake Charles Harbor District, LA",2020234N14280,MARCO,2020,135,0,1,40,0,0,0,0,,,,0,0,0,0,0,0,0,,
"Lake Charles Harbor District, LA",2020261N21265,BETA,2020,62,0,0,55,1,0,0,0,2020-09-09,2020-09-30,2020-10-03,24,3,0,5,20.5354,121.15,1,20,141.15
"Lake Charles Harbor District, LA",2020279N16284,DELTA,2020,25.4,3,4,105,1,0,0,0,2020-10-09,2020-10-09,2020-10-17,8,8,0,8,8,37.516,1,0,37.516
"Lake Charles Harbor District, LA",2020299N18277,ZETA,2020,274.4,3,3,100,1,0,0,0,,,,0,0,0,0,0,0,0,,
"Lake Charles Harbor District, LA",2021169N23268,CLAUDETTE,2021,237.8,0,0,40,1,0,0,0,,,,0,0,0,0,0,0,0,,
"Lake Charles Harbor District, LA",2021239N17281,IDA,2021,251.6,4,4,130,1,0,0,0,2021-08-28,2021-08-29,2021-08-30,2,1,0,0,1.3926,13.631,0.8971,6,19.631
"Lake Charles Harbor District, LA",2021256N21265,NICHOLAS,2021,44,1,1,65,1,0,0,0,,,,0,0,0,0,0,0,0,,
"Lake Charles Harbor District, LA",2023234N25271,HAROLD,2023,449.6,0,0,50,0,0,0,0,,,,0,0,0,0,0,0,0,,
"Mobile, AL",2016158N22272,COLIN,2016,341,0,0,45,1,0,0,0,,,,0,0,0,0,0,0,0,,
"Mobile, AL",2016242N24279,HERMINE,2016,368.4,1,1,70,1,0,0,0,,,,0,0,0,0,0,0,0,,
"Mobile, AL",2017212N28275,EMILY,2017,363.1,0,0,38,0,0,0,0,,,,0,0,0,0,0,0,0,,
"Mobile, AL",2017228N14314,HARVEY,2017,397.1,0,4,38,1,0,0,0,,,,0,0,0,0,0,0,0,,
"Mobile, AL",2017242N16333,IRMA,2017,338.4,0,5,48,1,0,0,0,2017-09-12,2017-09-12,2017-09-13,1,1,0,0,0.3081,4.007,0.3081,9,13.007
"Mobile, AL",2017277N11279,NATE,2017,70.4,1,1,80,1,0,0,0,2017-10-07,2017-10-08,2017-10-10,3,2,1,0,1.6847,20.417,0.7488,16,36.417
"Mobile, AL",2018146N19273,ALBERTO,2018,190,0,0,55,1,0,0,0,,,,0,0,0,0,0,0,0,,
"Mobile, AL",2018246N22283,GORDON,2018,48.4,0,0,60,1,0,0,0,2018-09-04,2018-09-05,2018-09-06,2,1,0,0,1.2656,13.773,0.8161,8,21.773
"Mobile, AL",2018280N18273,MICHAEL,2018,254.1,5,5,140,1,0,0,0,,,,0,0,0,0,0,0,0,,
"Mobile, AL",2019192N29274,BARRY,2019,286.4,1,1,65,1,0,0,0,,,,0,0,0,0,0,0,0,,
"Mobile, AL",2019291N22264,NESTOR,2019,223.5,0,0,50,1,2,0.4557,6.679,,,,0,0,0,0,0,0,0,,
"Mobile, AL",2019299N25265,OLGA,2019,214,-4,0,45,1,0,0,0,,,,0,0,0,0,0,0,0,,
"Mobile, AL",2020154N19269,CRISTOBAL,2020,197.9,0,0,45,1,0,0,0,,,,0,0,0,0,0,0,0,,
"Mobile, AL",2020188N28271,FAY,2020,267.5,-3,0,30,1,0,0,0,,,,0,0,0,0,0,0,0,,
"Mobile, AL",2020233N14313,LAURA,2020,497.3,2,4,85,1,0,0,0,,,,0,0,0,0,0,0,0,,
"Mobile, AL",2020234N14280,MARCO,2020,211.1,0,1,55,0,0,0,0,,,,0,0,0,0,0,0,0,,
"Mobile, AL",2020256N25281,SALLY,2020,51.5,2,2,95,1,0,0,0,2020-09-14,2020-09-16,2020-09-19,5,3,1,1,3.7833,34.037,1,11,45.037
"Mobile, AL",2020261N21265,BETA,2020,276,-4,0,25,1,0,0,0,,,,0,0,0,0,0,0,0,,
"Mobile, AL",2020279N16284,DELTA,2020,369.7,2,4,85,1,0,0,0,,,,0,0,0,0,0,0,0,,
"Mobile, AL",2020299N18277,ZETA,2020,111.5,3,3,100,1,0,0,0,2020-10-28,2020-10-29,2020-10-30,2,1,0,0,0.9679,9.388,0.5885,10,19.388
"Mobile, AL",2021169N23268,CLAUDETTE,2021,114,0,0,40,1,1,0.0148,0.262,,,,0,0,0,0,0,0,0,,
"Mobile, AL",2021182N09317,ELSA,2021,449.9,0,1,55,1,0,0,0,,,,0,0,0,0,0,0,0,,
"Mobile, AL",2021222N14301,FRED,2021,258.5,0,0,55,1,0,0,0,2021-08-16,2021-08-16,2021-08-17,1,1,0,0,0.2781,3.852,0.2781,10,13.852
"Mobile, AL",2021239N17281,IDA,2021,254.5,4,4,130,1,0,0,0,2021-08-28,2021-08-29,2021-09-03,6,5,1,0,3.119,45.101,0.7211,42,87.101
"Mobile, AL",2021252N28273,MINDY,2021,267.6,0,0,50,1,0,0,0,2021-09-06,2021-09-07,2021-09-10,4,3,0,0,1.3911,20.814,0.4018,39,59.814
"Mobile, AL",2021256N21265,NICHOLAS,2021,360.8,-1,1,25,1,0,0,0,,,,0,0,0,0,0,0,0,,
"Mobile, AL",2022311N21293,NICOLE,2022,339.1,0,1,38,1,3,0.4751,7.659,,,,0,0,0,0,0,0,0,,
"Mobile, AL",2023152N26274,ARLENE,2023,334.7,0,0,35,0,0,0,0,2023-06-01,2023-06-01,2023-06-02,1,1,0,0,0.463,6.035,0.463,7,13.035
"Mobile, AL",2023239N21274,IDALIA,2023,423.3,4,4,115,1,0,0,0,,,,0,0,0,0,0,0,0,,
"New Orleans, LA",2016158N22272,COLIN,2016,438.2,0,0,45,0,0,0,0,,,,0,0,0,0,0,0,0,,
"New Orleans, LA",2016242N24279,HERMINE,2016,498.2,0,1,63,0,0,0,0,2016-09-01,2016-09-01,2016-09-03,2,2,1,0,0.4866,17.684,0.2564,55,72.684
"New Orleans, LA",2017212N28275,EMILY,2017,484,-1,0,30,0,0,0,0,,,,0,0,0,0,0,0,0,,
"New Orleans, LA",2017228N14314,HARVEY,2017,283.3,0,4,45,1,0,0,0,2017-08-30,2017-08-30,2017-08-31,1,1,0,0,0.1774,6.684,0.1774,31,37.684
"New Orleans, LA",2017277N11279,NATE,2017,80.1,1,1,80,1,0,0,0,2017-10-07,2017-10-07,2017-10-09,2,2,1,0,0.4775,18.519,0.2578,59,77.519
"New Orleans, LA",2018146N19273,ALBERTO,2018,384,0,0,55,1,0,0,0,2018-05-28,2018-05-28,2018-05-29,1,1,0,0,0.1837,6.524,0.1837,29,35.524
"New Orleans, LA",2018246N22283,GORDON,2018,141.5,0,0,60,1,3,0.416,16.317,,,,0,0,0,0,0,0,0,,
"New Orleans, LA",2018280N18273,MICHAEL,2018,377.9,5,5,140,1,0,0,0,2018-10-10,2018-10-10,2018-10-11,1,1,0,0,0.1888,6.752,0.1888,29,35.752
"New Orleans, LA",2019192N29274,BARRY,2019,193.6,1,1,65,1,0,0,0,2019-07-10,2019-07-12,2019-07-15,5,3,1,0,1.4948,51.62,0.3664,121,172.62
"New Orleans, LA",2019261N28264,IMELDA,2019,472.7,-1,0,30,1,2,0.0412,1.534,,,,0,0,0,0,0,0,0,,
"New Orleans, LA",2019291N22264,NESTOR,2019,320.3,0,0,50,1,0,0,0,,,,0,0,0,0,0,0,0,,
"New Orleans, LA",2019299N25265,OLGA,2019,57.1,-4,0,45,1,0,0,0,,,,0,0,0,0,0,0,0,,
"New Orleans, LA",2020154N19269,CRISTOBAL,2020,31,0,0,45,1,0,0,0,,,,0,0,0,0,0,0,0,,
"New Orleans, LA",2020188N28271,FAY,2020,287.9,-3,0,30,1,1,0.0616,2.032,,,,0,0,0,0,0,0,0,,
"New Orleans, LA",2020205N26272,HANNA,2020,422,0,1,50,0,0,0,0,2020-07-22,2020-07-25,2020-07-27,5,2,1,0,1.4476,44.778,0.3513,110,154.778
"New Orleans, LA",2020233N14313,LAURA,2020,318.3,4,4,130,1,0,0,0,2020-08-23,2020-08-24,2020-08-27,4,3,1,0,1.5371,41.789,0.4848,67,108.789
"New Orleans, LA",2020234N14280,MARCO,2020,140.7,0,1,55,0,0,0,0,2020-08-23,2020-08-24,2020-08-27,4,3,1,0,1.5494,42.338,0.4875,67,109.338
"New Orleans, LA",2020256N25281,SALLY,2020,194.7,2,2,95,1,0,0,0,2020-09-14,2020-09-15,2020-09-17,3,2,1,0,1.1723,30.831,0.4267,48,78.831
"New Orleans, LA",2020261N21265,BETA,2020,220.7,0,0,55,1,0,0,0,,,,0,0,0,0,0,0,0,,
"New Orleans, LA",2020279N16284,DELTA,2020,252.4,3,4,100,1,1,0.2038,6.263,2020-10-09,2020-10-09,2020-10-10,1,1,0,0,0.3331,8.491,0.3331,17,25.491
"New Orleans, LA",2020299N18277,ZETA,2020,18.7,3,3,100,1,0,0,0,2020-10-28,2020-10-28,2020-10-29,1,1,0,0,0.2941,7.082,0.2941,17,24.082
"New Orleans, LA",2021169N23268,CLAUDETTE,2021,37.7,0,0,40,1,0,0,0,2021-06-19,2021-06-20,2021-06-24,5,4,1,0,1.3045,44.743,0.3813,127,171.743
"New Orleans, LA",2021222N14301,FRED,2021,443.6,0,0,55,1,0,0,0,2021-08-16,2021-08-21,2021-08-23,7,2,1,0,1.8195,77.364,0.3194,220,297.364
"New Orleans, LA",2021239N17281,IDA,2021,59.5,4,4,130,1,0,0,0,2021-08-27,2021-09-05,2021-09-09,13,4,1,0,5.7239,245.918,0.768,312,557.918
"New Orleans, LA",2021252N28273,MINDY,2021,362.2,0,0,50,1,0,0,0,,,,0,0,0,0,0,0,0,,
"New Orleans, LA",2021256N21265,NICHOLAS,2021,165.6,0,1,35,1,0,0,0,,,,0,0,0,0,0,0,0,,
"New Orleans, LA",2023152N26274,ARLENE,2023,411.1,0,0,35,0,0,0,0,,,,0,0,0,0,0,0,0,,
"New York, NY & NJ",2015126N27281,ANA,2015,175.3,-1,0,30,1,0,0,0,2015-05-12,2015-05-12,2015-05-13,1,1,0,0,0.1748,6.988,0.1748,33,39.988
"New York, NY & NJ",2016158N22272,COLIN,2016,459,-4,0,50,0,0,0,0,,,,0,0,0,0,0,0,0,,
"New York, NY & NJ",2016240N31295,UNNAMED,2016,498.8,-1,-1,30,0,0,0,0,,,,0,0,0,0,0,0,0,,
"New York, NY & NJ",2016242N24279,HERMINE,2016,199.2,-4,1,55,1,0,0,0,2016-09-03,2016-09-05,2016-09-08,5,3,1,0,1.7097,71.704,0.467,139,210.704
"New York, NY & NJ",2017247N09327,JOSE,2017,396.5,0,4,60,0,1,0.0226,0.995,,,,0,0,0,0,0,0,0,,
"New York, NY & NJ",2017260N12310,MARIA,2017,483.3,1,5,65,0,0,0,0,,,,0,0,0,0,0,0,0,,
"New York, NY & NJ",2017277N11279,NATE,2017,325.7,-4,1,25,1,0,0,0,,,,0,0,0,0,0,0,0,,
"New York, NY & NJ",2018242N13343,FLORENCE,2018,155.5,-4,4,25,1,0,0,0,,,,0,0,0,0,0,0,0,,
"New York, NY & NJ",2018280N18273,MICHAEL,2018,305.5,-4,5,60,1,0,0,0,,,,0,0,0,0,0,0,0,,
"New York, NY & NJ",2019236N10314,DORIAN,2019,441.4,2,5,85,0,0,0,0,2019-09-06,2019-09-08,2019-09-09,3,1,0,0,0.9134,28.98,0.3706,68,96.98
"New York, NY & NJ",2019239N32287,ERIN,2019,494.6,-4,0,35,0,0,0,0,,,,0,0,0,0,0,0,0,,
"New York, NY & NJ",2019282N35286,MELISSA,2019,458.4,-2,0,55,0,0,0,0,2019-10-10,2019-10-10,2019-10-11,1,1,0,0,0.23,7.768,0.23,26,33.768
"New York, NY & NJ",2019291N22264,NESTOR,2019,358.5,-4,0,40,1,0,0,0,,,,0,0,0,0,0,0,0,,
"New York, NY & NJ",2020138N28281,ARTHUR,2020,490.5,0,0,50,0,0,0,0,,,,0,0,0,0,0,0,0,,
"New York, NY & NJ",2020188N28271,FAY,2020,24.7,0,0,50,1,0,0,0,,,,0,0,0,0,0,0,0,,
"New York, NY & NJ",2020211N13306,ISAIAS,2020,92.2,0,1,60,1,0,0,0,,,,0,0,0,0,0,0,0,,
"New York, NY & NJ",2020228N37286,KYLE,2020,385.5,0,0,45,0,3,0.1465,4.941,,,,0,0,0,0,0,0,0,,
"New York, NY & NJ",2020299N18277,ZETA,2020,237.6,-4,3,45,1,0,0,0,,,,0,0,0,0,0,0,0,,
"New York, NY & NJ",2021169N23268,CLAUDETTE,2021,373.3,0,0,40,0,0,0,0,2021-06-21,2021-06-21,2021-06-22,1,1,0,0,0.2238,8.359,0.2238,29,37.359
"New York, NY & NJ",2021182N09317,ELSA,2021,90.9,0,1,50,1,0,0,0,,,,0,0,0,0,0,0,0,,
"New York, NY & NJ",2021222N14301,FRED,2021,208.4,-3,0,25,1,0,0,0,2021-08-19,2021-08-19,2021-08-20,1,1,0,0,0.3744,16.756,0.3744,28,44.756
"New York, NY & NJ",2021227N36297,HENRI,2021,88.7,1,1,65,1,3,0.166,8.641,,,,0,0,0,0,0,0,0,,
"New York, NY & NJ",2021239N17281,IDA,2021,57.8,-4,4,40,1,0,0,0,,,,0,0,0,0,0,0,0,,
"New York, NY & NJ",2021259N30286,ODETTE,2021,479.6,0,0,40,0,0,0,0,,,,0,0,0,0,0,0,0,,
"New York, NY & NJ",2021299N33284,WANDA,2021,340,-4,0,60,0,0,0,0,,,,0,0,0,0,0,0,0,,
"New York, NY & NJ",2023265N29284,OPHELIA,2023,316.4,-4,0,25,1,0,0,0,,,,0,0,0,0,0,0,0,,
"Philadelphia Regional Port, PA",2015126N27281,ANA,2015,164.9,-1,0,30,1,0,0,0,2015-05-11,2015-05-11,2015-05-13,2,2,1,0,0.7199,11.169,0.3951,20,31.169
"Philadelphia Regional Port, PA",2016148N27288,BONNIE,2016,496,-1,0,33,0,0,0,0,,,,0,0,0,0,0,0,0,,
"Philadelphia Regional Port, PA",2016158N22272,COLIN,2016,431.1,-4,0,50,0,0,0,0,,,,0,0,0,0,0,0,0,,
"Philadelphia Regional Port, PA",2016240N31295,UNNAMED,2016,490.2,-1,-1,30,0,0,0,0,2016-08-31,2016-09-01,2016-09-02,2,1,0,0,0.7541,10.704,0.4945,18,28.704
"Philadelphia Regional Port, PA",2016242N24279,HERMINE,2016,234.8,-4,1,60,1,0,0,0,2016-09-05,2016-09-05,2016-09-07,2,2,1,0,0.866,12.111,0.4743,16,28.111
"Philadelphia Regional Port, PA",2017247N09327,JOSE,2017,423.1,0,4,60,0,0,0,0,,,,0,0,0,0,0,0,0,,
"Philadelphia Regional Port, PA",2017260N12310,MARIA,2017,454.7,1,5,65,0,0,0,0,,,,0,0,0,0,0,0,0,,
"Philadelphia Regional Port, PA",2017277N11279,NATE,2017,356.4,-4,1,25,1,1,0.0658,0.987,,,,0,0,0,0,0,0,0,,
"Philadelphia Regional Port, PA",2018242N13343,FLORENCE,2018,205.5,-4,4,25,1,0,0,0,,,,0,0,0,0,0,0,0,,
"Philadelphia Regional Port, PA",2018280N18273,MICHAEL,2018,282.8,-4,5,60,1,0,0,0,,,,0,0,0,0,0,0,0,,
"Philadelphia Regional Port, PA",2019236N10314,DORIAN,2019,421.8,2,5,85,0,0,0,0,,,,0,0,0,0,0,0,0,,
"Philadelphia Regional Port, PA",2019282N35286,MELISSA,2019,494.5,-4,0,43,0,0,0,0,,,,0,0,0,0,0,0,0,,
"Philadelphia Regional Port, PA",2019291N22264,NESTOR,2019,286.2,-4,0,40,1,2,0.2702,3.249,,,,0,0,0,0,0,0,0,,
"Philadelphia Regional Port, PA",2020138N28281,ARTHUR,2020,458.9,0,0,50,0,0,0,0,,,,0,0,0,0,0,0,0,,
"Philadelphia Regional Port, PA",2020148N32281,BERTHA,2020,476.1,-4,0,20,1,0,0,0,,,,0,0,0,0,0,0,0,,
"Philadelphia Regional Port, PA",2020188N28271,FAY,2020,63.3,0,0,50,1,0,0,0,,,,0,0,0,0,0,0,0,,
"Philadelphia Regional Port, PA",2020211N13306,ISAIAS,2020,95.7,0,1,60,1,0,0,0,2020-08-04,2020-08-04,2020-08-05,1,1,0,0,0.6659,5.979,0.6659,3,8.979
"Philadelphia Regional Port, PA",2020228N37286,KYLE,2020,360.8,0,0,43,0,0,0,0,,,,0,0,0,0,0,0,0,,
"Philadelphia Regional Port, PA",2020299N18277,ZETA,2020,149.2,-4,3,45,1,0,0,0,,,,0,0,0,0,0,0,0,,
"Philadelphia Regional Port, PA",2021169N23268,CLAUDETTE,2021,362.6,0,0,40,1,0,0,0,,,,0,0,0,0,0,0,0,,
"Philadelphia Regional Port, PA",2021182N09317,ELSA,2021,94,0,1,50,1,0,0,0,,,,0,0,0,0,0,0,0,,
"Philadelphia Regional Port, PA",2021222N14301,FRED,2021,250.4,-3,0,25,1,0,0,0,2021-08-19,2021-08-19,2021-08-20,1,1,0,0,0.4105,4.874,0.4105,7,11.874
"Philadelphia Regional Port, PA",2021227N36297,HENRI,2021,179.5,1,1,65,1,0,0,0,,,,0,0,0,0,0,0,0,,
"Philadelphia Regional Port, PA",2021239N17281,IDA,2021,56.7,-4,4,40,1,0,0,0,,,,0,0,0,0,0,0,0,,
"Philadelphia Regional Port, PA",2021259N30286,ODETTE,2021,478.3,0,0,40,0,0,0,0,,,,0,0,0,0,0,0,0,,
"Philadelphia Regional Port, PA",2021299N33284,WANDA,2021,419.1,-4,0,60,0,0,0,0,,,,0,0,0,0,0,0,0,,
"Philadelphia Regional Port, PA",2023265N29284,OPHELIA,2023,205.7,0,0,40,1,0,0,0,,,,0,0,0,0,0,0,0,,
"Plaquemines Port District, LA",2016158N22272,COLIN,2016,349.9,0,0,45,0,0,0,0,,,,0,0,0,0,0,0,0,,
"Plaquemines Port District, LA",2016242N24279,HERMINE,2016,413.9,1,1,70,0,0,0,0,,,,0,0,0,0,0,0,0,,
"Plaquemines Port District, LA",2017212N28275,EMILY,2017,412.1,-1,0,33,0,0,0,0,,,,0,0,0,0,0,0,0,,
"Plaquemines Port District, LA",2017228N14314,HARVEY,2017,367.4,0,4,45,1,0,0,0,,,,0,0,0,0,0,0,0,,
"Plaquemines Port District, LA",2017277N11279,NATE,2017,41.6,1,1,80,1,0,0,0,2017-10-07,2017-10-07,2017-10-09,2,2,1,0,0.8489,62.065,0.4966,84,146.065
"Plaquemines Port District, LA",2018146N19273,ALBERTO,2018,344.5,0,0,55,1,0,0,0,,,,0,0,0,0,0,0,0,,
"Plaquemines Port District, LA",2018246N22283,GORDON,2018,147.6,0,0,60,1,2,0.0789,5.301,2018-09-04,2018-09-04,2018-09-05,1,1,0,0,0.4781,26.57,0.4781,29,55.57
"Plaquemines Port District, LA",2018280N18273,MICHAEL,2018,310.2,5,5,140,1,0,0,0,,,,0,0,0,0,0,0,0,,
"Plaquemines Port District, LA",2019192N29274,BARRY,2019,158.7,1,1,65,1,0,0,0,2019-07-11,2019-07-13,2019-07-14,3,1,0,0,1.1057,72.954,0.3919,125,197.954
"Plaquemines Port District, LA",2019291N22264,NESTOR,2019,235.8,0,0,50,1,0,0,0,,,,0,0,0,0,0,0,0,,
"Plaquemines Port District, LA",2019299N25265,OLGA,2019,128,0,0,45,1,0,0,0,2019-10-26,2019-10-26,2019-10-27,1,1,0,0,0.2321,12.997,0.2321,43,55.997
"Plaquemines Port District, LA",2020154N19269,CRISTOBAL,2020,32.1,0,0,45,1,0,0,0,2020-06-07,2020-06-07,2020-06-08,1,1,0,0,0.5939,26.326,0.5939,18,44.326
"Plaquemines Port District, LA",2020188N28271,FAY,2020,198.5,-3,0,30,1,0,0,0,,,,0,0,0,0,0,0,0,,
"Plaquemines Port District, LA",2020205N26272,HANNA,2020,384,0,1,50,0,0,0,0,2020-07-22,2020-07-22,2020-07-25,3,3,1,0,1.1213,60.874,0.3896,102,162.874
"Plaquemines Port District, LA",2020233N14313,LAURA,2020,356,4,4,130,1,8,0.7951,45.311,,,,0,0,0,0,0,0,0,,
"Plaquemines Port District, LA",2020234N14280,MARCO,2020,56.4,1,1,65,0,0,0,0,2020-08-24,2020-08-24,2020-08-26,2,2,1,0,0.9556,44.837,0.4884,49,93.837
"Plaquemines Port District, LA",2020256N25281,SALLY,2020,134.3,2,2,95,1,2,0.1367,8.878,2020-09-13,2020-09-15,2020-09-16,3,1,0,0,1.561,80.096,0.6542,73,153.096
"Plaquemines Port District, LA",2020261N21265,BETA,2020,307.8,0,0,55,1,0,0,0,,,,0,0,0,0,0,0,0,,
"Plaquemines Port District, LA",2020279N16284,DELTA,2020,330.4,3,4,100,1,0,0,0,2020-10-05,2020-10-08,2020-10-10,5,2,0,0,1.9445,107.885,0.5119,170,277.885
"Plaquemines Port District, LA",2020299N18277,ZETA,2020,99.6,3,3,100,1,0,0,0,2020-10-28,2020-10-28,2020-10-29,1,1,0,0,0.4719,24.129,0.4719,27,51.129
"Plaquemines Port District, LA",2021169N23268,CLAUDETTE,2021,119.3,0,0,40,1,0,0,0,,,,0,0,0,0,0,0,0,,
"Plaquemines Port District, LA",2021222N14301,FRED,2021,375.4,0,0,55,1,0,0,0,,,,0,0,0,0,0,0,0,,
"Plaquemines Port District, LA",2021239N17281,IDA,2021,67.2,4,4,130,1,0,0,0,2021-08-27,2021-08-30,2021-09-03,7,4,1,0,3.7776,255.262,0.8227,218,473.262
"Plaquemines Port District, LA",2021252N28273,MINDY,2021,283,0,0,50,1,1,0.0392,3.095,,,,0,0,0,0,0,0,0,,
"Plaquemines Port District, LA",2021256N21265,NICHOLAS,2021,205.2,-1,1,30,1,12,1.2497,103.262,,,,0,0,0,0,0,0,0,,
"Plaquemines Port District, LA",2023152N26274,ARLENE,2023,328.9,0,0,35,0,4,0.3725,22.997,,,,0,0,0,0,0,0,0,,
"Plaquemines Port District, LA",2023239N21274,IDALIA,2023,499.9,3,4,105,0,0,0,0,,,,0,0,0,0,0,0,0,,
"Port Arthur, TX",2015167N27266,BILL,2015,283.8,0,0,50,1,0,0,0,,,,0,0,0,0,0,0,0,,
"Port Arthur, TX",2017228N14314,HARVEY,2017,41.7,4,4,115,1,0,0,0,,,,0,0,0,0,0,0,0,,
"Port Arthur, TX",2017277N11279,NATE,2017,456.1,1,1,78,1,0,0,0,,,,0,0,0,0,0,0,0,,
"Port Arthur, TX",2018246N22283,GORDON,2018,443.4,0,0,45,1,0,0,0,,,,0,0,0,0,0,0,0,,
"Port Arthur, TX",2019192N29274,BARRY,2019,122.4,1,1,65,1,0,0,0,2019-07-11,2019-07-12,2019-07-15,4,3,1,0,2.5247,17.129,0.8536,10,27.129
"Port Arthur, TX",2019261N28264,IMELDA,2019,128.9,0,0,40,1,0,0,0,,,,0,0,0,0,0,0,0,,
"Port Arthur, TX",2019299N25265,OLGA,2019,291.6,0,0,45,1,0,0,0,,,,0,0,0,0,0,0,0,,
"Port Arthur, TX",2020154N19269,CRISTOBAL,2020,302.5,0,0,45,1,0,0,0,,,,0,0,0,0,0,0,0,,
"Port Arthur, TX",2020205N26272,HANNA,2020,300.4,1,1,80,1,0,0,0,,,,0,0,0,0,0,0,0,,
"Port Arthur, TX",2020233N14313,LAURA,2020,61.9,4,4,130,1,0,0,0,2020-08-25,2020-08-25,2020-08-30,5,5,0,5,5,24.453,1,0,24.453
"Port Arthur, TX",2020234N14280,MARCO,2020,181.1,0,1,38,0,0,0,0,2020-08-25,2020-08-25,2020-08-30,5,5,0,5,5,24.188,1,0,24.188
"Port Arthur, TX",2020261N21265,BETA,2020,42.4,0,0,55,1,0,0,0,,,,0,0,0,0,0,0,0,,
"Port Arthur, TX",2020279N16284,DELTA,2020,81,3,4,105,1,0,0,0,2020-10-08,2020-10-09,2020-10-10,2,1,0,1,1.7934,8.643,1,1,9.643
"Port Arthur, TX",2020299N18277,ZETA,2020,331.5,3,3,100,1,0,0,0,,,,0,0,0,0,0,0,0,,
"Port Arthur, TX",2021169N23268,CLAUDETTE,2021,294,0,0,40,1,0,0,0,2021-06-18,2021-06-18,2021-06-19,1,1,0,0,0.3324,2.988,0.3324,6,8.988
"Port Arthur, TX",2021239N17281,IDA,2021,310.8,4,4,130,1,0,0,0,2021-08-29,2021-08-29,2021-08-31,2,2,0,0,0.6723,6.078,0.3411,12,18.078
"Port Arthur, TX",2021256N21265,NICHOLAS,2021,27.7,1,1,65,1,0,0,0,2021-09-14,2021-09-14,2021-09-16,2,2,1,0,1.4718,13.916,0.7876,5,18.916
"Port Arthur, TX",2023234N25271,HAROLD,2023,420.6,0,0,50,0,0,0,0,,,,0,0,0,0,0,0,0,,
"Port Everglades, FL",2015126N27281,ANA,2015,144.3,-3,0,25,0,0,0,0,,,,0,0,0,0,0,0,0,,
"Port Everglades, FL",2015313N22289,KATE,2015,425.2,0,1,55,0,0,0,0,2015-11-10,2015-11-10,2015-11-11,1,1,0,0,0.3052,4.831,0.3052,11,15.831
"Port Everglades, FL",2016148N27288,BONNIE,2016,491,0,0,35,0,0,0,0,,,,0,0,0,0,0,0,0,,
"Port Everglades, FL",2016242N24279,HERMINE,2016,278.3,-1,1,30,0,0,0,0,,,,0,0,0,0,0,0,0,,
"Port Everglades, FL",2016257N27280,JULIA,2016,130.2,0,0,45,1,0,0,0,2016-09-11,2016-09-11,2016-09-14,3,3,0,0,1.0003,19.563,0.3616,39,58.563
"Port Everglades, FL",2016273N13300,MATTHEW,2016,156.8,4,5,120,0,0,0,0,2016-10-05,2016-10-06,2016-10-08,3,2,1,0,1.9267,45.456,0.9582,25,70.456
"Port Everglades, FL",2017212N28275,EMILY,2017,164.6,0,0,50,1,0,0,0,2017-08-01,2017-08-01,2017-08-02,1,1,0,0,0.3261,6.291,0.3261,13,19.291
"Port Everglades, FL",2017242N16333,IRMA,2017,124.3,4,5,130,1,0,0,0,2017-09-07,2017-09-09,2017-09-13,6,4,1,2,4.3929,81.85,1,32,113.85
"Port Everglades, FL",2017301N18276,PHILIPPE,2017,391.2,0,0,35,1,0,0,0,,,,0,0,0,0,0,0,0,,
"Port Everglades, FL",2018146N19273,ALBERTO,2018,386.2,-2,0,45,0,0,0,0,,,,0,0,0,0,0,0,0,,
"Port Everglades, FL",2018246N22283,GORDON,2018,112,0,0,55,1,0,0,0,2018-09-03,2018-09-03,2018-09-04,1,1,0,0,0.2981,5.097,0.2981,12,17.097
"Port Everglades, FL",2019204N25283,UNNAMED,2019,95.5,-1,-1,30,1,0,0,0,,,,0,0,0,0,0,0,0,,
"Port Everglades, FL",2019236N10314,DORIAN,2019,211.6,5,5,160,0,0,0,0,2019-08-31,2019-09-02,2019-09-04,4,2,1,1,3.1387,56.985,1,17,73.985
"Port Everglades, FL",2019256N23286,HUMBERTO,2019,339.8,1,3,70,0,2,0.2944,6.415,,,,0,0,0,0,0,0,0,,
"Port Everglades, FL",2020138N28281,ARTHUR,2020,269.2,0,0,35,0,1,0.006,0.154,,,,0,0,0,0,0,0,0,,
"Port Everglades, FL",2020211N13306,ISAIAS,2020,105.5,1,1,75,1,0,0,0,2020-08-01,2020-08-01,2020-08-03,2,2,1,0,0.944,17.57,0.5914,19,36.57
"Port Everglades, FL",2020244N30279,OMAR,2020,450.8,-3,0,28,0,4,0.8948,18.041,,,,0,0,0,0,0,0,0,,
"Port Everglades, FL",2020256N25281,SALLY,2020,66.5,0,2,50,1,0,0,0,,,,0,0,0,0,0,0,0,,
"Port Everglades, FL",2020306N15288,ETA,2020,141.4,1,4,65,1,0,0,0,2020-11-08,2020-11-08,2020-11-10,2,2,0,0,0.9237,13.734,0.4656,16,29.734
"Port Everglades, FL",2021182N09317,ELSA,2021,254.7,1,1,65,1,0,0,0,2021-07-04,2021-07-04,2021-07-06,2,2,0,0,0.6156,12.451,0.3078,28,40.451
"Port Everglades, FL",2021222N14301,FRED,2021,393.2,0,0,40,1,0,0,0,,,,0,0,0,0,0,0,0,,
"Port Everglades, FL",2022154N21273,ALEX,2022,95.9,0,0,45,1,0,0,0,2022-06-04,2022-06-04,2022-06-05,1,1,0,0,0.2532,6.442,0.2532,19,25.442
"Port Everglades, FL",2022266N12294,IAN,2022,169.7,5,5,140,1,0,0,0,2022-09-28,2022-09-28,2022-09-30,2,2,1,0,0.8235,21.514,0.5352,31,52.514
"Port Everglades, FL",2022311N21293,NICOLE,2022,143.3,1,1,65,1,0,0,0,2022-11-08,2022-11-09,2022-11-11,3,2,1,0,1.3259,32.787,0.6422,41,73.787
"Port Everglades, FL",2023152N26274,ARLENE,2023,408.1,-3,0,25,0,0,0,0,,,,0,0,0,0,0,0,0,,
"Port Everglades, FL",2023239N21274,IDALIA,2023,430.3,4,4,115,0,0,0,0,,,,0,0,0,0,0,0,0,,
"Port Freeport, TX",2015167N27266,BILL,2015,135.6,0,0,50,1,0,0,0,2015-06-16,2015-06-18,2015-06-20,4,2,1,1,3.2372,16.842,1,4,20.842
"Port Freeport, TX",2017228N14314,HARVEY,2017,90.9,4,4,115,1,0,0,0,2017-08-25,2017-08-25,2017-08-31,6,6,0,6,6,38.184,1,0,38.184
"Port Freeport, TX",2019192N29274,BARRY,2019,295.7,1,1,65,1,1,0.0824,0.761,,,,0,0,0,0,0,0,0,,
"Port Freeport, TX",2019261N28264,IMELDA,2019,17.8,0,0,40,1,0,0,0,2019-09-18,2019-09-19,2019-09-21,3,2,1,0,1.9124,14.13,0.7314,8,22.13
"Port Freeport, TX",2019299N25265,OLGA,2019,377.9,0,0,45,1,0,0,0,,,,0,0,0,0,0,0,0,,
"Port Freeport, TX",2020154N19269,CRISTOBAL,2020,475.8,0,0,35,1,0,0,0,,,,0,0,0,0,0,0,0,,
"Port Freeport, TX",2020205N26272,HANNA,2020,226.7,1,1,80,1,0,0,0,,,,0,0,0,0,0,0,0,,
"Port Freeport, TX",2020233N14313,LAURA,2020,223.1,4,4,130,1,0,0,0,2020-08-26,2020-08-26,2020-08-28,2,2,0,0,1.2193,6.263,0.6252,4,10.263
"Port Freeport, TX",2020234N14280,MARCO,2020,310.5,-3,1,25,0,0,0,0,,,,0,0,0,0,0,0,0,,
"Port Freeport, TX",2020261N21265,BETA,2020,12.3,0,0,55,1,0,0,0,2020-09-17,2020-09-21,2020-09-23,6,2,1,1,4.0471,24.901,1,12,36.901
"Port Freeport, TX",2020279N16284,DELTA,2020,190.8,3,4,105,1,0,0,0,,,,0,0,0,0,0,0,0,,
"Port Freeport, TX",2020299N18277,ZETA,2020,447.5,3,3,100,1,1,0.0611,0.518,,,,0,0,0,0,0,0,0,,
"Port Freeport, TX",2021169N23268,CLAUDETTE,2021,426.6,0,0,40,1,0,0,0,2021-06-19,2021-06-19,2021-06-20,1,1,0,0,0.396,3.278,0.396,5,8.278
"Port Freeport, TX",2021239N17281,IDA,2021,476.4,4,4,125,1,0,0,0,,,,0,0,0,0,0,0,0,,
"Port Freeport, TX",2021256N21265,NICHOLAS,2021,12.3,1,1,65,1,0,0,0,2021-09-14,2021-09-14,2021-09-15,1,1,0,0,0.6342,5.2,0.6342,3,8.2
"Port Freeport, TX",2023234N25271,HAROLD,2023,274.5,0,0,50,1,0,0,0,,,,0,0,0,0,0,0,0,,
"Port of Charleston, SC",2015126N27281,ANA,2015,137.3,0,0,50,1,0,0,0,2015-05-10,2015-05-10,2015-05-11,1,1,0,0,0.2501,4.003,0.2501,12,16.003
"Port of Charleston, SC",2016148N27288,BONNIE,2016,9.2,0,0,40,1,0,0,0,,,,0,0,0,0,0,0,0,,
"Port of Charleston, SC",2016158N22272,COLIN,2016,132.2,0,0,48,1,0,0,0,,,,0,0,0,0,0,0,0,,
"Port of Charleston, SC",2016240N31295,UNNAMED,2016,477.2,-1,-1,30,0,5,0.3409,6.294,,,,0,0,0,0,0,0,0,,
"Port of Charleston, SC",2016242N24279,HERMINE,2016,15.5,1,1,65,1,0,0,0,,,,0,0,0,0,0,0,0,,
"Port of Charleston, SC",2016257N27280,JULIA,2016,125,0,0,45,1,1,0.0208,0.388,,,,0,0,0,0,0,0,0,,
"Port of Charleston, SC",2016273N13300,MATTHEW,2016,50.1,3,5,105,1,0,0,0,2016-10-06,2016-10-08,2016-10-11,5,3,1,0,2.8882,46.325,0.8165,34,80.325
"Port of Charleston, SC",2017212N28275,EMILY,2017,316.5,-1,0,30,0,0,0,0,,,,0,0,0,0,0,0,0,,
"Port of Charleston, SC",2017240N31279,UNNAMED,2017,68.7,-3,-3,40,1,0,0,0,2017-08-27,2017-08-27,2017-08-28,1,1,0,0,0.2744,3.781,0.2744,10,13.781
"Port of Charleston, SC",2017242N16333,IRMA,2017,403.1,0,5,50,1,0,0,0,2017-09-09,2017-09-11,2017-09-13,4,2,1,0,2.0257,29.771,0.7963,29,58.771
"Port of Charleston, SC",2018186N31292,CHRIS,2018,432.1,0,2,43,0,0,0,0,,,,0,0,0,0,0,0,0,,
"Port of Charleston, SC",2018242N13343,FLORENCE,2018,64.3,3,4,98,1,0,0,0,2018-09-13,2018-09-14,2018-09-17,4,3,1,0,2.3382,41.12,0.6701,29,70.12
"Port of Charleston, SC",2018280N18273,MICHAEL,2018,195.2,1,5,80,1,0,0,0,,,,0,0,0,0,0,0,0,,
"Port of Charleston, SC",2019204N25283,UNNAMED,2019,491.8,-1,-1,30,0,0,0,0,,,,0,0,0,0,0,0,0,,
"Port of Charleston, SC",2019236N10314,DORIAN,2019,111.7,3,5,100,0,0,0,0,2019-09-04,2019-09-05,2019-09-07,3,2,1,0,1.414,23.089,0.6285,26,49.089
"Port of Charleston, SC",2019256N23286,HUMBERTO,2019,467.2,1,3,75,0,0,0,0,,,,0,0,0,0,0,0,0,,
"Port of Charleston, SC",2019291N22264,NESTOR,2019,124.4,-4,0,40,1,0,0,0,,,,0,0,0,0,0,0,0,,
"Port of Charleston, SC",2020138N28281,ARTHUR,2020,299,0,0,45,0,0,0,0,2020-05-17,2020-05-19,2020-05-21,4,2,1,0,1.1339,18.879,0.3653,48,66.879
"Port of Charleston, SC",2020148N32281,BERTHA,2020,23.4,0,0,45,1,0,0,0,,,,0,0,0,0,0,0,0,,
"Port of Charleston, SC",2020188N28271,FAY,2020,33.3,-3,0,35,1,0,0,0,2020-07-07,2020-07-07,2020-07-08,1,1,0,0,0.3387,5.634,0.3387,11,16.634
"Port of Charleston, SC",2020211N13306,ISAIAS,2020,90.8,1,1,80,1,0,0,0,2020-08-03,2020-08-03,2020-08-04,1,1,0,0,0.3379,5.103,0.3379,10,15.103
"Port of Charleston, SC",2020244N30279,OMAR,2020,300.2,-1,0,30,0,4,0.5114,9.704,,,,0,0,0,0,0,0,0,,
"Port of Charleston, SC",2020256N25281,SALLY,2020,139.1,-4,2,30,1,0,0,0,,,,0,0,0,0,0,0,0,,
"Port of Charleston, SC",2020299N18277,ZETA,2020,409.4,0,3,45,1,0,0,0,,,,0,0,0,0,0,0,0,,
"Port of Charleston, SC",2020306N15288,ETA,2020,125.5,0,4,40,1,0,0,0,,,,0,0,0,0,0,0,0,,
"Port of Charleston, SC",2021165N32282,BILL,2021,220.4,-1,0,28,0,0,0,0,,,,0,0,0,0,0,0,0,,
"Port of Charleston, SC",2021169N23268,CLAUDETTE,2021,169.5,0,0,40,1,0,0,0,,,,0,0,0,0,0,0,0,,
"Port of Charleston, SC",2021179N30287,DANNY,2021,91.4,0,0,40,1,9,0.9552,21.644,,,,0,0,0,0,0,0,0,,
"Port of Charleston, SC",2021182N09317,ELSA,2021,120.5,0,1,55,1,9,0.9611,21.763,,,,0,0,0,0,0,0,0,,
"Port of Charleston, SC",2021222N14301,FRED,2021,437,-1,0,25,1,1,0.0184,0.451,,,,0,0,0,0,0,0,0,,
"Port of Charleston, SC",2021252N28273,MINDY,2021,158.8,0,0,35,1,0,0,0,,,,0,0,0,0,0,0,0,,
"Port of Charleston, SC",2021259N30286,ODETTE,2021,441.9,-3,0,30,0,0,0,0,,,,0,0,0,0,0,0,0,,
"Port of Charleston, SC",2021299N33284,WANDA,2021,354.1,-4,0,40,0,0,0,0,,,,0,0,0,0,0,0,0,,
"Port of Charleston, SC",2022183N32280,COLIN,2022,13,0,0,35,1,0,0,0,,,,0,0,0,0,0,0,0,,
"Port of Charleston, SC",2022266N12294,IAN,2022,83.7,1,5,75,1,0,0,0,2022-09-30,2022-09-30,2022-10-02,2,2,1,0,1.1387,21.319,0.7351,16,37.319
"Port of Charleston, SC",2022311N21293,NICOLE,2022,419.3,0,1,38,1,0,0,0,2022-11-09,2022-11-10,2022-11-11,2,1,0,0,0.5981,10.64,0.3788,25,35.64
"Port of Charleston, SC",2023239N21274,IDALIA,2023,23.4,3,4,100,1,0,0,0,2023-08-30,2023-08-30,2023-09-01,2,2,0,0,0.9084,14.981,0.4569,18,32.981
"Port of Charleston, SC",2023265N29284,OPHELIA,2023,285.9,0,0,60,1,1,0.0959,1.75,,,,0,0,0,0,0,0,0,,
"Port of Greater Baton Rouge, LA",2015167N27266,BILL,2015,482.4,0,0,45,0,3,0.1441,1.923,,,,0,0,0,0,0,0,0,,
"Port of Greater Baton Rouge, LA",2017228N14314,HARVEY,2017,156,0,4,45,1,4,0.29,5.483,,,,0,0,0,0,0,0,0,,
"Port of Greater Baton Rouge, LA",2017277N11279,NATE,2017,210.9,1,1,80,1,0,0,0,,,,0,0,0,0,0,0,0,,
"Port of Greater Baton Rouge, LA",2018146N19273,ALBERTO,2018,475.3,-1,0,30,1,0,0,0,,,,0,0,0,0,0,0,0,,
"Port of Greater Baton Rouge, LA",2018246N22283,GORDON,2018,209.8,0,0,60,1,0,0,0,,,,0,0,0,0,0,0,0,,
"Port of Greater Baton Rouge, LA",2019192N29274,BARRY,2019,122.2,1,1,65,1,0,0,0,2019-07-09,2019-07-16,2019-07-17,8,1,0,0,4.0413,44.029,0.5489,43,87.029
"Port of Greater Baton Rouge, LA",2019261N28264,IMELDA,2019,342.1,0,0,40,1,0,0,0,,,,0,0,0,0,0,0,0,,
"Port of Greater Baton Rouge, LA",2019291N22264,NESTOR,2019,447.1,0,0,50,0,0,0,0,,,,0,0,0,0,0,0,0,,
"Port of Greater Baton Rouge, LA",2019299N25265,OLGA,2019,83.8,0,0,45,1,0,0,0,,,,0,0,0,0,0,0,0,,
"Port of Greater Baton Rouge, LA",2020154N19269,CRISTOBAL,2020,69.1,0,0,45,1,0,0,0,2020-06-07,2020-06-09,2020-06-10,3,1,0,0,1.4248,12.655,0.5477,14,26.655
"Port of Greater Baton Rouge, LA",2020188N28271,FAY,2020,390.5,-3,0,28,0,0,0,0,,,,0,0,0,0,0,0,0,,
"Port of Greater Baton Rouge, LA",2020205N26272,HANNA,2020,400.2,0,1,55,0,0,0,0,,,,0,0,0,0,0,0,0,,
"Port of Greater Baton Rouge, LA",2020233N14313,LAURA,2020,201.3,4,4,130,1,0,0,0,,,,0,0,0,0,0,0,0,,
"Port of Greater Baton Rouge, LA",2020234N14280,MARCO,2020,178.5,0,1,50,0,0,0,0,,,,0,0,0,0,0,0,0,,
"Port of Greater Baton Rouge, LA",2020256N25281,SALLY,2020,325.8,2,2,95,1,0,0,0,,,,0,0,0,0,0,0,0,,
"Port of Greater Baton Rouge, LA",2020261N21265,BETA,2020,101.2,0,0,55,1,0,0,0,,,,0,0,0,0,0,0,0,,
"Port of Greater Baton Rouge, LA",2020279N16284,DELTA,2020,121.2,3,4,103,1,0,0,0,2020-10-08,2020-10-08,2020-10-11,3,3,1,0,1.5072,16.157,0.5363,16,32.157
"Port of Greater Baton Rouge, LA",2020299N18277,ZETA,2020,137.2,3,3,100,1,0,0,0,2020-10-28,2020-10-29,2020-10-30,2,1,0,0,0.931,9.598,0.5186,11,20.598
"Port of Greater Baton Rouge, LA",2021169N23268,CLAUDETTE,2021,94.8,0,0,40,1,0,0,0,,,,0,0,0,0,0,0,0,,
"Port of Greater Baton Rouge, LA",2021239N17281,IDA,2021,50.7,4,4,130,1,0,0,0,2021-08-30,2021-08-31,2021-09-02,3,2,1,0,1.368,20.077,0.6583,24,44.077
"Port of Greater Baton Rouge, LA",2021252N28273,MINDY,2021,491.8,0,0,35,0,1,0.0357,0.655,,,,0,0,0,0,0,0,0,,
"Port of Greater Baton Rouge, LA",2021256N21265,NICHOLAS,2021,77.8,1,1,65,1,7,0.9263,16.603,,,,0,0,0,0,0,0,0,,
"Port of Palm Beach District, FL",2015126N27281,ANA,2015,129,-3,0,28,0,0,0,0,,,,0,0,0,0,0,0,0,,
"Port of Palm Beach District, FL",2015313N22289,KATE,2015,419.4,0,1,55,0,2,0.059,0.432,,,,0,0,0,0,0,0,0,,
"Port of Palm Beach District, FL",2016148N27288,BONNIE,2016,441.5,0,0,40,0,0,0,0,,,,0,0,0,0,0,0,0,,
"Port of Palm Beach District, FL",2016158N22272,COLIN,2016,459.2,0,0,45,1,0,0,0,,,,0,0,0,0,0,0,0,,
"Port of Palm Beach District, FL",2016242N24279,HERMINE,2016,334.1,1,1,70,0,0,0,0,,,,0,0,0,0,0,0,0,,
"Port of Palm Beach District, FL",2016257N27280,JULIA,2016,73.7,0,0,45,1,0,0,0,,,,0,0,0,0,0,0,0,,
"Port of Palm Beach District, FL",2016273N13300,MATTHEW,2016,122.2,4,5,120,0,0,0,0,2016-10-05,2016-10-06,2016-10-08,3,2,0,2,2.6879,17.711,1,2,19.711
"Port of Palm Beach District, FL",2017212N28275,EMILY,2017,105.6,0,0,50,1,0,0,0,,,,0,0,0,0,0,0,0,,
"Port of Palm Beach District, FL",2017240N31279,UNNAMED,2017,446.3,-3,-3,35,0,0,0,0,,,,0,0,0,0,0,0,0,,
"Port of Palm Beach District, FL",2017242N16333,IRMA,2017,120.5,4,5,120,1,0,0,0,2017-09-08,2017-09-09,2017-09-13,5,4,0,4,4.8411,26.107,1,1,27.107
"Port of Palm Beach District, FL",2017301N18276,PHILIPPE,2017,449.5,-1,0,30,1,0,0,0,,,,0,0,0,0,0,0,0,,
"Port of Palm Beach District, FL",2018146N19273,ALBERTO,2018,388.4,-2,0,45,0,0,0,0,,,,0,0,0,0,0,0,0,,
"Port of Palm Beach District, FL",2018246N22283,GORDON,2018,160,0,0,55,1,0,0,0,2018-09-03,2018-09-03,2018-09-04,1,1,0,0,0.5881,2.856,0.5881,2,4.856
"Port of Palm Beach District, FL",2019204N25283,UNNAMED,2019,91.6,-1,-1,30,1,0,0,0,,,,0,0,0,0,0,0,0,,
"Port of Palm Beach District, FL",2019236N10314,DORIAN,2019,199.2,5,5,160,0,3,0.2437,1.602,2019-08-31,2019-08-31,2019-09-04,4,4,0,4,4,14.916,1,0,14.916
"Port of Palm Beach District, FL",2019256N23286,HUMBERTO,2019,316.6,1,3,73,0,3,0.364,2.035,,,,0,0,0,0,0,0,0,,
"Port of Palm Beach District, FL",2020138N28281,ARTHUR,2020,229.2,0,0,35,0,0,0,0,,,,0,0,0,0,0,0,0,,
"Port of Palm Beach District, FL",2020211N13306,ISAIAS,2020,95,1,1,73,1,0,0,0,2020-08-01,2020-08-01,2020-08-03,2,2,0,0,1.51,6.325,0.7891,2,8.325
"Port of Palm Beach District, FL",2020244N30279,OMAR,2020,390.7,-1,0,30,0,1,0.2517,1.206,,,,0,0,0,0,0,0,0,,
"Port of Palm Beach District, FL",2020256N25281,SALLY,2020,124.8,0,2,50,1,0,0,0,,,,0,0,0,0,0,0,0,,
"Port of Palm Beach District, FL",2020306N15288,ETA,2020,200.2,1,4,65,1,0,0,0,2020-11-09,2020-11-09,2020-11-10,1,1,0,0,0.7565,3.107,0.7565,1,4.107
"Port of Palm Beach District, FL",2021182N09317,ELSA,2021,261.4,1,1,65,1,4,0.8298,6.928,,,,0,0,0,0,0,0,0,,
"Port of Palm Beach District, FL",2021222N14301,FRED,2021,425.2,0,0,45,1,1,0.062,0.584,,,,0,0,0,0,0,0,0,,
"Port of Palm Beach District, FL",2022154N21273,ALEX,2022,57.4,0,0,45,1,0,0,0,2022-06-05,2022-06-05,2022-06-06,1,1,0,0,0.7461,2.938,0.7461,1,3.938
"Port of Palm Beach District, FL",2022266N12294,IAN,2022,127.1,5,5,140,1,4,1.2313,7.557,2022-09-27,2022-09-28,2022-09-30,3,2,0,0,2.0379,11.874,0.8248,6,17.874
"Port of Palm Beach District, FL",2022311N21293,NICOLE,2022,96.5,1,1,65,1,0,0,0,2022-11-09,2022-11-09,2022-11-11,2,2,1,1,1.8178,9.799,1,1,10.799
"Port of Palm Beach District, FL",2023152N26274,ARLENE,2023,453.8,-3,0,25,0,0,0,0,,,,0,0,0,0,0,0,0,,
"Port of Palm Beach District, FL",2023239N21274,IDALIA,2023,418.2,4,4,115,1,0,0,0,,,,0,0,0,0,0,0,0,,
"Port of Palm Beach District, FL",2023265N29284,OPHELIA,2023,486.3,-4,0,30,0,6,0.7725,3.86,,,,0,0,0,0,0,0,0,,
"Port of Savannah, GA",2015126N27281,ANA,2015,279.5,0,0,50,1,0,0,0,2015-05-10,2015-05-10,2015-05-11,1,1,0,0,0.289,4.472,0.289,11,15.472
"Port of Savannah, GA",2016148N27288,BONNIE,2016,102.2,0,0,40,1,0,0,0,,,,0,0,0,0,0,0,0,,
"Port of Savannah, GA",2016158N22272,COLIN,2016,62.8,0,0,48,1,0,0,0,,,,0,0,0,0,0,0,0,,
"Port of Savannah, GA",2016242N24279,HERMINE,2016,34.3,1,1,70,1,0,0,0,2016-09-01,2016-09-02,2016-09-03,2,1,0,0,1.1456,19.388,0.7696,14,33.388
"Port of Savannah, GA",2016257N27280,JULIA,2016,51.9,0,0,45,1,0,0,0,,,,0,0,0,0,0,0,0,,
"Port of Savannah, GA",2016273N13300,MATTHEW,2016,58.7,3,5,108,1,0,0,0,2016-10-06,2016-10-07,2016-10-12,6,5,1,0,5.2743,88.019,0.9433,12,100.019
"Port of Savannah, GA",2017212N28275,EMILY,2017,326.3,-1,0,30,0,0,0,0,2017-08-02,2017-08-02,2017-08-04,2,2,0,0,0.4832,8.286,0.2502,26,34.286
"Port of Savannah, GA",2017240N31279,UNNAMED,2017,93.2,-3,-3,38,1,0,0,0,2017-08-28,2017-08-28,2017-08-29,1,1,0,0,0.6119,9.46,0.6119,6,15.46
"Port of Savannah, GA",2017242N16333,IRMA,2017,261.8,1,5,65,1,0,0,0,2017-09-09,2017-09-10,2017-09-14,5,4,1,2,3.9061,62.977,1,18,80.977
"Port of Savannah, GA",2018146N19273,ALBERTO,2018,490.2,-1,0,30,1,3,0.1406,2.786,,,,0,0,0,0,0,0,0,,
"Port of Savannah, GA",2018242N13343,FLORENCE,2018,167.2,2,4,90,1,0,0,0,2018-09-16,2018-09-16,2018-09-17,1,1,0,0,0.4319,6.081,0.4319,8,14.081
"Port of Savannah, GA",2018280N18273,MICHAEL,2018,193.7,5,5,140,1,0,0,0,,,,0,0,0,0,0,0,0,,
"Port of Savannah, GA",2019204N25283,UNNAMED,2019,403.6,-1,-1,30,0,0,0,0,,,,0,0,0,0,0,0,0,,
"Port of Savannah, GA",2019236N10314,DORIAN,2019,163.6,3,5,100,0,0,0,0,2019-09-02,2019-09-03,2019-09-07,5,4,1,2,4.0155,57.08,1,14,71.08
"Port of Savannah, GA",2019256N23286,HUMBERTO,2019,439.4,1,3,75,0,0,0,0,,,,0,0,0,0,0,0,0,,
"Port of Savannah, GA",2019291N22264,NESTOR,2019,123.8,-4,0,40,1,0,0,0,,,,0,0,0,0,0,0,0,,
"Port of Savannah, GA",2020138N28281,ARTHUR,2020,379,0,0,43,0,0,0,0,,,,0,0,0,0,0,0,0,,
"Port of Savannah, GA",2020148N32281,BERTHA,2020,160.5,0,0,45,1,0,0,0,2020-05-28,2020-05-29,2020-05-30,2,1,0,0,0.8183,10.517,0.4753,15,25.517
"Port of Savannah, GA",2020188N28271,FAY,2020,133.7,-3,0,30,1,0,0,0,,,,0,0,0,0,0,0,0,,
"Port of Savannah, GA",2020211N13306,ISAIAS,2020,154.6,1,1,80,1,0,0,0,2020-08-03,2020-08-03,2020-08-07,4,4,0,0,2.0091,25.191,0.5913,25,50.191
"Port of Savannah, GA",2020244N30279,OMAR,2020,214.9,-1,0,30,0,1,0.0186,0.274,,,,0,0,0,0,0,0,0,,
"Port of Savannah, GA",2020256N25281,SALLY,2020,203.4,-1,2,33,1,0,0,0,,,,0,0,0,0,0,0,0,,
"Port of Savannah, GA",2020299N18277,ZETA,2020,423.4,0,3,53,1,0,0,0,,,,0,0,0,0,0,0,0,,
"Port of Savannah, GA",2020306N15288,ETA,2020,87.3,0,4,53,1,0,0,0,,,,0,0,0,0,0,0,0,,
"Port of Savannah, GA",2021165N32282,BILL,2021,285.9,-3,0,23,0,0,0,0,,,,0,0,0,0,0,0,0,,
"Port of Savannah, GA",2021169N23268,CLAUDETTE,2021,233.8,0,0,40,1,0,0,0,,,,0,0,0,0,0,0,0,,
"Port of Savannah, GA",2021179N30287,DANNY,2021,52.1,0,0,40,1,0,0,0,2021-06-28,2021-06-28,2021-06-30,2,2,1,0,0.6015,9.877,0.3174,23,32.877
"Port of Savannah, GA",2021182N09317,ELSA,2021,100.6,0,1,55,1,0,0,0,2021-07-07,2021-07-07,2021-07-08,1,1,0,0,0.2334,3.957,0.2334,13,16.957
"Port of Savannah, GA",2021222N14301,FRED,2021,386.6,0,0,55,1,0,0,0,,,,0,0,0,0,0,0,0,,
"Port of Savannah, GA",2021252N28273,MINDY,2021,82.9,0,0,50,1,0,0,0,,,,0,0,0,0,0,0,0,,
"Port of Savannah, GA",2021299N33284,WANDA,2021,455.5,-4,0,35,0,0,0,0,,,,0,0,0,0,0,0,0,,
"Port of Savannah, GA",2022183N32280,COLIN,2022,41.3,0,0,35,1,0,0,0,,,,0,0,0,0,0,0,0,,
"Port of Savannah, GA",2022266N12294,IAN,2022,201.4,1,5,75,1,0,0,0,2022-09-29,2022-09-30,2022-10-02,3,2,1,1,2.1703,39.622,1,15,54.622
"Port of Savannah, GA",2022311N21293,NICOLE,2022,336.9,0,1,62,1,0,0,0,2022-11-10,2022-11-10,2022-11-11,1,1,0,0,0.3711,6.49,0.3711,11,17.49
"Port of Savannah, GA",2023239N21274,IDALIA,2023,64.7,4,4,115,1,0,0,0,2023-08-29,2023-08-30,2023-09-02,4,3,1,0,1.6488,29.856,0.6129,43,72.856
"Port of Savannah, GA",2023265N29284,OPHELIA,2023,420.4,0,0,60,1,0,0,0,,,,0,0,0,0,0,0,0,,
"PortMiami, FL",2015126N27281,ANA,2015,185.2,-3,0,25,0,0,0,0,,,,0,0,0,0,0,0,0,,
"PortMiami, FL",2015313N22289,KATE,2015,438.5,0,1,53,0,0,0,0,2015-11-08,2015-11-08,2015-11-13,5,5,1,0,1.2735,20.492,0.268,60,80.492
"PortMiami, FL",2016242N24279,HERMINE,2016,220.9,-1,1,30,0,0,0,0,,,,0,0,0,0,0,0,0,,
"PortMiami, FL",2016257N27280,JULIA,2016,190.3,0,0,45,1,0,0,0,,,,0,0,0,0,0,0,0,,
"PortMiami, FL",2016273N13300,MATTHEW,2016,191.5,4,5,120,0,0,0,0,2016-10-05,2016-10-06,2016-10-08,3,2,1,0,1.2136,24.296,0.7593,34,58.296
"PortMiami, FL",2017212N28275,EMILY,2017,223.3,0,0,50,1,0,0,0,2017-07-30,2017-07-30,2017-08-02,3,3,0,0,0.7658,11.996,0.296,35,46.996
"PortMiami, FL",2017242N16333,IRMA,2017,120.5,5,5,145,1,0,0,0,2017-09-09,2017-09-09,2017-09-12,3,3,1,0,1.1298,17.082,0.4407,28,45.082
"PortMiami, FL",2017301N18276,PHILIPPE,2017,331.3,0,0,35,1,1,0.0125,0.272,,,,0,0,0,0,0,0,0,,
"PortMiami, FL",2018146N19273,ALBERTO,2018,381.4,-2,0,45,0,0,0,0,,,,0,0,0,0,0,0,0,,
"PortMiami, FL",2018246N22283,GORDON,2018,60.2,0,0,55,1,0,0,0,,,,0,0,0,0,0,0,0,,
"PortMiami, FL",2019204N25283,UNNAMED,2019,119.5,-1,-1,30,1,0,0,0,,,,0,0,0,0,0,0,0,,
"PortMiami, FL",2019236N10314,DORIAN,2019,242,5,5,160,0,4,0.9116,16.127,2019-08-31,2019-09-01,2019-09-04,4,3,1,0,1.6594,19.016,0.4601,27,46.016
"PortMiami, FL",2019256N23286,HUMBERTO,2019,373.1,1,3,65,0,0,0,0,,,,0,0,0,0,0,0,0,,
"PortMiami, FL",2020138N28281,ARTHUR,2020,320.2,0,0,35,0,0,0,0,,,,0,0,0,0,0,0,0,,
"PortMiami, FL",2020211N13306,ISAIAS,2020,128,1,1,75,1,1,0.0171,0.253,,,,0,0,0,0,0,0,0,,
"PortMiami, FL",2020233N14313,LAURA,2020,455.6,0,4,58,1,0,0,0,,,,0,0,0,0,0,0,0,,
"PortMiami, FL",2020256N25281,SALLY,2020,12.2,0,2,50,1,2,0.0333,0.491,,,,0,0,0,0,0,0,0,,
"PortMiami, FL",2020306N15288,ETA,2020,81.5,1,4,65,1,0,0,0,2020-11-08,2020-11-08,2020-11-09,1,1,0,0,0.4353,5.396,0.4353,7,12.396
"PortMiami, FL",2021182N09317,ELSA,2021,241.1,1,1,65,1,0,0,0,,,,0,0,0,0,0,0,0,,
"PortMiami, FL",2021222N14301,FRED,2021,333.6,0,0,40,1,0,0,0,,,,0,0,0,0,0,0,0,,
"PortMiami, FL",2021239N17281,IDA,2021,450.1,1,4,70,1,0,0,0,,,,0,0,0,0,0,0,0,,
"PortMiami, FL",2022154N21273,ALEX,2022,140,0,0,45,1,0,0,0,,,,0,0,0,0,0,0,0,,
"PortMiami, FL",2022266N12294,IAN,2022,199.9,5,5,140,1,1,0.062,1.226,,,,0,0,0,0,0,0,0,,
"PortMiami, FL",2022311N21293,NICOLE,2022,200.4,1,1,65,1,0,0,0,2022-11-09,2022-11-09,2022-11-10,1,1,0,0,0.2954,4.611,0.2954,11,15.611
"PortMiami, FL",2023152N26274,ARLENE,2023,360.6,-3,0,25,0,0,0,0,2023-06-01,2023-06-03,2023-06-04,3,1,0,0,0.7582,11.719,0.2964,35,46.719
"PortMiami, FL",2023239N21274,IDALIA,2023,433.2,3,4,105,0,0,0,0,,,,0,0,0,0,0,0,0,,
"San Juan, PR",2015237N14315,ERIKA,2015,115.1,0,0,45,0,0,0,0,2015-08-28,2015-08-28,2015-08-29,1,1,0,0,0.3283,3.422,0.3283,7,10.422
"San Juan, PR",2016273N13300,MATTHEW,2016,469.7,1,5,68,0,0,0,0,,,,0,0,0,0,0,0,0,,
"San Juan, PR",2017224N22293,GERT,2017,448.8,-3,2,25,0,0,0,0,,,,0,0,0,0,0,0,0,,
"San Juan, PR",2017242N16333,IRMA,2017,87.6,5,5,155,0,0,0,0,2017-09-05,2017-09-06,2017-09-09,4,3,1,0,2.6753,16.744,0.8262,9,25.744
"San Juan, PR",2017247N09327,JOSE,2017,296.3,4,4,120,0,0,0,0,,,,0,0,0,0,0,0,0,,
"San Juan, PR",2017260N12310,MARIA,2017,28.4,5,5,150,1,0,0,0,2017-09-19,2017-10-01,2017-10-03,14,2,1,9,11.9891,81.141,1,15,96.141
"San Juan, PR",2018186N10325,BERYL,2018,180.9,-3,1,35,0,0,0,0,,,,0,0,0,0,0,0,0,,
"San Juan, PR",2018251N13325,ISAAC,2018,358.3,0,1,35,0,0,0,0,,,,0,0,0,0,0,0,0,,
"San Juan, PR",2018265N08338,KIRK,2018,489.6,0,0,35,0,0,0,0,,,,0,0,0,0,0,0,0,,
"San Juan, PR",2019236N10314,DORIAN,2019,80,1,5,78,0,0,0,0,,,,0,0,0,0,0,0,0,,
"San Juan, PR",2019260N13317,JERRY,2019,393,0,2,63,0,0,0,0,2019-09-20,2019-09-20,2019-09-21,1,1,0,0,0.3581,2.79,0.3581,5,7.79
"San Juan, PR",2019265N12301,KAREN,2019,76.2,0,0,40,0,0,0,0,,,,0,0,0,0,0,0,0,,
"San Juan, PR",2020211N13306,ISAIAS,2020,226,0,1,63,1,0,0,0,2020-07-30,2020-07-30,2020-07-31,1,1,0,0,0.7489,5.965,0.7489,2,7.965
"San Juan, PR",2020224N11326,JOSEPHINE,2020,257.2,0,0,35,0,0,0,0,,,,0,0,0,0,0,0,0,,
"San Juan, PR",2020233N14313,LAURA,2020,82.3,0,4,45,1,0,0,0,2020-08-21,2020-08-22,2020-08-23,2,1,0,0,1.1786,11.699,0.8012,8,19.699
"San Juan, PR",2021182N09317,ELSA,2021,359.9,1,1,70,0,0,0,0,,,,0,0,0,0,0,0,0,,
"San Juan, PR",2021222N14301,FRED,2021,124.8,0,0,40,1,0,0,0,,,,0,0,0,0,0,0,0,,
"San Juan, PR",2021225N15313,GRACE,2021,158.2,-1,3,33,0,0,0,0,2021-08-14,2021-08-15,2021-08-16,2,1,0,0,0.7533,8.463,0.5208,15,23.463
"San Juan, PR",2021262N16307,PETER,2021,250.6,0,0,45,0,1,0.0645,0.909,,,,0,0,0,0,0,0,0,,
"San Juan, PR",2022246N18301,EARL,2022,207.6,0,2,60,0,0,0,0,,,,0,0,0,0,0,0,0,,
"San Juan, PR",2022257N16312,FIONA,2022,111.9,2,4,95,1,0,0,0,2022-09-17,2022-09-18,2022-09-20,3,2,1,0,1.6045,18.219,0.5991,16,34.219
"San Juan, PR",2022311N21293,NICOLE,2022,254,-3,1,35,0,0,0,0,,,,0,0,0,0,0,0,0,,
"San Juan, PR",2023232N13300,FRANKLIN,2023,397,0,4,60,0,0,0,0,2023-08-20,2023-08-20,2023-08-21,1,1,0,0,0.3161,3.235,0.3161,7,10.235
"San Juan, PR",2023266N16323,PHILIPPE,2023,150.7,0,0,45,0,0,0,0,,,,0,0,0,0,0,0,0,,
"San Juan, PR",2023292N13309,TAMMY,2023,292.2,1,2,80,0,0,0,0,2023-10-21,2023-10-22,2023-10-23,2,1,0,0,0.7954,9.161,0.4169,14,23.161
"South Jersey Port Corp, NJ",2015126N27281,ANA,2015,118.2,-1,0,30,1,0,0,0,2015-05-10,2015-05-11,2015-05-15,5,4,0,0,2.1607,30.568,0.5871,40,70.568
"South Jersey Port Corp, NJ",2015193N35285,CLAUDETTE,2015,466.1,-3,0,25,0,0,0,0,,,,0,0,0,0,0,0,0,,
"South Jersey Port Corp, NJ",2016148N27288,BONNIE,2016,445.6,0,0,35,0,0,0,0,,,,0,0,0,0,0,0,0,,
"South Jersey Port Corp, NJ",2016158N22272,COLIN,2016,387,-4,0,50,0,0,0,0,,,,0,0,0,0,0,0,0,,
"South Jersey Port Corp, NJ",2016240N31295,UNNAMED,2016,447.9,-1,-1,30,0,0,0,0,,,,0,0,0,0,0,0,0,,
"South Jersey Port Corp, NJ",2016242N24279,HERMINE,2016,214.6,0,1,60,1,1,0.0261,0.458,2016-09-05,2016-09-05,2016-09-07,2,2,1,0,0.6741,9.518,0.4134,19,28.518
"South Jersey Port Corp, NJ",2016257N27280,JULIA,2016,467.1,-4,0,25,1,2,0.1793,3.414,,,,0,0,0,0,0,0,0,,
"South Jersey Port Corp, NJ",2017240N31279,UNNAMED,2017,468.6,-4,-3,40,0,1,0.0233,0.433,,,,0,0,0,0,0,0,0,,
"South Jersey Port Corp, NJ",2017247N09327,JOSE,2017,393.7,0,4,63,0,0,0,0,2017-09-19,2017-09-19,2017-09-20,1,1,0,0,0.2819,4.318,0.2819,11,15.318
"South Jersey Port Corp, NJ",2017260N12310,MARIA,2017,410.3,1,5,65,0,0,0,0,,,,0,0,0,0,0,0,0,,
"South Jersey Port Corp, NJ",2017277N11279,NATE,2017,406.1,-4,1,25,1,0,0,0,,,,0,0,0,0,0,0,0,,
"South Jersey Port Corp, NJ",2018242N13343,FLORENCE,2018,246.3,-4,4,25,1,0,0,0,,,,0,0,0,0,0,0,0,,
"South Jersey Port Corp, NJ",2018280N18273,MICHAEL,2018,242.7,-4,5,60,1,0,0,0,,,,0,0,0,0,0,0,0,,
"South Jersey Port Corp, NJ",2019236N10314,DORIAN,2019,376.9,2,5,85,0,0,0,0,,,,0,0,0,0,0,0,0,,
"South Jersey Port Corp, NJ",2019239N32287,ERIN,2019,463,-1,0,35,0,0,0,0,2019-08-28,2019-08-30,2019-09-01,4,2,0,0,2.3573,23.673,0.6937,17,40.673
"South Jersey Port Corp, NJ",2019282N35286,MELISSA,2019,448,-2,0,50,0,0,0,0,,,,0,0,0,0,0,0,0,,
"South Jersey Port Corp, NJ",2019291N22264,NESTOR,2019,235.8,-4,0,40,1,4,0.6294,7.875,,,,0,0,0,0,0,0,0,,
"South Jersey Port Corp, NJ",2020138N28281,ARTHUR,2020,410.4,0,0,53,0,0,0,0,2020-05-19,2020-05-20,2020-05-21,2,1,0,0,0.7622,7.987,0.3894,13,20.987
"South Jersey Port Corp, NJ",2020148N32281,BERTHA,2020,484.5,-4,0,20,1,0,0,0,,,,0,0,0,0,0,0,0,,
"South Jersey Port Corp, NJ",2020188N28271,FAY,2020,46.8,0,0,50,1,0,0,0,,,,0,0,0,0,0,0,0,,
"South Jersey Port Corp, NJ",2020211N13306,ISAIAS,2020,96.1,0,1,60,1,0,0,0,,,,0,0,0,0,0,0,0,,
"South Jersey Port Corp, NJ",2020228N37286,KYLE,2020,317.9,0,0,43,0,2,0.2839,3.037,,,,0,0,0,0,0,0,0,,
"South Jersey Port Corp, NJ",2020299N18277,ZETA,2020,99.3,-4,3,45,1,0,0,0,,,,0,0,0,0,0,0,0,,
"South Jersey Port Corp, NJ",2021169N23268,CLAUDETTE,2021,314.6,0,0,40,1,0,0,0,2021-06-22,2021-06-22,2021-06-23,1,1,0,0,0.3076,4.443,0.3076,10,14.443
"South Jersey Port Corp, NJ",2021182N09317,ELSA,2021,59.4,0,1,50,1,0,0,0,,,,0,0,0,0,0,0,0,,
"South Jersey Port Corp, NJ",2021222N14301,FRED,2021,296.1,-3,0,25,1,0,0,0,2021-08-18,2021-08-18,2021-08-20,2,2,1,0,0.7635,10.533,0.4287,17,27.533
"South Jersey Port Corp, NJ",2021227N36297,HENRI,2021,223.9,1,1,65,1,1,0.0026,0.047,,,,0,0,0,0,0,0,0,,
"South Jersey Port Corp, NJ",2021239N17281,IDA,2021,60.6,-4,4,40,1,0,0,0,,,,0,0,0,0,0,0,0,,
"South Jersey Port Corp, NJ",2021259N30286,ODETTE,2021,433.7,0,0,40,0,0,0,0,,,,0,0,0,0,0,0,0,,
"South Jersey Port Corp, NJ",2021299N33284,WANDA,2021,415.7,-4,0,58,0,0,0,0,,,,0,0,0,0,0,0,0,,
"South Jersey Port Corp, NJ",2023015N36289,UNNAMED,2023,477.4,-4,-2,45,0,3,0.4327,7.279,,,,0,0,0,0,0,0,0,,
"South Jersey Port Corp, NJ",2023265N29284,OPHELIA,2023,185,0,0,45,1,1,0.0401,0.655,,,,0,0,0,0,0,0,0,,
"South Louisiana, LA, Port of",2016158N22272,COLIN,2016,471.5,0,0,45,0,0,0,0,,,,0,0,0,0,0,0,0,,
"South Louisiana, LA, Port of",2017228N14314,HARVEY,2017,245.6,0,4,45,1,0,0,0,,,,0,0,0,0,0,0,0,,
"South Louisiana, LA, Port of",2017277N11279,NATE,2017,126.7,1,1,80,1,0,0,0,2017-10-07,2017-10-08,2017-10-09,2,1,0,0,0.2969,16.556,0.1521,95,111.556
"South Louisiana, LA, Port of",2018146N19273,ALBERTO,2018,427.2,0,0,55,1,0,0,0,,,,0,0,0,0,0,0,0,,
"South Louisiana, LA, Port of",2018246N22283,GORDON,2018,182.5,0,0,60,1,1,0.0351,1.901,,,,0,0,0,0,0,0,0,,
"South Louisiana, LA, Port of",2018280N18273,MICHAEL,2018,422.7,5,5,140,1,0,0,0,,,,0,0,0,0,0,0,0,,
"South Louisiana, LA, Port of",2019192N29274,BARRY,2019,154.2,1,1,65,1,0,0,0,,,,0,0,0,0,0,0,0,,
"South Louisiana, LA, Port of",2019261N28264,IMELDA,2019,428.1,0,0,40,1,0,0,0,,,,0,0,0,0,0,0,0,,
"South Louisiana, LA, Port of",2019291N22264,NESTOR,2019,357.3,0,0,50,1,0,0,0,,,,0,0,0,0,0,0,0,,
"South Louisiana, LA, Port of",2019299N25265,OLGA,2019,9.2,0,0,45,1,0,0,0,,,,0,0,0,0,0,0,0,,
"South Louisiana, LA, Port of",2020154N19269,CRISTOBAL,2020,42.9,0,0,45,1,0,0,0,,,,0,0,0,0,0,0,0,,
"South Louisiana, LA, Port of",2020188N28271,FAY,2020,306.9,-3,0,30,1,0,0,0,,,,0,0,0,0,0,0,0,,
"South Louisiana, LA, Port of",2020205N26272,HANNA,2020,393.2,0,1,53,0,0,0,0,,,,0,0,0,0,0,0,0,,
"South Louisiana, LA, Port of",2020233N14313,LAURA,2020,270.2,4,4,130,1,0,0,0,,,,0,0,0,0,0,0,0,,
"South Louisiana, LA, Port of",2020234N14280,MARCO,2020,146.8,0,1,55,0,0,0,0,2020-08-24,2020-08-24,2020-08-26,2,2,0,0,0.6227,19.894,0.3118,44,63.894
"South Louisiana, LA, Port of",2020256N25281,SALLY,2020,239.5,2,2,95,1,0,0,0,2020-09-14,2020-09-14,2020-09-16,2,2,0,0,0.4705,16,0.2408,52,68
"South Louisiana, LA, Port of",2020261N21265,BETA,2020,187,0,0,55,1,0,0,0,,,,0,0,0,0,0,0,0,,
"South Louisiana, LA, Port of",2020279N16284,DELTA,2020,209.8,3,4,103,1,0,0,0,2020-10-07,2020-10-07,2020-10-10,3,3,1,0,1.0949,40.224,0.4281,70,110.224
"South Louisiana, LA, Port of",2020299N18277,ZETA,2020,61.8,3,3,100,1,0,0,0,2020-10-28,2020-10-28,2020-10-30,2,2,0,0,0.4548,15.896,0.2322,54,69.896
"South Louisiana, LA, Port of",2021169N23268,CLAUDETTE,2021,13.6,0,0,40,1,0,0,0,2021-06-19,2021-06-19,2021-06-20,1,1,0,0,0.1987,7.935,0.1987,32,39.935
"South Louisiana, LA, Port of",2021222N14301,FRED,2021,488.5,0,0,55,1,0,0,0,,,,0,0,0,0,0,0,0,,
"South Louisiana, LA, Port of",2021239N17281,IDA,2021,16.1,4,4,130,1,0,0,0,2021-08-27,2021-08-31,2021-09-10,14,10,1,0,5.3861,273.834,0.5227,439,712.834
"South Louisiana, LA, Port of",2021252N28273,MINDY,2021,402.4,0,0,45,0,0,0,0,2021-08-29,2021-08-31,2021-09-10,12,10,1,0,4.8625,246.501,0.5205,363,609.501
"South Louisiana, LA, Port of",2021256N21265,NICHOLAS,2021,120.3,0,1,50,1,0,0,0,,,,0,0,0,0,0,0,0,,
"South Louisiana, LA, Port of",2023152N26274,ARLENE,2023,449.8,-1,0,33,0,1,0.1223,5.447,,,,0,0,0,0,0,0,0,,
"Tampa Port Authority, FL",2015126N27281,ANA,2015,334.3,-3,0,25,0,0,0,0,,,,0,0,0,0,0,0,0,,
"Tampa Port Authority, FL",2016148N27288,BONNIE,2016,436.7,0,0,40,0,0,0,0,2016-05-28,2016-05-28,2016-05-29,1,1,0,0,0.4812,4.637,0.4812,5,9.637
"Tampa Port Authority, FL",2016158N22272,COLIN,2016,243.3,0,0,45,1,0,0,0,2016-06-06,2016-06-06,2016-06-07,1,1,0,0,0.3554,3.86,0.3554,7,10.86
"Tampa Port Authority, FL",2016242N24279,HERMINE,2016,267.8,1,1,70,1,4,0.5294,7.258,2016-09-01,2016-09-01,2016-09-03,2,2,0,0,0.7848,7.753,0.4,12,19.753
"Tampa Port Authority, FL",2016257N27280,JULIA,2016,147.6,0,0,45,1,1,0.0182,0.233,,,,0,0,0,0,0,0,0,,
"Tampa Port Authority, FL",2016273N13300,MATTHEW,2016,228.7,4,5,120,0,0,0,0,,,,0,0,0,0,0,0,0,,
"Tampa Port Authority, FL",2017212N28275,EMILY,2017,47.5,0,0,50,1,0,0,0,,,,0,0,0,0,0,0,0,,
"Tampa Port Authority, FL",2017240N31279,UNNAMED,2017,349.2,-3,-3,35,0,0,0,0,,,,0,0,0,0,0,0,0,,
"Tampa Port Authority, FL",2017242N16333,IRMA,2017,35.7,4,5,115,1,0,0,0,2017-09-09,2017-09-10,2017-09-13,4,3,1,2,3.1998,31.208,1,8,39.208
"Tampa Port Authority, FL",2018146N19273,ALBERTO,2018,235.6,0,0,55,1,1,0.2099,2.775,,,,0,0,0,0,0,0,0,,
"Tampa Port Authority, FL",2018246N22283,GORDON,2018,173.2,0,0,60,1,0,0,0,,,,0,0,0,0,0,0,0,,
"Tampa Port Authority, FL",2018280N18273,MICHAEL,2018,384.4,5,5,140,1,0,0,0,,,,0,0,0,0,0,0,0,,
"Tampa Port Authority, FL",2019192N29274,BARRY,2019,412.3,-3,1,30,0,0,0,0,2019-07-07,2019-07-12,2019-07-13,6,1,0,0,2.3984,27.966,0.5016,42,69.966
"Tampa Port Authority, FL",2019204N25283,UNNAMED,2019,242.5,-1,-1,30,0,0,0,0,2019-07-22,2019-07-23,2019-07-25,3,2,1,0,1.2482,14.284,0.4837,20,34.284
"Tampa Port Authority, FL",2019236N10314,DORIAN,2019,321.2,5,5,155,0,2,0.1332,1.65,,,,0,0,0,0,0,0,0,,
"Tampa Port Authority, FL",2019256N23286,HUMBERTO,2019,435.7,1,3,68,0,0,0,0,,,,0,0,0,0,0,0,0,,
"Tampa Port Authority, FL",2019291N22264,NESTOR,2019,388.6,0,0,50,1,0,0,0,,,,0,0,0,0,0,0,0,,
"Tampa Port Authority, FL",2020138N28281,ARTHUR,2020,358.3,0,0,35,0,0,0,0,,,,0,0,0,0,0,0,0,,
"Tampa Port Authority, FL",2020188N28271,FAY,2020,366.9,-3,0,30,1,8,1.4541,18.147,,,,0,0,0,0,0,0,0,,
"Tampa Port Authority, FL",2020211N13306,ISAIAS,2020,261.1,1,1,65,0,3,0.5431,6.583,,,,0,0,0,0,0,0,0,,
"Tampa Port Authority, FL",2020244N30279,OMAR,2020,301.1,-3,0,28,0,0,0,0,2020-08-31,2020-08-31,2020-09-02,2,2,1,0,1.0154,9.248,0.5522,9,18.248
"Tampa Port Authority, FL",2020256N25281,SALLY,2020,176,1,2,75,1,0,0,0,2020-09-11,2020-09-12,2020-09-15,4,3,0,0,2.1365,17.186,0.6248,15,32.186
"Tampa Port Authority, FL",2020306N15288,ETA,2020,112.2,1,4,65,1,0,0,0,,,,0,0,0,0,0,0,0,,
"Tampa Port Authority, FL",2021182N09317,ELSA,2021,114,1,1,65,1,4,1.3547,20.942,2021-07-07,2021-07-07,2021-07-08,1,1,0,0,0.4257,5.189,0.4257,7,12.189
"Tampa Port Authority, FL",2021222N14301,FRED,2021,323,0,0,55,1,0,0,0,,,,0,0,0,0,0,0,0,,
"Tampa Port Authority, FL",2021239N17281,IDA,2021,494,1,4,80,0,0,0,0,,,,0,0,0,0,0,0,0,,
"Tampa Port Authority, FL",2021252N28273,MINDY,2021,325.4,0,0,50,1,2,0.1781,2.631,,,,0,0,0,0,0,0,0,,
"Tampa Port Authority, FL",2022154N21273,ALEX,2022,175.6,0,0,43,1,0,0,0,2022-06-02,2022-06-03,2022-06-05,3,2,0,0,1.0466,13.399,0.3794,25,38.399
"Tampa Port Authority, FL",2022183N32280,COLIN,2022,468.1,-1,0,33,0,0,0,0,,,,0,0,0,0,0,0,0,,
"Tampa Port Authority, FL",2022266N12294,IAN,2022,101.2,5,5,140,1,0,0,0,2022-09-27,2022-09-28,2022-10-01,4,3,0,0,3.3657,36.632,0.9102,7,43.632
"Tampa Port Authority, FL",2022311N21293,NICOLE,2022,56.7,1,1,65,1,0,0,0,,,,0,0,0,0,0,0,0,,
"Tampa Port Authority, FL",2023152N26274,ARLENE,2023,349.4,0,0,35,0,0,0,0,2023-06-01,2023-06-01,2023-06-02,1,1,0,0,0.3352,4.033,0.3352,8,12.033
"Tampa Port Authority, FL",2023239N21274,IDALIA,2023,215.7,4,4,115,1,0,0,0,2023-08-29,2023-08-30,2023-09-01,3,2,1,1,2.4938,29.434,1,6,35.434
"Texas City, TX",2015167N27266,BILL,2015,193.7,0,0,50,1,0,0,0,2015-06-16,2015-06-17,2015-06-18,2,1,0,0,1.1506,8.119,0.7162,6,14.119
"Texas City, TX",2017228N14314,HARVEY,2017,120.3,4,4,115,1,0,0,0,2017-08-25,2017-08-26,2017-09-01,7,6,1,4,5.842,39.777,1,8,47.777
"Texas City, TX",2019192N29274,BARRY,2019,228,1,1,65,1,0,0,0,2019-07-13,2019-07-13,2019-07-15,2,2,1,0,0.8879,7.205,0.5111,9,16.205
"Texas City, TX",2019261N28264,IMELDA,2019,49.2,0,0,40,1,0,0,0,,,,0,0,0,0,0,0,0,,
"Texas City, TX",2019299N25265,OLGA,2019,345,0,0,45,1,2,0.1029,0.978,,,,0,0,0,0,0,0,0,,
"Texas City, TX",2020154N19269,CRISTOBAL,2020,408.1,0,0,45,1,0,0,0,,,,0,0,0,0,0,0,0,,
"Texas City, TX",2020205N26272,HANNA,2020,261.1,1,1,80,1,0,0,0,2020-07-24,2020-07-24,2020-07-26,2,2,0,0,1.2757,7.046,0.6395,4,11.046
"Texas City, TX",2020233N14313,LAURA,2020,159,4,4,130,1,0,0,0,2020-08-25,2020-08-26,2020-08-29,4,3,1,2,3.4115,17.603,1,3,20.603
"Texas City, TX",2020234N14280,MARCO,2020,254.6,-1,1,30,0,0,0,0,2020-08-25,2020-08-26,2020-08-29,4,3,1,2,3.4041,17.355,1,3,20.355
"Texas City, TX",2020261N21265,BETA,2020,29.8,0,0,55,1,0,0,0,2020-09-21,2020-09-21,2020-09-23,2,2,0,0,1.6143,8.375,0.8105,2,10.375
"Texas City, TX",2020279N16284,DELTA,2020,145.8,3,4,105,1,0,0,0,,,,0,0,0,0,0,0,0,,
"Texas City, TX",2020299N18277,ZETA,2020,403.5,3,3,100,1,0,0,0,,,,0,0,0,0,0,0,0,,
"Texas City, TX",2021169N23268,CLAUDETTE,2021,373.4,0,0,40,1,0,0,0,,,,0,0,0,0,0,0,0,,
"Texas City, TX",2021239N17281,IDA,2021,413.2,4,4,130,1,0,0,0,,,,0,0,0,0,0,0,0,,
"Texas City, TX",2021256N21265,NICHOLAS,2021,16.9,1,1,65,1,0,0,0,2021-09-14,2021-09-14,2021-09-18,4,4,1,1,2.8585,22.391,1,9,31.391
"Texas City, TX",2023234N25271,HAROLD,2023,329.3,0,0,50,1,0,0,0,,,,0,0,0,0,0,0,0,,
"Virginia, VA, Port of",2015126N27281,ANA,2015,12.4,0,0,48,1,0,0,0,2015-05-11,2015-05-11,2015-05-12,1,1,0,0,0.2446,5.829,0.2446,18,23.829
"Virginia, VA, Port of",2015167N27266,BILL,2015,490,-3,0,15,1,0,0,0,,,,0,0,0,0,0,0,0,,
"Virginia, VA, Port of",2015193N35285,CLAUDETTE,2015,185.6,-1,0,30,0,0,0,0,,,,0,0,0,0,0,0,0,,
"Virginia, VA, Port of",2016148N27288,BONNIE,2016,203.9,0,0,35,1,3,0.2149,5.823,,,,0,0,0,0,0,0,0,,
"Virginia, VA, Port of",2016158N22272,COLIN,2016,232.1,-4,0,50,0,0,0,0,,,,0,0,0,0,0,0,0,,
"Virginia, VA, Port of",2016240N31295,UNNAMED,2016,284.5,-1,-1,30,0,0,0,0,,,,0,0,0,0,0,0,0,,
"Virginia, VA, Port of",2016242N24279,HERMINE,2016,142.2,0,1,60,1,0,0,0,2016-09-03,2016-09-03,2016-09-04,1,1,0,0,0.4355,8.486,0.4355,11,19.486
"Virginia, VA, Port of",2016257N27280,JULIA,2016,145.6,-3,0,30,1,0,0,0,,,,0,0,0,0,0,0,0,,
"Virginia, VA, Port of",2016273N13300,MATTHEW,2016,240,1,5,70,0,0,0,0,2016-10-09,2016-10-09,2016-10-10,1,1,0,0,0.4085,8.286,0.4085,12,20.286
"Virginia, VA, Port of",2017240N31279,UNNAMED,2017,181.8,-3,-3,40,1,0,0,0,,,,0,0,0,0,0,0,0,,
"Virginia, VA, Port of",2017247N09327,JOSE,2017,418.4,1,4,65,0,7,0.6147,19.561,,,,0,0,0,0,0,0,0,,
"Virginia, VA, Port of",2017260N12310,MARIA,2017,347.9,1,5,65,0,7,0.5399,17.353,,,,0,0,0,0,0,0,0,,
"Virginia, VA, Port of",2018186N31292,CHRIS,2018,430,0,2,43,0,2,0.0428,1.363,,,,0,0,0,0,0,0,0,,
"Virginia, VA, Port of",2018242N13343,FLORENCE,2018,307,3,4,98,1,1,0.1527,5.034,2018-09-10,2018-09-14,2018-09-16,6,2,1,0,3.2967,92.308,0.8593,75,167.308
"Virginia, VA, Port of",2018280N18273,MICHAEL,2018,18.3,0,5,60,1,0,0,0,2018-10-10,2018-10-11,2018-10-13,3,2,1,0,0.6729,18.243,0.2657,63,81.243
"Virginia, VA, Port of",2019236N10314,DORIAN,2019,184.2,2,5,93,0,0,0,0,2019-09-05,2019-09-06,2019-09-07,2,1,0,0,0.7086,17.026,0.4189,31,48.026
"Virginia, VA, Port of",2019239N32287,ERIN,2019,400.1,-1,0,35,0,0,0,0,,,,0,0,0,0,0,0,0,,
"Virginia, VA, Port of",2019282N35286,MELISSA,2019,290.6,-4,0,43,0,0,0,0,,,,0,0,0,0,0,0,0,,
"Virginia, VA, Port of",2019291N22264,NESTOR,2019,35.1,-4,0,40,1,4,0.4189,11.824,,,,0,0,0,0,0,0,0,,
"Virginia, VA, Port of",2020138N28281,ARTHUR,2020,212.8,0,0,50,0,2,0.0138,0.356,,,,0,0,0,0,0,0,0,,
"Virginia, VA, Port of",2020148N32281,BERTHA,2020,424.3,-1,0,30,1,0,0,0,,,,0,0,0,0,0,0,0,,
"Virginia, VA, Port of",2020188N28271,FAY,2020,136.4,0,0,50,1,0,0,0,,,,0,0,0,0,0,0,0,,
"Virginia, VA, Port of",2020211N13306,ISAIAS,2020,99.1,1,1,80,1,0,0,0,2020-08-04,2020-08-04,2020-08-05,1,1,0,0,0.31,6.738,0.31,15,21.738
"Virginia, VA, Port of",2020228N37286,KYLE,2020,192.4,0,0,40,0,0,0,0,,,,0,0,0,0,0,0,0,,
"Virginia, VA, Port of",2020244N30279,OMAR,2020,346.4,0,0,35,0,0,0,0,,,,0,0,0,0,0,0,0,,
"Virginia, VA, Port of",2020299N18277,ZETA,2020,193.8,0,3,45,1,0,0,0,,,,0,0,0,0,0,0,0,,
"Virginia, VA, Port of",2020306N15288,ETA,2020,334.7,0,4,40,0,1,0.0344,0.997,,,,0,0,0,0,0,0,0,,
"Virginia, VA, Port of",2021165N32282,BILL,2021,361.7,0,0,38,0,0,0,0,,,,0,0,0,0,0,0,0,,
"Virginia, VA, Port of",2021169N23268,CLAUDETTE,2021,100.3,0,0,40,1,0,0,0,,,,0,0,0,0,0,0,0,,
"Virginia, VA, Port of",2021182N09317,ELSA,2021,80.2,0,1,50,1,0,0,0,,,,0,0,0,0,0,0,0,,
"Virginia, VA, Port of",2021222N14301,FRED,2021,487.5,-3,0,20,1,0,0,0,,,,0,0,0,0,0,0,0,,
"Virginia, VA, Port of",2021227N36297,HENRI,2021,439.1,1,1,65,0,0,0,0,,,,0,0,0,0,0,0,0,,
"Virginia, VA, Port of",2021239N17281,IDA,2021,285.1,-4,4,38,1,0,0,0,,,,0,0,0,0,0,0,0,,
"Virginia, VA, Port of",2021259N30286,ODETTE,2021,303.3,0,0,40,0,0,0,0,2021-09-16,2021-09-16,2021-09-17,1,1,0,0,0.1819,5.558,0.1819,25,30.558
"Virginia, VA, Port of",2021299N33284,WANDA,2021,360.8,-4,0,45,0,0,0,0,2021-10-23,2021-10-26,2021-10-27,4,1,0,0,1.1291,33.812,0.4273,86,119.812
"Virginia, VA, Port of",2022183N32280,COLIN,2022,415.3,0,0,35,1,0,0,0,,,,0,0,0,0,0,0,0,,
"Virginia, VA, Port of",2022266N12294,IAN,2022,350.8,1,5,70,1,0,0,0,2022-09-30,2022-09-30,2022-10-01,1,1,0,0,0.3184,9.342,0.3184,20,29.342
"Virginia, VA, Port of",2023015N36289,UNNAMED,2023,451.9,-4,-2,45,0,0,0,0,2023-01-14,2023-01-15,2023-01-16,2,1,0,0,0.4007,11.771,0.2059,47,58.771
"Virginia, VA, Port of",2023239N21274,IDALIA,2023,358.1,0,4,55,0,0,0,0,,,,0,0,0,0,0,0,0,,
"Virginia, VA, Port of",2023265N29284,OPHELIA,2023,113.6,0,0,60,1,0,0,0,2023-09-23,2023-09-23,2023-09-24,1,1,0,0,0.3949,11.095,0.3949,17,28.095
