left_out,storm,season,C1_hur,C1_TS,C2,C3,C4,C6_nox,C7
2015126N27281,ANA,2015,0.4710559077615098,0.820152382000867,0.6894915350968224,1.0116110364408741,0.9913378565558076,0.9954490267416549,1.8211278237077266
2015167N27266,BILL,2015,0.4710559077615098,0.8181822452967309,0.6933483599808663,1.0122022464801466,0.9910908781501305,0.996291371957999,1.8211278237077266
2016148N27288,BONNIE,2016,0.4710559077615098,0.8126381163582079,0.6902736772488558,1.0107406064091256,0.990424487758252,0.9945421065108092,1.8211278237077266
2016158N22272,COLIN,2016,0.4710559077615098,0.8228519588641982,0.6878418842481927,1.0115052995304579,0.9911189701888211,0.9955555340985082,1.8211278237077266
2016242N24279,HERMINE,2016,0.4710559077615098,0.825034420218437,0.6865939461784304,1.0112314669500895,0.9887163689877666,0.9958354090191682,1.8211278237077266
2016257N27280,JULIA,2016,0.4710559077615098,0.818693802509947,0.6904389219107774,1.0113539440634554,0.9902820910401412,0.9959169912386612,1.8211278237077266
2016273N13300,MATTHEW,2016,0.46702339010361976,0.8228070016260224,0.6845806697515032,1.0127370688969168,0.9926509187942132,0.9978737062517752,1.994863096075441
2017171N24271,CINDY,2017,0.4710559077615098,0.8277043696174107,0.6872071889500891,1.014396813856609,0.9968193280584989,0.9981410843130191,1.8211278237077266
2017212N28275,EMILY,2017,0.4710559077615098,0.8195723121007804,0.6894210237085495,1.0096483050110607,0.9890161696693756,0.99391087199875,1.8211278237077266
2017228N14314,HARVEY,2017,0.47794918419567967,0.8604606215476747,0.7229791674255724,1.004615981056736,0.9818240851512006,0.9931374978886557,1.8165362389675168
2017242N16333,IRMA,2017,0.5134231379829932,0.8228070016260224,0.6762214827987575,1.009992924623212,0.9881207580263304,0.9934302797236894,1.9334973869340908
2017277N11279,NATE,2017,0.45113176951051237,0.8229568718449731,0.6981868211198131,1.0095153825486844,0.9897462007689088,0.9934885974696877,1.6778455732305106
2018146N19273,ALBERTO,2018,0.4710559077615098,0.8234690400031831,0.6894863066186301,1.011328572876341,0.9902991841854748,0.9953645932523908,1.8211278237077266
2018246N22283,GORDON,2018,0.4710559077615098,0.821938941763002,0.690846470444297,1.0100281036279797,0.9871806773542096,0.9945268187880649,1.8211278237077266
2018280N18273,MICHAEL,2018,0.4710559077615098,0.8228070016260224,0.6879883906058867,1.0111224135188832,0.9897067863626517,0.9954786145562065,1.8211278237077266
2019192N29274,BARRY,2019,0.46976723608783505,0.8231640886055954,0.6913796272054531,1.016244841636972,0.9916792421245144,0.9998036732367738,1.8331917448729542
2019236N10314,DORIAN,2019,0.47625575132521675,0.8228070016260224,0.6862718039329877,1.0110257482747944,0.9904859340446113,0.9949528657182894,1.8493257289593874
2019246N24266,FERNAND,2019,0.4710559077615098,0.8227356761208895,0.6894231133110432,1.0108346214614576,0.9898809616977182,0.9949675137336448,1.8211278237077266
2019261N28264,IMELDA,2019,0.4710559077615098,0.8189847305908525,0.6905755498940512,1.0118403225917565,0.9898613780524185,0.9949325591136574,1.8211278237077266
2019291N22264,NESTOR,2019,0.4710559077615098,0.8212436750523022,0.6886921703174078,1.010820236852816,0.989935765562389,0.9955310096757758,1.8211278237077266
2019299N25265,OLGA,2019,0.4710559077615098,0.8220238926895864,0.6858265792071071,1.0092912426793113,0.991166828163937,0.9938017749391945,1.8211278237077266
2020138N28281,ARTHUR,2020,0.4710559077615098,0.8231420897797476,0.6882411478673124,1.0113551291300165,0.9902946433552834,0.9956121116215219,1.8211278237077266
2020148N32281,BERTHA,2020,0.4710559077615098,0.8220443962742155,0.6897073401170309,1.0112850915757174,0.9901510102573121,0.9955142234285894,1.8211278237077266
2020154N19269,CRISTOBAL,2020,0.4710559077615098,0.8298854726880766,0.6919785912379821,1.0094731260517613,0.9916259023545901,0.9939757637215546,1.8211278237077266
2020188N28271,FAY,2020,0.4710559077615098,0.815929646518593,0.6902046341723691,1.01056754833984,0.9917173675501444,0.9941304724619161,1.8211278237077266
2020205N26272,HANNA,2020,0.4665222816063416,0.8228070016260224,0.6908737231211938,1.0108584372699452,0.9905025940040003,0.9950559421137956,1.8513979699272385
2020211N13306,ISAIAS,2020,0.4710559077615098,0.8228070016260224,0.687817667257465,1.0111524936608436,0.9910680587627664,0.9937097826896895,1.8211278237077266
2020233N14313,LAURA,2020,0.48307540345335553,0.8228070016260224,0.6901709535039778,1.0126733863251562,0.989256051552102,0.9965461538449207,1.6775261080466333
2020234N14280,MARCO,2020,0.4710559077615098,0.8362560728734117,0.6909809122976426,1.0163007562978397,0.989568129867263,0.9999861340214555,1.8211278237077266
2020256N25281,SALLY,2020,0.4537137072260245,0.8217452993563057,0.69456713991909,1.0110776246824285,0.9896662446412194,0.9948510819361602,1.7763737106246726
2020261N21265,BETA,2020,0.4710559077615098,0.8276979888339407,0.6940951130543344,1.0081052249512326,0.9881993599176145,0.9932855086353061,1.8211278237077266
2020279N16284,DELTA,2020,0.44746619496503326,0.8228070016260224,0.68965494209712,1.0068321165851102,0.9891219770037352,0.9917135954065313,1.9051303386944325
2020299N18277,ZETA,2020,0.46067714515453634,0.8210983979324369,0.6940674301519667,1.0107814325403184,0.9913535710147908,0.9933224413785803,1.8836765977874483
2020306N15288,ETA,2020,0.4710559077615098,0.8220309409747081,0.6835058173109259,1.0127578279532305,0.9930356487558502,0.9968429830682152,1.8211278237077266
2021165N32282,BILL,2021,0.4710559077615098,0.8242158208973203,0.6879004007677337,1.0114439909495714,0.9901215531634412,0.9957153528173247,1.8211278237077266
2021169N23268,CLAUDETTE,2021,0.4710559077615098,0.8275490084257706,0.6846167085944692,1.0158431116693378,0.9924789942970573,1.0000282149114936,1.8211278237077266
2021179N30287,DANNY,2021,0.4710559077615098,0.8232608727303908,0.6903103534627569,1.0116403957542117,0.9900570454703508,0.9957746453431503,1.8211278237077266
2021182N09317,ELSA,2021,0.4710559077615098,0.8201119312230282,0.6857441450959803,1.0169051235596285,0.997783430424823,1.0011762094682815,1.8211278237077266
2021227N36297,HENRI,2021,0.4710559077615098,0.8159732227714914,0.6890241538416243,1.0079887879071194,0.9892431015103109,0.9920007991694402,1.8211278237077266
2021239N17281,IDA,2021,0.497626241214697,0.8187410084778584,0.7023086977136077,1.010481509073038,0.9772899214676655,0.9958430101259639,1.3909246895146479
2021256N21265,NICHOLAS,2021,0.4680538092488271,0.8090727298620659,0.6805141038577507,1.0081012921479229,0.9886223113002957,0.9916543312810547,1.823134587761773
2021299N33284,WANDA,2021,0.4710559077615098,0.8228070016260224,0.6880601257476571,1.0113875104516048,0.9909577868932201,0.9956791986541593,1.8211278237077266
2022154N21273,ALEX,2022,0.4710559077615098,0.8173791908002203,0.6899970489467014,1.0094971137522049,0.9886442615436938,0.9924837405632113,1.8211278237077266
2022183N32280,COLIN,2022,0.4710559077615098,0.8223909290870942,0.6909128645605327,1.0123241168121115,0.9917714576166768,0.9971480694064537,1.8211278237077266
2022266N12294,IAN,2022,0.46192978555245795,0.8228070016260224,0.6762156313501538,1.0111840371692111,0.9921926517559345,0.9956184618476682,2.0176529681002906
2022311N21293,NICOLE,2022,0.4728475951591215,0.8220300981651992,0.6853131300678293,1.0100949392564529,0.98885944128683,0.9944842338819622,1.8748034151087554
2023234N25271,HAROLD,2023,0.4710559077615098,0.8228070016260224,0.6891674745992592,1.010074083957223,0.9897584871089695,0.9947345544447557,1.8211278237077266
2023265N29284,OPHELIA,2023,0.4710559077615098,0.8249892491992329,0.6828353645241717,1.012053381947886,0.990817843214115,0.9960199508498517,1.8211278237077266
