env,window,zone,intensity,n,no response,coupled,relative (amplified),relative (damped),absolute,no data
co2,after,anchorage,all,344,137,10,3,0,0,194
co2,after,anchorage,Hurricane ≥64 kt,67,27,4,1,0,0,35
co2,after,anchorage,Strong TS 50–63 kt,54,28,2,0,0,0,24
co2,after,anchorage,Tropical storm <50 kt,223,82,4,2,0,0,135
co2,after,channel,all,344,177,15,6,2,0,144
co2,after,channel,Hurricane ≥64 kt,67,32,3,3,0,0,29
co2,after,channel,Strong TS 50–63 kt,54,35,1,0,0,0,18
co2,after,channel,Tropical storm <50 kt,223,110,11,3,2,0,97
co2,after,offshore,all,344,223,15,1,2,0,103
co2,after,offshore,Hurricane ≥64 kt,67,42,5,0,0,0,20
co2,after,offshore,Strong TS 50–63 kt,54,40,2,0,1,0,11
co2,after,offshore,Tropical storm <50 kt,223,141,8,1,1,0,72
co2,after,offshore_hold,all,344,52,11,3,0,0,278
co2,after,offshore_hold,Hurricane ≥64 kt,67,5,1,2,0,0,59
co2,after,offshore_hold,Strong TS 50–63 kt,54,7,1,1,0,0,45
co2,after,offshore_hold,Tropical storm <50 kt,223,40,9,0,0,0,174
co2,after,port,all,344,298,26,6,0,0,14
co2,after,port,Hurricane ≥64 kt,67,54,9,2,0,0,2
co2,after,port,Strong TS 50–63 kt,54,49,3,0,0,0,2
co2,after,port,Tropical storm <50 kt,223,195,14,4,0,0,10
co2,after,total,all,344,313,26,4,1,0,0
co2,after,total,Hurricane ≥64 kt,67,57,8,2,0,0,0
co2,after,total,Strong TS 50–63 kt,54,53,1,0,0,0,0
co2,after,total,Tropical storm <50 kt,223,203,17,2,1,0,0
co2,event30,anchorage,all,344,141,10,0,0,0,193
co2,event30,anchorage,Hurricane ≥64 kt,67,28,4,0,0,0,35
co2,event30,anchorage,Strong TS 50–63 kt,54,26,3,0,0,0,25
co2,event30,anchorage,Tropical storm <50 kt,223,87,3,0,0,0,133
co2,event30,channel,all,344,184,10,1,0,0,149
co2,event30,channel,Hurricane ≥64 kt,67,31,4,1,0,0,31
co2,event30,channel,Strong TS 50–63 kt,54,35,1,0,0,0,18
co2,event30,channel,Tropical storm <50 kt,223,118,5,0,0,0,100
co2,event30,offshore,all,344,228,6,2,4,0,104
co2,event30,offshore,Hurricane ≥64 kt,67,45,1,0,0,0,21
co2,event30,offshore,Strong TS 50–63 kt,54,41,1,0,1,0,11
co2,event30,offshore,Tropical storm <50 kt,223,142,4,2,3,0,72
co2,event30,offshore_hold,all,344,57,6,1,0,0,280
co2,event30,offshore_hold,Hurricane ≥64 kt,67,8,0,0,0,0,59
co2,event30,offshore_hold,Strong TS 50–63 kt,54,9,1,0,0,0,44
co2,event30,offshore_hold,Tropical storm <50 kt,223,40,5,1,0,0,177
co2,event30,port,all,344,283,32,12,2,0,15
co2,event30,port,Hurricane ≥64 kt,67,49,11,4,0,0,3
co2,event30,port,Strong TS 50–63 kt,54,48,2,0,1,0,3
co2,event30,port,Tropical storm <50 kt,223,186,19,8,1,0,9
co2,event30,total,all,344,318,21,3,2,0,0
co2,event30,total,Hurricane ≥64 kt,67,60,7,0,0,0,0
co2,event30,total,Strong TS 50–63 kt,54,51,2,0,1,0,0
co2,event30,total,Tropical storm <50 kt,223,207,12,3,1,0,0
co2,storm,anchorage,all,344,122,24,3,0,0,195
co2,storm,anchorage,Hurricane ≥64 kt,67,18,10,1,0,0,38
co2,storm,anchorage,Strong TS 50–63 kt,54,26,2,2,0,0,24
co2,storm,anchorage,Tropical storm <50 kt,223,78,12,0,0,0,133
co2,storm,channel,all,344,129,48,12,7,0,148
co2,storm,channel,Hurricane ≥64 kt,67,10,18,6,3,0,30
co2,storm,channel,Strong TS 50–63 kt,54,23,10,2,0,0,19
co2,storm,channel,Tropical storm <50 kt,223,96,20,4,4,0,99
co2,storm,offshore,all,344,152,58,10,19,0,105
co2,storm,offshore,Hurricane ≥64 kt,67,14,20,4,8,0,21
co2,storm,offshore,Strong TS 50–63 kt,54,25,11,2,5,0,11
co2,storm,offshore,Tropical storm <50 kt,223,113,27,4,6,0,73
co2,storm,offshore_hold,all,344,51,12,1,1,0,279
co2,storm,offshore_hold,Hurricane ≥64 kt,67,5,4,0,0,0,58
co2,storm,offshore_hold,Strong TS 50–63 kt,54,8,1,0,1,0,44
co2,storm,offshore_hold,Tropical storm <50 kt,223,38,7,1,0,0,177
co2,storm,port,all,344,236,53,36,4,0,15
co2,storm,port,Hurricane ≥64 kt,67,27,21,14,1,0,4
co2,storm,port,Strong TS 50–63 kt,54,38,6,6,2,0,2
co2,storm,port,Tropical storm <50 kt,223,171,26,16,1,0,9
co2,storm,total,all,344,236,61,42,4,0,1
co2,storm,total,Hurricane ≥64 kt,67,18,27,20,1,0,1
co2,storm,total,Strong TS 50–63 kt,54,36,12,5,1,0,0
co2,storm,total,Tropical storm <50 kt,223,182,22,17,2,0,0
nox,after,anchorage,all,344,140,8,1,1,0,194
nox,after,anchorage,Hurricane ≥64 kt,67,28,3,0,1,0,35
nox,after,anchorage,Strong TS 50–63 kt,54,29,1,0,0,0,24
nox,after,anchorage,Tropical storm <50 kt,223,83,4,1,0,0,135
nox,after,channel,all,344,175,19,4,2,0,144
nox,after,channel,Hurricane ≥64 kt,67,32,4,2,0,0,29
nox,after,channel,Strong TS 50–63 kt,54,36,0,0,0,0,18
nox,after,channel,Tropical storm <50 kt,223,107,15,2,2,0,97
nox,after,offshore,all,344,223,13,0,5,0,103
nox,after,offshore,Hurricane ≥64 kt,67,40,6,0,1,0,20
nox,after,offshore,Strong TS 50–63 kt,54,40,1,0,2,0,11
nox,after,offshore,Tropical storm <50 kt,223,143,6,0,2,0,72
nox,after,offshore_hold,all,344,53,11,2,0,0,278
nox,after,offshore_hold,Hurricane ≥64 kt,67,5,1,2,0,0,59
nox,after,offshore_hold,Strong TS 50–63 kt,54,8,1,0,0,0,45
nox,after,offshore_hold,Tropical storm <50 kt,223,40,9,0,0,0,174
nox,after,port,all,344,292,31,6,1,0,14
nox,after,port,Hurricane ≥64 kt,67,53,10,2,0,0,2
nox,after,port,Strong TS 50–63 kt,54,46,5,1,0,0,2
nox,after,port,Tropical storm <50 kt,223,193,16,3,1,0,10
nox,after,total,all,344,309,29,4,2,0,0
nox,after,total,Hurricane ≥64 kt,67,55,10,2,0,0,0
nox,after,total,Strong TS 50–63 kt,54,51,2,0,1,0,0
nox,after,total,Tropical storm <50 kt,223,203,17,2,1,0,0
nox,event30,anchorage,all,344,142,8,1,0,0,193
nox,event30,anchorage,Hurricane ≥64 kt,67,28,4,0,0,0,35
nox,event30,anchorage,Strong TS 50–63 kt,54,27,2,0,0,0,25
nox,event30,anchorage,Tropical storm <50 kt,223,87,2,1,0,0,133
nox,event30,channel,all,344,181,9,4,1,0,149
nox,event30,channel,Hurricane ≥64 kt,67,31,3,2,0,0,31
nox,event30,channel,Strong TS 50–63 kt,54,36,0,0,0,0,18
nox,event30,channel,Tropical storm <50 kt,223,114,6,2,1,0,100
nox,event30,offshore,all,344,228,8,0,4,0,104
nox,event30,offshore,Hurricane ≥64 kt,67,44,2,0,0,0,21
nox,event30,offshore,Strong TS 50–63 kt,54,41,1,0,1,0,11
nox,event30,offshore,Tropical storm <50 kt,223,143,5,0,3,0,72
nox,event30,offshore_hold,all,344,53,10,1,0,0,280
nox,event30,offshore_hold,Hurricane ≥64 kt,67,6,1,1,0,0,59
nox,event30,offshore_hold,Strong TS 50–63 kt,54,9,1,0,0,0,44
nox,event30,offshore_hold,Tropical storm <50 kt,223,38,8,0,0,0,177
nox,event30,port,all,344,278,41,10,0,0,15
nox,event30,port,Hurricane ≥64 kt,67,46,14,4,0,0,3
nox,event30,port,Strong TS 50–63 kt,54,47,3,1,0,0,3
nox,event30,port,Tropical storm <50 kt,223,185,24,5,0,0,9
nox,event30,total,all,344,315,18,7,4,0,0
nox,event30,total,Hurricane ≥64 kt,67,57,7,3,0,0,0
nox,event30,total,Strong TS 50–63 kt,54,51,2,0,1,0,0
nox,event30,total,Tropical storm <50 kt,223,207,9,4,3,0,0
nox,storm,anchorage,all,344,122,19,4,4,0,195
nox,storm,anchorage,Hurricane ≥64 kt,67,18,7,2,2,0,38
nox,storm,anchorage,Strong TS 50–63 kt,54,26,2,2,0,0,24
nox,storm,anchorage,Tropical storm <50 kt,223,78,10,0,2,0,133
nox,storm,channel,all,344,112,59,17,8,0,148
nox,storm,channel,Hurricane ≥64 kt,67,6,19,8,4,0,30
nox,storm,channel,Strong TS 50–63 kt,54,21,11,3,0,0,19
nox,storm,channel,Tropical storm <50 kt,223,85,29,6,4,0,99
nox,storm,offshore,all,344,145,62,11,21,0,105
nox,storm,offshore,Hurricane ≥64 kt,67,13,22,3,8,0,21
nox,storm,offshore,Strong TS 50–63 kt,54,23,13,2,5,0,11
nox,storm,offshore,Tropical storm <50 kt,223,109,27,6,8,0,73
nox,storm,offshore_hold,all,344,51,9,1,4,0,279
nox,storm,offshore_hold,Hurricane ≥64 kt,67,5,3,0,1,0,58
nox,storm,offshore_hold,Strong TS 50–63 kt,54,8,1,0,1,0,44
nox,storm,offshore_hold,Tropical storm <50 kt,223,38,5,1,2,0,177
nox,storm,port,all,344,244,55,26,4,0,15
nox,storm,port,Hurricane ≥64 kt,67,26,24,12,1,0,4
nox,storm,port,Strong TS 50–63 kt,54,39,6,4,3,0,2
nox,storm,port,Tropical storm <50 kt,223,179,25,10,0,0,9
nox,storm,total,all,344,218,59,59,5,2,1
nox,storm,total,Hurricane ≥64 kt,67,14,22,26,4,0,1
nox,storm,total,Strong TS 50–63 kt,54,36,12,5,0,1,0
nox,storm,total,Tropical storm <50 kt,223,168,25,28,1,1,0
