grouping,level,window,n_events,n_ports,hours,hours_lo,hours_hi,co2,co2_lo,co2_hi,nox,nox_lo,nox_hi
port_type,Cargo,storm,19,8,0.6769628190080083,0.40513163146783376,0.7893326033258395,0.5146133783023833,0.260064076889148,0.652581086888339,0.5034433578655592,0.2764452028720181,0.651914393139731
port_type,Energy,storm,52,16,0.8118887093474003,0.6363283862423599,0.9430060212310728,0.695284682990722,0.5258615283167655,0.8313448354036334,0.7236230236896408,0.5454165906441238,0.8415286733291744
port_type,Mixed,storm,37,10,0.7146577397940036,0.5921229836548867,0.8132524125385939,0.545319378481145,0.41223992105187185,0.6518181378545588,0.4957247469928284,0.37555620503255704,0.6027819556483046
port_type,Service,storm,13,3,0.8811150567422326,0.4106243243294157,1.1368953796570083,0.5842900860188911,0.3372846715404982,0.7253736117498324,0.536211828422372,0.32912377520253727,0.649912750190929
port_type,Cargo,after,19,8,1.0050140000646721,0.8841638782662785,1.1496370436006578,1.0399314137737177,0.9219103405303642,1.1528318601814747,1.0482890474821034,0.9375944504583924,1.1645210124819823
port_type,Energy,after,52,16,1.0941744077323787,1.0306618072894544,1.1551425933415673,1.097892173780343,1.0132286802964947,1.1758498099404182,1.0912027083827722,0.9956534191658157,1.1858298112069225
port_type,Mixed,after,37,10,1.0452533538247397,0.9916355052723825,1.1172037362644491,1.0463112097154046,0.9513853736746897,1.1604809248824994,1.0258331702306822,0.9161594070962611,1.1389092667896987
port_type,Service,after,13,3,0.913142720718458,0.7580312402451442,1.0097492933591437,0.9644755965318232,0.8645258894665229,1.1032092617988132,1.0024827369718623,0.8896524618571691,1.1637763734101882
port_type,Cargo,event30,19,8,0.9758215482606702,0.8887482370969322,1.0610168813269192,0.9822749091730176,0.9067725813433226,1.0364399014099275,0.9878009523754627,0.9100857817047819,1.0466808674397903
port_type,Energy,event30,52,16,1.0553022403495027,1.0188519658820314,1.0947374129972371,1.0347784026387823,0.9639505632977061,1.1114886683944727,1.0320327195562038,0.9559537191655554,1.117282598414743
port_type,Mixed,event30,37,10,0.9929767529025197,0.9439671753203155,1.0430768966487816,0.9798177931669749,0.9406957716161143,1.0175906018295415,0.9655902173111852,0.9177858973595243,1.009302892301327
port_type,Service,event30,13,3,0.9290833431524256,0.8382851177688047,0.9913168453142701,0.9272554594270489,0.847638561151085,1.020273369157216,0.9566121820955343,0.8577636442404417,1.0917484381363758
layout,"Coastal, anchorage",storm,19,5,0.6994471413604642,0.5941069411014643,0.8322647981144481,0.607988335221552,0.5038956808969719,0.7118641026463542,0.6001260676515434,0.4804416753693883,0.736107383376562
layout,Open coast,storm,72,22,0.7929114206894025,0.6193735175496016,0.9451145275819647,0.5615812533843163,0.4332606468795898,0.6647253626659718,0.5191005959078622,0.40305192239356596,0.628838800255348
layout,River / inland,storm,30,10,0.8576676008203896,0.6212849799996405,1.0109728559896995,0.7430904198949011,0.4609314664579481,0.9239334835846742,0.6930315830110545,0.4051306567839171,0.8817268318424895
layout,"Coastal, anchorage",after,19,5,1.0929352608488256,1.0200866489298086,1.171925369287277,1.0355637988263435,0.9660146904940988,1.1079407669699093,1.0023211326874055,0.8828042659828972,1.11243244489773
layout,Open coast,after,72,22,0.9825806407117947,0.9172652395150436,1.0373200482278462,1.0523649173882448,0.9741984555581955,1.1507760327020788,1.0511099368828418,0.961109820683931,1.157057228225887
layout,River / inland,after,30,10,1.0935266989155228,1.0015206016869334,1.1793456065351344,1.119638257429105,0.9307059313427805,1.2699381772971985,1.120527076850953,0.9750606898212619,1.2552861261621344
layout,"Coastal, anchorage",event30,19,5,1.02445562073384,0.959176189703046,1.085568251623994,1.0074496768037582,0.9512504127187131,1.063517016769912,0.9744642558259473,0.9117303853395269,1.0438282724176948
layout,Open coast,event30,72,22,0.9656609335796481,0.9242742975648371,1.0006283317141524,0.9802079850936346,0.943644387213537,1.0203223310213292,0.9821267211578452,0.9404266728069356,1.0299481656565999
layout,River / inland,event30,30,10,1.068763985490561,1.0307251667932937,1.1142201649014871,1.0086869381675165,0.940938759455618,1.0760571414980933,1.0277645967266953,0.9558674661186752,1.097341652349102
