grouping,level,window,n_events,n_ports,hours,hours_lo,hours_hi,co2,co2_lo,co2_hi,nox,nox_lo,nox_hi,share_responding,share_rel_decoupled
port_type,Cargo,storm,92,14,0.9224159223381784,0.8642881698543103,0.9640000359417322,0.8662712535419029,0.7800496899060008,0.9387649597540789,0.8580753885271767,0.7540561998127819,0.9351596174670015,0.10869565217391304,0.021739130434782608
port_type,Energy,storm,139,17,0.8766075574011354,0.7698257935889907,0.963958639420358,0.7575268399440969,0.6400673022874447,0.8622556986683714,0.7340231217550507,0.6262061721774627,0.8610944894435096,0.34532374100719426,0.1366906474820144
port_type,Mixed,storm,79,12,0.7978075380085433,0.7189204572739882,0.8678793002259346,0.6666618689282577,0.5656091562056959,0.7657747204441785,0.6256876630160845,0.5174561926638032,0.7395659423674398,0.379746835443038,0.16455696202531644
port_type,Service,storm,34,4,0.9693916468578723,0.7572081194547345,1.0965460684997814,0.6178704244291878,0.5044452132961159,0.7152306063009942,0.5635052065807236,0.46498002810259476,0.6563302630488724,0.5588235294117647,0.35294117647058826
port_type,Cargo,after,92,14,0.9979732546417683,0.9551759813595444,1.050312953003945,1.005595697446019,0.9618570806194837,1.0604002503348031,1.0080002922288667,0.9609743269973663,1.0593577283647428,0.0,0.0
port_type,Energy,after,139,17,1.0627818292342843,0.9710741082157347,1.14287460063867,1.060773040257971,0.9455875588649676,1.151618390924153,1.026324447301244,0.9081910799925681,1.111754721148383,0.1510791366906475,0.02877697841726619
port_type,Mixed,after,79,12,1.0520345304457928,1.0093178969689887,1.0987314373904975,1.0668448105533281,1.0039926655030398,1.1358578175843987,1.052154792025938,0.9845175617806106,1.130946135133206,0.06329113924050633,0.012658227848101266
port_type,Service,after,34,4,0.9607496121568078,0.8928453246885288,1.0147411988608739,0.993407153784808,0.9150153164991313,1.0756197166644383,1.0012772819209155,0.9234812300183388,1.0857843321979823,0.14705882352941177,0.0
port_type,Cargo,event30,92,14,0.9943147260118989,0.960075509231931,1.0371652188650904,0.989217542992631,0.9547728063553083,1.0301373092219661,0.9830971503325783,0.949229359193378,1.0180527876821766,0.0,0.0
port_type,Energy,event30,139,17,1.0465469573798971,1.0038058515776602,1.0822143596854485,1.0398334415004502,0.9922093807965879,1.0870978578322812,1.0215758342118668,0.9731449023171131,1.0714821529015712,0.11510791366906475,0.02158273381294964
port_type,Mixed,event30,79,12,1.0088917124851697,0.9705587180945437,1.0487917790871308,1.0053808671931355,0.9674572909167312,1.0409451561081877,0.9904730033563384,0.9516338798006907,1.0261030736190662,0.0759493670886076,0.02531645569620253
port_type,Service,event30,34,4,0.9797269274854387,0.9262781673060145,1.0236875055049086,0.9785806862597061,0.9157159259296882,1.0409646707613296,0.9871264447135603,0.9187081849375772,1.0513947944628046,0.11764705882352941,0.0
layout,"Coastal, anchorage",storm,39,5,0.7855474965475694,0.7102999252102025,0.8718648683424034,0.6992357968114953,0.6055069344844464,0.7968993413836369,0.6729660211656137,0.5869726920776637,0.7767190236215057,0.46153846153846156,0.15384615384615385
layout,Open coast,storm,212,31,0.9058644125429516,0.8326311442676938,0.9690025024704254,0.744610805980777,0.6680201913020226,0.8179128975227602,0.7185622614163634,0.6310131442503187,0.791415139669788,0.3113207547169811,0.13679245283018868
layout,River / inland,storm,93,11,0.8968036194305937,0.7716283058500409,1.0067371510394316,0.788790830485262,0.6355402040461301,0.9041961215123828,0.7584904154043067,0.6050965621363309,0.9039563794886375,0.24731182795698925,0.11827956989247312
layout,"Coastal, anchorage",after,39,5,1.0732995641924803,1.0041548048136184,1.1509100744088636,1.053765662543605,0.982383369407985,1.1217986921903988,1.0176049152498177,0.9495093917944372,1.0870912364220389,0.07692307692307693,0.02564102564102564
layout,Open coast,after,212,31,1.0059299965080193,0.9795346693216443,1.034604612714604,1.038311057858818,0.996189071056347,1.0841215324783338,1.0303711601353014,0.9820477309978568,1.0837019606187934,0.07075471698113207,0.0047169811320754715
layout,River / inland,after,93,11,1.0504184294850634,0.9668966516590107,1.1107989338775732,1.0466041148985241,0.9344499221976225,1.1386233520367077,1.0412971944472116,0.9506457629584179,1.1271434280601287,0.13978494623655913,0.03225806451612903
layout,"Coastal, anchorage",event30,39,5,1.0208310203545023,0.978023974944033,1.065393690870902,1.0212567835796238,0.9704477211942956,1.0645063539460156,0.989363018553499,0.9477836830590465,1.0314612254940263,0.10256410256410256,0.02564102564102564
layout,Open coast,event30,212,31,0.9993018839585326,0.9809984821518963,1.021208461738192,1.0029750084759146,0.9752911224778715,1.0302624791310746,0.9938553666564391,0.967248896613619,1.0211153631580168,0.05660377358490566,0.0047169811320754715
layout,River / inland,event30,93,11,1.0499995971264768,1.0110692155966274,1.0908488445995854,1.0285928782608067,0.9887468976601723,1.0729619269924209,1.03000928645436,0.9920059296646047,1.0709144461207867,0.10752688172043011,0.03225806451612903
region,Atlantic,storm,147,23,0.8950454849943306,0.8217621525662132,0.9598168035280638,0.7878374559314113,0.6717296893315012,0.8926987270186337,0.7649147037065805,0.6467226831440842,0.8751635534785077,0.16326530612244897,0.08163265306122448
region,Gulf,storm,197,24,0.8653800337342835,0.7529080714297693,0.9480071927998863,0.7084269227266619,0.6151553954795396,0.7940578815107543,0.6599777812254931,0.570097819183429,0.7465809219782371,0.4213197969543147,0.17258883248730963
region,Atlantic,after,147,23,1.0204201001477156,0.9808927986458296,1.0625486402127764,1.0409923574088842,0.9858365115663696,1.0953621858434786,1.0367840859807536,0.9818554862901911,1.0970607752025507,0.02040816326530612,0.006802721088435374
region,Gulf,after,197,24,1.0334997742040837,0.974776803186218,1.0831737675147406,1.0454224877413116,0.9602323439743424,1.1146086918906957,1.0180522870161668,0.9436812072251355,1.0835328775777655,0.14213197969543148,0.02030456852791878
region,Atlantic,event30,147,23,1.0027872857806874,0.9675491338730615,1.0453487652689522,1.0022945322080108,0.968677710806842,1.041577687826828,0.993399769592393,0.9610866732114234,1.025952126419765,0.027210884353741496,0.006802721088435374
region,Gulf,event30,197,24,1.0184470077326762,0.9878329483951933,1.052711183357998,1.0183972032491897,0.9696268660732141,1.0642213512924605,0.9976884545206426,0.9563569984671233,1.0442447324058846,0.1116751269035533,0.02030456852791878
dist_class,<50 km,storm,78,36,0.8625562171746736,0.7223552809184882,0.9634744580411819,0.7815098556463499,0.6767012206705014,0.8552569998720418,0.7523253901291835,0.6432848823895586,0.8328039119768438,0.34615384615384615,0.14102564102564102
dist_class,50–100 km,storm,99,42,0.8862068251930055,0.8118107976811716,0.9708352341154112,0.7269406789378587,0.6359878575067449,0.8174124313270072,0.7024088831081896,0.6190013823463182,0.8002370250912546,0.30303030303030304,0.12121212121212122
dist_class,100–200 km,storm,167,46,0.8763238357453609,0.7852933512626505,0.9536838802729931,0.7240015388975102,0.6304457296701392,0.8111847108815664,0.6962158505590597,0.6024059605331453,0.7918269443110744,0.2994011976047904,0.1377245508982036
dist_class,<50 km,after,78,36,0.9949574465402334,0.9051055001985712,1.0748064234372545,1.0467096342075306,0.9723952517601118,1.110979202967267,1.0198878549084174,0.9550437760026665,1.081044940679918,0.15384615384615385,0.02564102564102564
dist_class,50–100 km,after,99,42,1.0524304574743033,1.010308094680724,1.0888948682075041,1.0392206510590194,0.9947955163546575,1.0927644305566646,1.0331471721057568,0.9839499706343636,1.0843318395466763,0.04040404040404041,0.0
dist_class,100–200 km,after,167,46,1.0298748200710512,0.9825662725818436,1.0779608364053392,1.0442400499694664,0.9806898549554035,1.1116061560036437,1.0296339100636378,0.9723289517492003,1.0927062737086748,0.08982035928143713,0.017964071856287425
dist_class,<50 km,event30,78,36,0.998322081922508,0.9467953124422591,1.043375881628521,1.0299627315690254,0.9889546152804739,1.0628523118905515,1.004651859696644,0.9674657040910577,1.0389824541745605,0.0641025641025641,0.01282051282051282
dist_class,50–100 km,event30,99,42,1.0223468855729914,0.9804670311235971,1.0640177542113995,1.0039427408040575,0.956503512347468,1.0502946416081702,0.993493785079942,0.9525511158935631,1.0413547239149712,0.050505050505050504,0.010101010101010102
dist_class,100–200 km,event30,167,46,1.0128301731161546,0.9891501889717225,1.0391131148726,1.0064004890625164,0.9777989651384894,1.0386174043213687,0.9921045072468218,0.9666113603472849,1.0215773116658933,0.09580838323353294,0.017964071856287425
dur_class,1–2 days,storm,152,46,0.9170269034553684,0.8556015801696056,0.9659542531384973,0.7907917144740321,0.7123703324548876,0.8616013610121028,0.7756738637961588,0.6945357387546786,0.8494731372580769,0.24342105263157895,0.10526315789473684
dur_class,3–4 days,storm,129,46,0.8519944379631279,0.717359144894699,0.9572945365426299,0.707173697780073,0.5933382045865234,0.8086723395636113,0.6614739061473466,0.5412507894373216,0.7894267971299821,0.3333333333333333,0.15503875968992248
dur_class,≥5 days,storm,63,32,0.8717932202090453,0.7404172416448791,0.9624659021312965,0.7383054990196588,0.6225029675201157,0.8728783697995278,0.7199962077695948,0.6028792872039582,0.8577205671071154,0.42857142857142855,0.15873015873015872
dur_class,1–2 days,after,152,46,1.035143831766539,0.9932904139347792,1.0733554431050234,1.0476086062065673,0.9885633781467966,1.102219449881003,1.0366681476915514,0.9746007902126078,1.1030491903247606,0.05921052631578947,0.006578947368421052
dur_class,3–4 days,after,129,46,0.9916616437685994,0.9308324214029378,1.0532943910008188,1.001946148965048,0.9155581468416479,1.09458545186842,1.0051448567784977,0.9190225479695603,1.0913312958610661,0.13178294573643412,0.015503875968992248
dur_class,≥5 days,after,63,32,1.0967802824287822,1.0244205058555464,1.1941396440091998,1.1158199246204767,1.0303996823817188,1.187266573322662,1.0563195452341005,1.0051167444859606,1.1045622813303357,0.07936507936507936,0.031746031746031744
dur_class,1–2 days,event30,152,46,1.0149102053712609,0.9829089745757832,1.0469323608276133,1.0128459456167447,0.9706129496916367,1.0612112782266194,0.9974809895930388,0.9543851491687894,1.0393979641819973,0.06578947368421052,0.013157894736842105
dur_class,3–4 days,event30,129,46,1.0023821366871355,0.9730078580793156,1.0364623228461878,0.9988166433892537,0.9614014077728232,1.0363570475170705,0.992805125098919,0.9532150327060972,1.0346751800791962,0.06976744186046512,0.015503875968992248
dur_class,≥5 days,event30,63,32,1.027394392907078,0.9643050987127584,1.0849800991135536,1.030091272495212,0.9420835110194867,1.0999197519948487,0.9953711793257791,0.9307323864168934,1.048654886946724,0.1111111111111111,0.015873015873015872
intensity,Hurricane ≥64 kt,storm,67,26,0.65470564637257,0.4889563383963869,0.8036111976578367,0.47105590776150985,0.3529417398089561,0.5913889650525216,0.44595558078176234,0.32462229406173837,0.5731537396902818,0.7164179104477612,0.31343283582089554
intensity,Strong TS 50–63 kt,storm,54,33,0.9159384618899531,0.8159045904081262,0.9704701312047052,0.7336611502530068,0.662743056964575,0.7709894920352551,0.6778962890367829,0.620759739804804,0.7385582022966318,0.3333333333333333,0.1111111111111111
intensity,Tropical storm <50 kt,storm,223,47,0.9400086268282895,0.8875169747158357,0.9920491395497326,0.8228070016260223,0.7435024911114394,0.9055784862946595,0.8122421706106429,0.7275631182000726,0.8988389125915002,0.18385650224215247,0.08520179372197309
intensity,Hurricane ≥64 kt,after,67,26,1.0401689466503674,0.9671098464972745,1.10977319261306,1.0772905977390008,0.9629153401925493,1.1962479789292142,1.055888931105635,0.9323245270911656,1.200426042464989,0.14925373134328357,0.029850746268656716
intensity,Strong TS 50–63 kt,after,54,33,1.0070325733735181,0.9574732884323296,1.0490335634109356,1.022302680913829,0.9700906092835488,1.0719709007747302,1.0207697092968913,0.956637767657757,1.0820188004576579,0.018518518518518517,0.0
intensity,Tropical storm <50 kt,after,223,47,1.029441151878264,0.9757908085667715,1.0859481388648533,1.037738130251944,0.9694006307629276,1.1002610630271072,1.020873488545596,0.960067870066096,1.0694501780429382,0.08968609865470852,0.013452914798206279
intensity,Hurricane ≥64 kt,event30,67,26,1.0120346688948147,0.9796676948592558,1.0469619002244628,1.0168718683389626,0.9648710708598175,1.0703249921513633,1.001490537759425,0.9407394064998892,1.0648172397650595,0.1044776119402985,0.0
intensity,Strong TS 50–63 kt,event30,54,33,0.9686407104482255,0.9330259950852814,1.003374597756654,0.9604769862666452,0.9177486362649308,1.0206485005558046,0.9569128720568176,0.9143574334747565,1.0151547746247547,0.05555555555555555,0.018518518518518517
intensity,Tropical storm <50 kt,event30,223,47,1.0240352806673432,0.9904345504413731,1.0594009553588721,1.022731194611465,0.9823288098775209,1.0612391041101987,1.0033636876713936,0.9689143730712585,1.0385023440165748,0.07174887892376682,0.017937219730941704
