grouping,level,n_events,net_excess_wait_h,fuel_saving_index_t,share_of_national
intensity,Hurricane ≥64 kt,67,33405.72298299834,68638.7947624618,0.49210078865762297
intensity,Strong TS 50–63 kt,54,1650.5897356355233,3038.002830076617,0.021780737756228838
intensity,Tropical storm <50 kt,223,34895.03852264957,67804.37444479587,0.4861184735861481
port_type,Cargo,92,1896.6402282914357,3286.9610603092706,0.023565625469719055
port_type,Energy,139,50003.79170304112,98385.35765855404,0.7053665826110185
port_type,Mixed,79,17331.80454327863,37151.58201430748,0.26635553366559955
port_type,Service,34,719.114766672227,657.2713041634788,0.004712258253662723
layout,"Coastal, anchorage",39,43565.63656175451,85333.91879129785,0.611795251967462
layout,Open coast,212,8445.99896687258,17896.62937107579,0.1283085674551507
layout,River / inland,93,17939.715712656325,36250.62387496065,0.2598961805773872
region,Atlantic,147,4910.748450015099,11215.039330016712,0.08040539928224029
region,Gulf,197,65040.602791268335,128266.13270731758,0.9195946007177597
