intensity,phase,pollutant,ratio,lo,hi,share_outside,anch_ratio
Hurricane ≥64 kt,after,co2,1.095718920197352,0.9914828012655742,1.2079269516312607,0.9049990913750066,1.359492125194717
Hurricane ≥64 kt,after,nox,1.0696822060413584,0.9401924548171467,1.2090393359285607,0.9117751748194652,1.3619252419794634
Hurricane ≥64 kt,after,pm25,1.0872814153334807,0.9729033384008103,1.2155215603046112,0.8983376478985166,1.375284034880932
Hurricane ≥64 kt,after,so2,1.093758171706025,0.9841231449464505,1.2099163515047315,0.9166242508766025,1.3486484450405123
Hurricane ≥64 kt,prep,co2,1.004841567554272,0.894592371906868,1.0871534264257199,-0.3174860810806942,1.0689311603201264
Hurricane ≥64 kt,prep,nox,1.018564157466148,0.921349653287969,1.1145513784986747,0.1210832681480716,1.0616099257757612
Hurricane ≥64 kt,prep,pm25,1.022522087756581,0.9286064745873497,1.1305876358884825,0.3287494786407657,1.069322818468542
Hurricane ≥64 kt,prep,so2,0.9990298681411258,0.9006739494536967,1.0900746202703608,6.73287062802253,1.0685951933203381
Hurricane ≥64 kt,storm,co2,0.48487048512691655,0.36005807533174633,0.6060534866303153,0.6701503401238135,0.6695383595940594
Hurricane ≥64 kt,storm,nox,0.4570600410745701,0.3371208379224212,0.5919770478378402,0.7546346539672545,0.643689724191959
Hurricane ≥64 kt,storm,pm25,0.4715344459258647,0.34105812343261094,0.5976432260816739,0.7148549538001193,0.6676746416929874
Hurricane ≥64 kt,storm,so2,0.4836803860728846,0.35072752695718934,0.6057632223013402,0.6694666620526728,0.6623025660152668
Strong TS 50–63 kt,after,co2,1.049766366534274,0.9952848628690473,1.1022810546991235,0.4270791876764503,1.0009295466268562
Strong TS 50–63 kt,after,nox,1.0471936808344608,0.9816250951622907,1.1065155863909935,0.6325812110616482,1.0265813449523666
Strong TS 50–63 kt,after,pm25,1.0562917932710034,0.9976644185935755,1.1161993355508812,0.5747403905199852,1.017805067577995
Strong TS 50–63 kt,after,so2,1.049152832511258,0.9869405111298034,1.1091087699333315,0.4185345493310822,1.0044029214178996
Strong TS 50–63 kt,prep,co2,0.9380762116323766,0.8894479913015306,0.971199341048473,0.9722395926093331,0.9177122184854741
Strong TS 50–63 kt,prep,nox,0.9312779135187539,0.8627426493984539,0.9758081792106507,1.0732774329917254,0.9012134987857693
Strong TS 50–63 kt,prep,pm25,0.9436276902990021,0.8855800927722469,0.984391390410952,1.0842528037226082,0.9121498515041618
Strong TS 50–63 kt,prep,so2,0.9326768243454875,0.8892734012644544,0.9651187666351074,0.9627407105551756,0.9235966042024264
Strong TS 50–63 kt,storm,co2,0.750993354094471,0.6885994566010272,0.7899235868588471,0.7479920580912109,0.7709969942948022
Strong TS 50–63 kt,storm,nox,0.6946119991732974,0.6380065156154505,0.7533092181283402,0.7860482006856516,0.7661593971024069
Strong TS 50–63 kt,storm,pm25,0.7206272603462762,0.6623816966620465,0.7709761845383626,0.7660340768713355,0.7726505594923077
Strong TS 50–63 kt,storm,so2,0.7524928903435741,0.6919864110023749,0.7879525714949585,0.7508705927813598,0.7754224372321536
Tropical storm <50 kt,after,co2,1.0546961506089227,0.9856037828839354,1.1165205677108698,0.8504136411930975,1.1430689651172985
Tropical storm <50 kt,after,nox,1.0350206802731576,0.9802657920079806,1.0858603477380087,0.872952479390077,1.1978996947110971
Tropical storm <50 kt,after,pm25,1.0479605053491727,0.9896327615047311,1.106361940265629,0.8560650499595988,1.1755489856919623
Tropical storm <50 kt,after,so2,1.0558269237977733,0.989725357585855,1.1159847169790136,0.8474288585710068,1.1468695362260952
Tropical storm <50 kt,prep,co2,0.9968581440832558,0.9598808811017259,1.0408006410699997,4.607091238130299,0.9991452348244526
Tropical storm <50 kt,prep,nox,0.9922192972358116,0.9524741752676402,1.0442581817303171,2.2605110770515227,1.0463329031275617
Tropical storm <50 kt,prep,pm25,0.9995702914409174,0.9610081221687025,1.0478587241952313,28.28893018374942,1.0208872592049054
Tropical storm <50 kt,prep,so2,0.9977574202310673,0.9590229858981831,1.0428676879509926,6.3201950538766924,1.0013619003196974
Tropical storm <50 kt,storm,co2,0.833961859502868,0.7515935124193864,0.9182770466593114,0.6844889325871495,0.7999223115635908
Tropical storm <50 kt,storm,nox,0.8232492771523916,0.7343152284430658,0.9073352184284668,0.74688791726689,0.8412931259986633
Tropical storm <50 kt,storm,pm25,0.8304778296745746,0.7461863902857997,0.9160552547907382,0.7166442349169743,0.823053367967246
Tropical storm <50 kt,storm,so2,0.8337197470830433,0.7544193471361869,0.9150572588306473,0.6820780324093032,0.7987010305774462
