group,level,measure,tier,phase,n,ratio,lo,hi,delta,share_outside
intensity,Hurricane ≥64 kt,hours,total,prep,67,0.9772308967850412,0.9055029735784621,1.0253373841799867,-2655.9964698131134,0.6268656716417911
intensity,Hurricane ≥64 kt,hours,total,storm,67,0.65470564637257,0.49754908637496853,0.8099985953813705,-57551.143940368536,0.7910447761194029
intensity,Hurricane ≥64 kt,hours,total,after,67,1.0401689466503674,0.9661238329110153,1.1067251369782676,23346.40212337074,0.4925373134328358
intensity,Hurricane ≥64 kt,hours,anchorage,prep,57,1.01611212018737,0.8587350760161673,1.1024051146489164,262.90442007189114,0.40350877192982454
intensity,Hurricane ≥64 kt,hours,anchorage,storm,56,0.7992603306505206,0.5833422539632497,0.9980141283084534,-4493.672184116025,0.625
intensity,Hurricane ≥64 kt,hours,anchorage,after,57,1.3802253739615633,1.2665065525251198,1.5286511996734693,30087.158959747252,0.5087719298245614
intensity,Hurricane ≥64 kt,hours,channel,prep,67,1.0445313423274931,0.8701572407497383,1.2195753440788537,421.3836597070125,0.5373134328358209
intensity,Hurricane ≥64 kt,hours,channel,storm,67,0.41809864726536433,0.28023170358096194,0.6138428062938758,-8030.99157444712,0.7313432835820896
intensity,Hurricane ≥64 kt,hours,channel,after,67,1.1172141784054055,0.997495963599043,1.2562818904782727,5413.925298556292,0.5373134328358209
intensity,Hurricane ≥64 kt,hours,offshore,prep,52,0.8732989828892654,0.7749383490190173,0.9618486063451238,-3330.573399975408,0.4423076923076923
intensity,Hurricane ≥64 kt,hours,offshore,storm,52,0.502562462079139,0.34834406429568426,0.6712402215015609,-19190.220222611195,0.8076923076923077
intensity,Hurricane ≥64 kt,hours,offshore,after,52,1.0620523567067535,0.9379111927277533,1.1952098744461372,8166.329803918966,0.40384615384615385
intensity,Hurricane ≥64 kt,hours,port,prep,67,1.0215432179365964,0.9492449787780309,1.0703466776813366,1336.1208846693526,0.5671641791044776
intensity,Hurricane ≥64 kt,hours,port,storm,67,0.7394927132505351,0.5372199264104363,0.9265893421757663,-23100.934698603276,0.8507462686567164
intensity,Hurricane ≥64 kt,hours,port,after,67,0.9299974874904705,0.8156631247680411,1.0162979715185334,-22161.274711674014,0.417910447761194
intensity,Hurricane ≥64 kt,hours,offshore_hold,prep,33,0.8699936819420585,0.7281098210226233,1.1909925811129567,-181.70340182316286,0.5757575757575758
intensity,Hurricane ≥64 kt,hours,offshore_hold,storm,33,0.3044300747189524,0.1500604618801106,0.5210682114424634,-1132.2847418588121,0.7272727272727273
intensity,Hurricane ≥64 kt,hours,offshore_hold,after,33,1.5255424986167476,1.0471708679533367,2.1529435550353098,3288.1829730866248,0.5757575757575758
intensity,Strong TS 50–63 kt,hours,total,prep,54,0.941665232736382,0.8718969207847447,0.9815394082810431,-4876.746795868765,0.3148148148148148
intensity,Strong TS 50–63 kt,hours,total,storm,54,0.9159384618899531,0.8100988207419517,0.9708551744090557,-11644.181698601888,0.6111111111111112
intensity,Strong TS 50–63 kt,hours,total,after,54,1.0070325733735181,0.9610108636724959,1.0475197255601412,2957.752609309897,0.37037037037037035
intensity,Strong TS 50–63 kt,hours,anchorage,prep,42,0.8817466244774513,0.7891658579113445,0.9548152464021595,-1232.1846159909956,0.2857142857142857
intensity,Strong TS 50–63 kt,hours,anchorage,storm,42,0.8664667954927152,0.7105958623116284,0.9417077920907487,-2401.1993835959993,0.42857142857142855
intensity,Strong TS 50–63 kt,hours,anchorage,after,43,1.0222965928180656,0.919596156068628,1.1137020476269572,1146.3720641671614,0.32558139534883723
intensity,Strong TS 50–63 kt,hours,channel,prep,54,1.0773073520731078,0.9940230832935852,1.1814107369298288,563.785715075451,0.35185185185185186
intensity,Strong TS 50–63 kt,hours,channel,storm,54,0.6837978372876636,0.6108193217615979,0.8497426518780884,-3982.4692599082045,0.5740740740740741
intensity,Strong TS 50–63 kt,hours,channel,after,54,1.0865608050102775,1.0207888497515456,1.1920008035914778,3192.539759138632,0.2777777777777778
intensity,Strong TS 50–63 kt,hours,offshore,prep,46,0.8911901980155883,0.7879131747945821,0.9670737174830997,-2208.153232855438,0.391304347826087
intensity,Strong TS 50–63 kt,hours,offshore,storm,46,0.6476224516184811,0.5689909963758419,0.7946196561880381,-12063.552222861994,0.6304347826086957
intensity,Strong TS 50–63 kt,hours,offshore,after,46,1.0073442994792396,0.9044489257953501,1.1494896087838027,742.8572573428687,0.2608695652173913
intensity,Strong TS 50–63 kt,hours,offshore_hold,prep,29,0.9451600185277101,0.7902155020391268,1.1832519700278359,-91.68499495504639,0.2413793103448276
intensity,Strong TS 50–63 kt,hours,offshore_hold,storm,29,0.9089126772052887,0.8347040674988432,1.2461514316709228,-235.06017451800773,0.41379310344827586
intensity,Strong TS 50–63 kt,hours,offshore_hold,after,29,1.1379360431757213,1.0208613336948258,1.3899942155618559,1214.2027077987666,0.3448275862068966
intensity,Strong TS 50–63 kt,hours,port,prep,54,0.9744441865596991,0.8910018356269205,1.0182881908287362,-1100.4650454273456,0.37037037037037035
intensity,Strong TS 50–63 kt,hours,port,storm,54,1.1186127538907147,0.8822279405716398,1.29732068300398,8283.26147862482,0.5555555555555556
intensity,Strong TS 50–63 kt,hours,port,after,54,1.017792485754432,0.9337404896217181,1.0826206640493747,3824.7182313100375,0.4074074074074074
intensity,Tropical storm <50 kt,hours,total,prep,223,0.9810456707302947,0.9435489261148836,1.02286840372197,-5960.878376330316,0.38565022421524664
intensity,Tropical storm <50 kt,hours,total,storm,223,0.9400086268282893,0.8821203930121185,0.9960717809573302,-29039.35426980807,0.4798206278026906
intensity,Tropical storm <50 kt,hours,total,after,223,1.029441151878264,0.9796445771019602,1.0860150569720726,45816.45283721178,0.43946188340807174
intensity,Tropical storm <50 kt,hours,anchorage,prep,177,1.0095009072620131,0.9461037914026492,1.0875003661791562,359.43697766678196,0.3728813559322034
intensity,Tropical storm <50 kt,hours,anchorage,storm,177,0.9143366753672851,0.8014783422378555,1.0231964916558112,-5580.105886732914,0.4519774011299435
intensity,Tropical storm <50 kt,hours,anchorage,after,180,1.1494171462563392,0.9922152462239194,1.3697272534860512,27803.86249403662,0.37222222222222223
intensity,Tropical storm <50 kt,hours,channel,prep,223,1.0195459144787997,0.9739254385798716,1.0730620468432848,454.24257040572866,0.34977578475336324
intensity,Tropical storm <50 kt,hours,channel,storm,223,0.7578080973640648,0.611018311985643,0.9135671455811043,-8709.34482016104,0.4977578475336323
intensity,Tropical storm <50 kt,hours,channel,after,223,1.0197973099202653,0.9531991468953319,1.0915175347496717,2261.009379417798,0.5067264573991032
intensity,Tropical storm <50 kt,hours,offshore,prep,173,0.9248633275421376,0.8495204922563593,1.0087229190290485,-5239.582760243658,0.34104046242774566
intensity,Tropical storm <50 kt,hours,offshore,storm,173,0.8283551342057427,0.7123461437569206,0.9355184214477513,-17784.758138969733,0.48554913294797686
intensity,Tropical storm <50 kt,hours,offshore,after,173,1.0419184364502514,0.9829802040749062,1.1022852819375153,14561.276664581153,0.35260115606936415
intensity,Tropical storm <50 kt,hours,port,prep,223,1.0165509091967406,0.9795890937038543,1.0572878164263027,2858.6484937313007,0.3721973094170404
intensity,Tropical storm <50 kt,hours,port,storm,223,1.0401750611703264,0.9656273533267206,1.1022720626122091,10558.587880790425,0.48878923766816146
intensity,Tropical storm <50 kt,hours,port,after,223,1.0109967948180703,0.9683711886880798,1.0554595196655172,9443.777104094906,0.4349775784753363
intensity,Tropical storm <50 kt,hours,offshore_hold,prep,115,0.9030758187584687,0.7791608767340377,1.0637308027666819,-689.9129685942355,0.4260869565217391
intensity,Tropical storm <50 kt,hours,offshore_hold,storm,114,0.74705384301007,0.6725944391951306,0.8610203571292497,-3011.359895689977,0.47368421052631576
intensity,Tropical storm <50 kt,hours,offshore_hold,after,114,1.1907309311764307,0.982400740800708,1.4319455688736629,6563.544142436061,0.45614035087719296
dist,≤50 km,hours,total,prep,78,0.9818733369001071,0.9348241004977564,1.0156567066857136,-2192.2038256059654,0.3974358974358974
dist,≤50 km,hours,total,storm,78,0.8625562171746737,0.7217546129195804,0.970996446526219,-27162.36774564572,0.5384615384615384
dist,≤50 km,hours,total,after,78,0.9949574465402334,0.9103003134580547,1.0795219683849326,-3008.38856004823,0.4358974358974359
dist,≤50 km,hours,anchorage,prep,63,0.9823262540573128,0.8719578251164118,1.097043082295548,-238.15387870995767,0.3333333333333333
dist,≤50 km,hours,anchorage,storm,63,0.8585300068109462,0.7930131644081492,0.971335377850148,-3060.601001753688,0.49206349206349204
dist,≤50 km,hours,anchorage,after,63,1.1885407310540683,1.0116258643430005,1.4006626378788003,12445.98664993305,0.3492063492063492
dist,≤50 km,hours,channel,prep,78,1.0721590299841306,0.9465156922544479,1.220162122936141,691.3969705841165,0.3717948717948718
dist,≤50 km,hours,channel,storm,78,0.6193000036531133,0.46419212594577963,0.7799814489529391,-6059.048710367402,0.6410256410256411
dist,≤50 km,hours,channel,after,78,1.0056614281145602,0.8702124516526939,1.1137149699143167,270.39506990873895,0.46153846153846156
dist,≤50 km,hours,offshore,prep,53,0.9057821045390647,0.8365063864627669,0.9728292887343143,-2521.241697630469,0.3584905660377358
dist,≤50 km,hours,offshore,storm,53,0.7753635314597793,0.5790120435901036,0.9466551575601729,-9532.978633049544,0.6226415094339622
dist,≤50 km,hours,offshore,after,53,1.0461689231394806,0.9665401892466354,1.1170944155999543,6097.133575144659,0.2830188679245283
dist,≤50 km,hours,offshore_hold,prep,41,0.8016302624969368,0.6525268396673395,0.9609653604006541,-695.8037615395101,0.4146341463414634
dist,≤50 km,hours,offshore_hold,storm,41,0.5936285125565264,0.4483030221413723,0.6991630825717633,-2236.084961308397,0.4878048780487805
dist,≤50 km,hours,offshore_hold,after,41,0.9989848388908573,0.8079965660144465,1.270649638774396,-17.341820534975113,0.36585365853658536
dist,≤50 km,hours,port,prep,78,1.0271930468399175,0.9773656064634764,1.0596320249225641,1802.99944331728,0.4358974358974359
dist,≤50 km,hours,port,storm,78,0.9618882591681891,0.7613108961928848,1.1292115216775123,-4192.297899441178,0.5384615384615384
dist,≤50 km,hours,port,after,78,0.9464350071850386,0.8450445859767195,1.036176643573506,-17626.022827287637,0.5256410256410257
dist,50–100 km,hours,total,prep,99,0.9850339726883288,0.9388140020601833,1.031334789969264,-2213.362978909654,0.41414141414141414
dist,50–100 km,hours,total,storm,99,0.8862068251930055,0.8076301836370254,0.9648432804169456,-24153.237615883387,0.5757575757575758
dist,50–100 km,hours,total,after,99,1.0524304574743033,1.0095802785902235,1.090266806071615,38430.56236121643,0.45454545454545453
dist,50–100 km,hours,channel,prep,99,1.0704523231871277,1.0078880066790403,1.1258425659030462,818.8758077764379,0.3939393939393939
dist,50–100 km,hours,channel,storm,99,0.6679918005579919,0.5369874663551754,0.8260050087363723,-5518.410410957816,0.5050505050505051
dist,50–100 km,hours,channel,after,99,1.0718752580420852,0.9975379417700121,1.1638258007340656,4120.999882591154,0.4444444444444444
dist,50–100 km,hours,offshore,prep,82,0.8793479417318291,0.7856657827856339,0.9669495141874721,-3939.3675934796415,0.35365853658536583
dist,50–100 km,hours,offshore,storm,82,0.6733444514305608,0.547365722639198,0.8183146195969885,-16790.73389668259,0.5487804878048781
dist,50–100 km,hours,offshore,after,82,1.0260388898854467,0.9729531245487697,1.0872316029311082,4255.032235371833,0.4024390243902439
dist,50–100 km,hours,offshore_hold,prep,52,0.7905443760133477,0.6340347698415194,0.971036759722073,-693.9434791390402,0.4230769230769231
dist,50–100 km,hours,offshore_hold,storm,52,0.6699383211270699,0.5264821134615215,0.7933584757661822,-1961.1986722858774,0.5769230769230769
dist,50–100 km,hours,offshore_hold,after,52,1.3073850865389387,1.02414771645951,1.6537803454884275,5023.294924645895,0.46153846153846156
dist,50–100 km,hours,port,prep,99,1.022291967612121,0.9737708021835452,1.0660943726800827,1792.5352188940133,0.3939393939393939
dist,50–100 km,hours,port,storm,99,1.038316463794645,0.9128601112638565,1.154885435974777,4131.106083051067,0.5858585858585859
dist,50–100 km,hours,port,after,99,1.0270860619942352,0.9809003498074214,1.0714450239424573,10850.298315217176,0.47474747474747475
dist,50–100 km,hours,anchorage,prep,81,1.0591204815852042,0.9782635120065875,1.1313131126582254,1097.2470954698583,0.37037037037037035
dist,50–100 km,hours,anchorage,storm,81,0.9258315085844488,0.8175504447900577,1.0433915085001282,-2116.4571194246464,0.5061728395061729
dist,50–100 km,hours,anchorage,after,85,1.2151305190449004,1.0566035121976876,1.3744699547602441,19370.281386316703,0.3764705882352941
dist,100–200 km,hours,total,prep,167,0.9630423071058358,0.9268781841106459,1.001522119741552,-9088.054837496577,0.437125748502994
dist,100–200 km,hours,total,storm,167,0.8763238357453609,0.7783557298775048,0.952040255050657,-46919.07454724937,0.562874251497006
dist,100–200 km,hours,total,after,167,1.0298748200710512,0.9832577910494904,1.0741606375805242,36698.433768724215,0.4311377245508982
dist,100–200 km,hours,anchorage,prep,132,0.9548497356985817,0.8866451877481687,1.0338939479990383,-1468.9364350122225,0.3787878787878788
dist,100–200 km,hours,anchorage,storm,131,0.8681198217605328,0.7323179069041136,0.9972543452108199,-7297.919333266603,0.46564885496183206
dist,100–200 km,hours,anchorage,after,132,1.16952306902042,1.007854839074689,1.3792430887499474,27221.125481701278,0.42424242424242425
dist,100–200 km,hours,channel,prep,167,0.9962288995103677,0.9357864218463358,1.0641950471519193,-70.86083317236252,0.38922155688622756
dist,100–200 km,hours,channel,storm,167,0.6933113493425905,0.5946994434084916,0.8060602578373229,-9145.346533191145,0.5449101796407185
dist,100–200 km,hours,channel,after,167,1.0702532674874974,1.008663244193116,1.136831056185705,6476.079484612828,0.5029940119760479
dist,100–200 km,hours,offshore,prep,136,0.9241234306671553,0.8578293537459691,0.9943054269755786,-4317.700101964396,0.38235294117647056
dist,100–200 km,hours,offshore,storm,136,0.7249597894992101,0.6275035930876192,0.8212322013418686,-22714.818054710784,0.5661764705882353
dist,100–200 km,hours,offshore,after,136,1.046085566629505,0.9762054163588142,1.1346535921744514,13118.297915326497,0.3382352941176471
dist,100–200 km,hours,port,prep,167,0.9961762907387527,0.9543425370314844,1.0343203380120962,-501.23032923798644,0.40718562874251496
dist,100–200 km,hours,port,storm,167,0.9793725549728826,0.8490296215106194,1.094417741641926,-4197.8935227979155,0.5748502994011976
dist,100–200 km,hours,port,after,167,0.9967956017847138,0.9589158607133718,1.0313923131289697,-2117.054864198604,0.3532934131736527
dist,100–200 km,hours,offshore_hold,prep,84,1.1266586287984446,0.8661896353130047,1.424387947532338,426.4458753061055,0.42857142857142855
dist,100–200 km,hours,offshore_hold,storm,83,0.9611444342623858,0.740905575542783,1.2178796445724687,-181.42117847252229,0.4819277108433735
dist,100–200 km,hours,offshore_hold,after,83,1.377636343218335,1.0594956355789074,1.7666828167103998,6059.976719210534,0.5060240963855421
intensity,Hurricane ≥64 kt,co2_ton,anchorage,prep,57,1.0689288916805706,0.8290977445523492,1.2750587804153213,1266.205247834941,0.42105263157894735
intensity,Hurricane ≥64 kt,co2_ton,anchorage,storm,56,0.6695383595940594,0.43697087090521125,0.9712014782053978,-8394.192720238101,0.6428571428571429
intensity,Hurricane ≥64 kt,co2_ton,anchorage,after,57,1.3594920762123262,1.2739529365860485,1.5036582650939518,32366.212006012694,0.5263157894736842
intensity,Hurricane ≥64 kt,co2_ton,total,prep,67,0.9806781735214841,0.8780951161117718,1.0659431028089346,-2995.9855941390924,0.3880597014925373
intensity,Hurricane ≥64 kt,co2_ton,total,storm,67,0.47105590776150985,0.358279067336933,0.5892209083001771,-121439.89819433488,0.8507462686567164
intensity,Hurricane ≥64 kt,co2_ton,total,after,67,1.077290597739001,0.971406171503649,1.1874083173535148,59336.460260455045,0.4925373134328358
intensity,Hurricane ≥64 kt,co2_ton,channel,prep,67,1.1028335806846417,0.9260614173963965,1.278762455166665,2056.1029620259815,0.5373134328358209
intensity,Hurricane ≥64 kt,co2_ton,channel,storm,67,0.37170321610844137,0.24981645659682758,0.5333379615864954,-18500.29297193959,0.7910447761194029
intensity,Hurricane ≥64 kt,co2_ton,channel,after,67,1.0597468930287632,0.8713921728961337,1.2366373927152827,5836.206442611223,0.5970149253731343
intensity,Hurricane ≥64 kt,co2_ton,offshore,prep,52,0.9844092083596039,0.8840193750912818,1.080086479668758,-1273.6035171655703,0.4423076923076923
intensity,Hurricane ≥64 kt,co2_ton,offshore,storm,52,0.46814201622617374,0.3329571475121383,0.6372952740985719,-65587.7329609929,0.8269230769230769
intensity,Hurricane ≥64 kt,co2_ton,offshore,after,52,1.063690426973162,0.9375353051379971,1.2177051443101155,26092.046821032134,0.4423076923076923
intensity,Hurricane ≥64 kt,co2_ton,port,prep,67,0.9603497939683256,0.8514857815734427,1.0553285166792594,-1090.8247756007122,0.40298507462686567
intensity,Hurricane ≥64 kt,co2_ton,port,storm,67,0.523889808006998,0.3798071202623399,0.6842282083320493,-19398.973491767363,0.7761194029850746
intensity,Hurricane ≥64 kt,co2_ton,port,after,67,1.0073216820009918,0.8289215522830546,1.1907474647652323,1027.4292996660618,0.5522388059701493
intensity,Hurricane ≥64 kt,co2_ton,offshore_hold,prep,33,0.940148035367219,0.5322802347254644,1.912609430392896,-225.25488600259823,0.5757575757575758
intensity,Hurricane ≥64 kt,co2_ton,offshore_hold,storm,33,0.2708941598337104,0.14733814881731594,0.5039193001531642,-3017.469643966551,0.7272727272727273
intensity,Hurricane ≥64 kt,co2_ton,offshore_hold,after,33,1.4054310656159539,0.8672811105682048,1.719998693901332,6925.687332560979,0.45454545454545453
intensity,Strong TS 50–63 kt,co2_ton,anchorage,prep,42,0.9176325672840495,0.737135476606384,1.0795155324769314,-1244.4953294720049,0.2619047619047619
intensity,Strong TS 50–63 kt,co2_ton,anchorage,storm,42,0.7709942047753783,0.5805450807546356,0.9142432813252667,-5432.928657744027,0.5
intensity,Strong TS 50–63 kt,co2_ton,anchorage,after,43,1.0008935288346734,0.8806735270011495,1.1471508342663777,67.01690986338667,0.32558139534883723
intensity,Strong TS 50–63 kt,co2_ton,total,prep,54,0.9113968691963557,0.8580919661600037,0.9434119363989065,-10980.32916970164,0.4444444444444444
intensity,Strong TS 50–63 kt,co2_ton,total,storm,54,0.7336611502530068,0.6648306086780139,0.7735046757278805,-52648.59341974377,0.5555555555555556
intensity,Strong TS 50–63 kt,co2_ton,total,after,54,1.022302680913829,0.9664206252811849,1.0735434004339552,13615.91535899026,0.3333333333333333
intensity,Strong TS 50–63 kt,co2_ton,channel,prep,54,1.0730074730312986,0.999391212897489,1.1894254636217454,1066.0819872758889,0.2962962962962963
intensity,Strong TS 50–63 kt,co2_ton,channel,storm,54,0.6401012290243105,0.5374239902150768,0.8644646813098024,-8922.493955390762,0.7222222222222222
intensity,Strong TS 50–63 kt,co2_ton,channel,after,54,1.0979994819457466,1.0319039691735281,1.2717449253969688,7382.147401943583,0.35185185185185186
intensity,Strong TS 50–63 kt,co2_ton,offshore,prep,46,0.8997435641991702,0.8158131047734383,0.9782568647056253,-5989.558825580969,0.34782608695652173
intensity,Strong TS 50–63 kt,co2_ton,offshore,storm,46,0.6871814895622494,0.6240976037421399,0.7419317637308863,-30784.622863864333,0.5869565217391305
intensity,Strong TS 50–63 kt,co2_ton,offshore,after,46,1.0249199407868634,0.9499826492707443,1.0952623945480895,7280.432996746609,0.391304347826087
intensity,Strong TS 50–63 kt,co2_ton,offshore_hold,prep,29,0.9911308981734884,0.8136749712854033,1.7604387891146738,-26.536644672764226,0.27586206896551724
intensity,Strong TS 50–63 kt,co2_ton,offshore_hold,storm,29,1.0419472810572563,0.8887829097913102,1.497751739037871,238.74385995079717,0.3793103448275862
intensity,Strong TS 50–63 kt,co2_ton,offshore_hold,after,29,1.335326774815823,1.1056656962433555,2.561084277159822,5242.7648230742625,0.3793103448275862
intensity,Strong TS 50–63 kt,co2_ton,port,prep,54,0.9544632331922861,0.8721362769006958,1.01302083550562,-1273.057541388263,0.3888888888888889
intensity,Strong TS 50–63 kt,co2_ton,port,storm,54,0.9210856058655095,0.7331539049848325,1.0257619777100608,-3195.670660094593,0.5
intensity,Strong TS 50–63 kt,co2_ton,port,after,54,1.070148419570494,0.9947653503480616,1.1382521745025205,9569.314205800334,0.35185185185185186
intensity,Tropical storm <50 kt,co2_ton,anchorage,prep,177,0.9986373870171255,0.9089298977678308,1.1085987441449672,-72.08373524652643,0.3615819209039548
intensity,Tropical storm <50 kt,co2_ton,anchorage,storm,177,0.7996811110059022,0.6719142501926251,0.9252950972043101,-19706.419885276402,0.423728813559322
intensity,Tropical storm <50 kt,co2_ton,anchorage,after,180,1.1430237419446683,0.9692156603193196,1.3621005169214848,36777.516504137326,0.35
intensity,Tropical storm <50 kt,co2_ton,total,prep,223,0.9819138894356122,0.9436063972758924,1.0260648810865909,-8470.720883088787,0.3452914798206278
intensity,Tropical storm <50 kt,co2_ton,total,storm,223,0.8228070016260224,0.7398133341629322,0.9117137523995418,-133149.5395140879,0.43946188340807174
intensity,Tropical storm <50 kt,co2_ton,total,after,223,1.037738130251944,0.9707075017947568,1.104228164633274,87466.0131171612,0.452914798206278
intensity,Tropical storm <50 kt,co2_ton,channel,prep,223,1.0493116792807375,1.0104417460192148,1.0870171937948168,2223.342035145184,0.3632286995515695
intensity,Tropical storm <50 kt,co2_ton,channel,storm,223,0.7337328661502737,0.5989897929052933,0.8741890157006795,-18706.885358397747,0.5426008968609866
intensity,Tropical storm <50 kt,co2_ton,channel,after,223,1.0321244687720708,0.9690201834339166,1.0931273929856782,7224.40658752076,0.5336322869955157
intensity,Tropical storm <50 kt,co2_ton,offshore,prep,173,0.9718731649790745,0.9184615320724052,1.0303506829177114,-6533.781801862186,0.3583815028901734
intensity,Tropical storm <50 kt,co2_ton,offshore,storm,173,0.8480294998786163,0.7685118879805009,0.9168105734920227,-53210.02206807057,0.4682080924855491
intensity,Tropical storm <50 kt,co2_ton,offshore,after,173,1.0364373933481,0.982065752370104,1.087552620781919,42081.733453727924,0.4161849710982659
intensity,Tropical storm <50 kt,co2_ton,port,prep,223,1.0262650296277445,0.9697231497118084,1.0862005937707844,3004.9353923870667,0.4080717488789238
intensity,Tropical storm <50 kt,co2_ton,port,storm,223,0.894165857150674,0.7720510621777883,1.0095054142150441,-20132.053892894044,0.4349775784753363
intensity,Tropical storm <50 kt,co2_ton,port,after,223,1.0201654701639546,0.9523222551308967,1.0903808694820667,11433.723599410601,0.4080717488789238
intensity,Tropical storm <50 kt,co2_ton,offshore_hold,prep,115,0.992665018245089,0.7676994601862723,1.2323109193974269,-122.05265754710311,0.391304347826087
intensity,Tropical storm <50 kt,co2_ton,offshore_hold,storm,114,0.6484978075942219,0.5297262690740123,0.8675368688839983,-11388.318735983017,0.4824561403508772
intensity,Tropical storm <50 kt,co2_ton,offshore_hold,after,114,1.3540344329969285,0.9789167875034613,1.760802102856197,27088.148467673313,0.40350877192982454
dist,≤50 km,co2_ton,anchorage,prep,63,1.0337049113286139,0.8949562499692288,1.2231419513236033,501.76416307838974,0.3333333333333333
dist,≤50 km,co2_ton,anchorage,storm,63,0.832249354350954,0.7589695927869968,1.0269794467819457,-4688.484825332278,0.4603174603174603
dist,≤50 km,co2_ton,anchorage,after,63,1.274742822294707,1.1344699146932342,1.516414839819466,21359.11053835666,0.4126984126984127
dist,≤50 km,co2_ton,total,prep,78,0.9821871993586333,0.9276413478828647,1.0355108928909944,-3078.497301499173,0.358974358974359
dist,≤50 km,co2_ton,total,storm,78,0.7815098556463499,0.682726874610952,0.8537758149474468,-65063.166899184725,0.5384615384615384
dist,≤50 km,co2_ton,total,after,78,1.0467096342075306,0.9660343312773149,1.1127870647898683,39485.25761411147,0.4230769230769231
dist,≤50 km,co2_ton,channel,prep,78,1.1035175129920454,0.9815531403705734,1.2754033416052697,1925.778854542533,0.4358974358974359
dist,≤50 km,co2_ton,channel,storm,78,0.6228454292461728,0.4542278399024239,0.8000204357880095,-11466.970292053966,0.6538461538461539
dist,≤50 km,co2_ton,channel,after,78,1.0711828682447557,0.9204642979446093,1.16962090476257,6530.586433744059,0.5256410256410257
dist,≤50 km,co2_ton,offshore,prep,53,0.9941436082328504,0.9170033723807244,1.067827458851897,-486.9228800189089,0.33962264150943394
dist,≤50 km,co2_ton,offshore,storm,53,0.8005189672132631,0.6821828784832782,0.8876073674210389,-27661.394792767736,0.5283018867924528
dist,≤50 km,co2_ton,offshore,after,53,1.0321812387406128,0.9596910677640672,1.0878483977416973,13214.799501857186,0.3584905660377358
dist,≤50 km,co2_ton,offshore_hold,prep,41,0.8024220254837208,0.5855449252247948,1.0431690668829994,-1403.8331508591596,0.34146341463414637
dist,≤50 km,co2_ton,offshore_hold,storm,41,0.5845928591568001,0.39661022012252795,0.6948977410083539,-5190.236822977296,0.5121951219512195
dist,≤50 km,co2_ton,offshore_hold,after,41,1.3828549133076335,0.9649643201664238,2.1899915962924243,12237.615799539546,0.4146341463414634
dist,≤50 km,co2_ton,port,prep,78,1.0327658457079103,0.9541903656684211,1.0896946877356362,1442.0503642652075,0.46153846153846156
dist,≤50 km,co2_ton,port,storm,78,0.8831142302792164,0.7640464123963008,0.9723374080713478,-9556.476429564078,0.5512820512820513
dist,≤50 km,co2_ton,port,after,78,1.0023429493643348,0.8921997283395973,1.0831132582817597,512.5880153323308,0.5
dist,50–100 km,co2_ton,channel,prep,99,1.109946116660972,1.0573254489956938,1.1612904645804154,2491.019792123471,0.36363636363636365
dist,50–100 km,co2_ton,channel,storm,99,0.5982449241834696,0.4846837682908125,0.7657123296953066,-12951.86126503206,0.5757575757575758
dist,50–100 km,co2_ton,channel,after,99,1.0368513666224095,0.9595803246463865,1.1407462300137423,4106.865273485521,0.5959595959595959
dist,50–100 km,co2_ton,total,prep,99,0.9643671126641854,0.9173145341679894,1.017553316997342,-7449.38445138632,0.41414141414141414
dist,50–100 km,co2_ton,total,storm,99,0.7269406789378586,0.6384099905494771,0.818406715715856,-88899.88610153903,0.5252525252525253
dist,50–100 km,co2_ton,total,after,99,1.0392206510590194,0.9904960587279074,1.0923665848303432,40451.86902941247,0.45454545454545453
dist,50–100 km,co2_ton,offshore,prep,82,0.9382619518751449,0.8759512810500895,1.0066032729478427,-6278.432382287108,0.3902439024390244
dist,50–100 km,co2_ton,offshore,storm,82,0.7295141227792457,0.6290009112529268,0.8289664238568142,-44712.721412087965,0.5
dist,50–100 km,co2_ton,offshore,after,82,1.0375640063990361,0.9820011765451317,1.0939184619081608,19070.190040028214,0.4878048780487805
dist,50–100 km,co2_ton,offshore_hold,prep,52,0.9032055211173138,0.710990147642879,1.1475069004314506,-784.6921493013095,0.40384615384615385
dist,50–100 km,co2_ton,offshore_hold,storm,52,0.5703701148557249,0.4905847463144178,0.7231331768983287,-7118.7071747663595,0.5
dist,50–100 km,co2_ton,offshore_hold,after,52,1.3714431702858734,0.9605101915747828,1.6705554876079578,14068.884980251973,0.4423076923076923
dist,50–100 km,co2_ton,port,prep,99,1.0412512601189272,0.9422308342754696,1.124432753384202,1875.9831246605768,0.41414141414141414
dist,50–100 km,co2_ton,port,storm,99,0.8442008875043391,0.6777539405172621,1.0030007266008918,-9518.005402970759,0.494949494949495
dist,50–100 km,co2_ton,port,after,99,1.0441316136088592,0.9697271370879201,1.1386687148190389,9950.415119104016,0.43434343434343436
dist,50–100 km,co2_ton,anchorage,prep,81,0.9708498223527661,0.7991380451543464,1.1159267496140433,-790.9227107252225,0.3333333333333333
dist,50–100 km,co2_ton,anchorage,storm,81,0.8175739481561372,0.6642890739910929,0.9841826891071335,-7978.48679322162,0.5679012345679012
dist,50–100 km,co2_ton,anchorage,after,85,1.0908234001264066,0.9571432210706055,1.189948868767358,11836.73023900185,0.35294117647058826
dist,100–200 km,co2_ton,anchorage,prep,132,1.0053828541821355,0.8718347804578809,1.1245899267956567,238.78473076324244,0.38636363636363635
dist,100–200 km,co2_ton,anchorage,storm,131,0.7247737138752716,0.5960628921973808,0.8675732531592775,-20866.56964470463,0.4351145038167939
dist,100–200 km,co2_ton,anchorage,after,132,1.1682079963519185,0.9872224875304917,1.3769059572649425,36014.90464265492,0.38636363636363635
dist,100–200 km,co2_ton,total,prep,167,0.9673854356674986,0.9297526504211919,1.0101528954975154,-11919.153894044024,0.3473053892215569
dist,100–200 km,co2_ton,total,storm,167,0.7240015388975101,0.6226471141176019,0.8162196031711701,-153274.97812744277,0.5449101796407185
dist,100–200 km,co2_ton,total,after,167,1.0442400499694664,0.9809760361004296,1.1043404915812542,80481.26209308255,0.4431137724550898
dist,100–200 km,co2_ton,channel,prep,167,1.0241703834374862,0.9700505562313829,1.0820139757043288,928.72833778105,0.3772455089820359
dist,100–200 km,co2_ton,channel,storm,167,0.6489804638046383,0.5378895409995083,0.7760285951060766,-21710.840728642066,0.6287425149700598
dist,100–200 km,co2_ton,channel,after,167,1.050358334989948,0.9995425633875756,1.1049142873005287,9805.308724845983,0.46706586826347307
dist,100–200 km,co2_ton,offshore,prep,136,0.9627742400992361,0.91300550415532,1.0197536657030946,-7031.588882302707,0.375
dist,100–200 km,co2_ton,offshore,storm,136,0.7117917365922711,0.5916218027479415,0.8368104388115074,-77208.26168807209,0.6029411764705882
dist,100–200 km,co2_ton,offshore,after,136,1.0460020654393027,0.9734742134285392,1.1259597083971795,43169.22372962126,0.39705882352941174
dist,100–200 km,co2_ton,port,prep,167,0.9666993996550134,0.9225720944149954,1.010505376069298,-2676.9804135276922,0.3712574850299401
dist,100–200 km,co2_ton,port,storm,167,0.8160965852575253,0.6528547858079573,0.9474607134059927,-23652.216212221163,0.5029940119760479
dist,100–200 km,co2_ton,port,after,167,1.0289557942284795,0.9632124246497196,1.0929528481195387,11567.46397044065,0.38922155688622756
dist,100–200 km,co2_ton,offshore_hold,prep,84,1.221752205275463,0.8188873209680781,1.6262167339439622,1814.6811119380036,0.44047619047619047
dist,100–200 km,co2_ton,offshore_hold,storm,83,0.8588646165665231,0.5555653455102397,1.1810211714528613,-1858.1005222551155,0.5180722891566265
dist,100–200 km,co2_ton,offshore_hold,after,83,1.328770864528451,0.9128389697985138,1.9185032476636326,12950.09984351703,0.3855421686746988
intensity,Hurricane ≥64 kt,n_vessels_in_cell,anchorage,prep,57,1.04967130405484,0.9367704826055195,1.1556312816913967,108.79055908354266,0.49122807017543857
intensity,Hurricane ≥64 kt,n_vessels_in_cell,anchorage,storm,56,0.5987902591771436,0.4881028003155968,0.7426543675973503,-1224.151838225725,0.75
intensity,Hurricane ≥64 kt,n_vessels_in_cell,anchorage,after,57,1.1404781703660363,1.0188415609290815,1.2603870495359502,1498.0519157533652,0.6140350877192983
intensity,Hurricane ≥64 kt,n_vessels_in_cell,channel,prep,67,1.1430895367046758,1.0128076288711094,1.2632426986652667,556.2905447885887,0.582089552238806
intensity,Hurricane ≥64 kt,n_vessels_in_cell,channel,storm,67,0.4462935154804232,0.31836865574574763,0.6091446620120815,-3004.9217812693987,0.8656716417910447
intensity,Hurricane ≥64 kt,n_vessels_in_cell,channel,after,67,1.03116552713205,0.8550722509206886,1.1797514431406178,593.8029302302086,0.7014925373134329
intensity,Hurricane ≥64 kt,n_vessels_in_cell,offshore,prep,52,0.9872646757672986,0.8654671781678555,1.12487747424902,-64.71731769984112,0.4807692307692308
intensity,Hurricane ≥64 kt,n_vessels_in_cell,offshore,storm,52,0.5623943673011468,0.4418629356239217,0.6962847233230081,-3250.1725373866175,0.8269230769230769
intensity,Hurricane ≥64 kt,n_vessels_in_cell,offshore,after,52,1.0609954152542647,0.9951471055022866,1.127871696386847,1545.013071112584,0.4807692307692308
intensity,Hurricane ≥64 kt,n_vessels_in_cell,port,prep,67,1.024908301330347,0.9403165551827132,1.0824670145463406,96.31261454711269,0.5373134328358209
intensity,Hurricane ≥64 kt,n_vessels_in_cell,port,storm,67,0.6512755612526424,0.49177608806521506,0.804987644379459,-1919.5824122507017,0.7611940298507462
intensity,Hurricane ≥64 kt,n_vessels_in_cell,port,after,67,0.9618918623864464,0.8370778914405318,1.0537353231019009,-741.7263627024137,0.417910447761194
intensity,Hurricane ≥64 kt,n_vessels_in_cell,offshore_hold,prep,33,1.0050271165132536,0.7962575292608154,1.2002817758688953,1.545609045837966,0.42424242424242425
intensity,Hurricane ≥64 kt,n_vessels_in_cell,offshore_hold,storm,33,0.5962634107597443,0.25966815254671904,0.9223192772514679,-153.70422552133817,0.7575757575757576
intensity,Hurricane ≥64 kt,n_vessels_in_cell,offshore_hold,after,33,1.0309061730162674,0.8896817108739701,1.1542828194009744,48.14726612694587,0.42424242424242425
intensity,Strong TS 50–63 kt,n_vessels_in_cell,anchorage,prep,42,0.9712607826951017,0.8993124773891323,1.0360368238117217,-41.928462104728894,0.30952380952380953
intensity,Strong TS 50–63 kt,n_vessels_in_cell,anchorage,storm,42,0.740562064642293,0.6686995362761787,0.9228181189862885,-645.6502941386929,0.6904761904761905
intensity,Strong TS 50–63 kt,n_vessels_in_cell,anchorage,after,43,1.0289791615258819,0.9749222161055913,1.0778249098018333,213.0250893096035,0.3953488372093023
intensity,Strong TS 50–63 kt,n_vessels_in_cell,channel,prep,54,1.0041931592389264,0.9461580643983682,1.0567292779064206,11.896427058669731,0.35185185185185186
intensity,Strong TS 50–63 kt,n_vessels_in_cell,channel,storm,54,0.6853659836665675,0.6153079423763467,0.8494215787570727,-1470.4154835998816,0.6296296296296297
intensity,Strong TS 50–63 kt,n_vessels_in_cell,channel,after,54,1.043114990457954,1.010815686024316,1.092168061523569,614.5792160822778,0.46296296296296297
intensity,Strong TS 50–63 kt,n_vessels_in_cell,offshore,prep,46,0.9451814867956889,0.8813804049546325,1.0048275903861275,-194.93084180511082,0.30434782608695654
intensity,Strong TS 50–63 kt,n_vessels_in_cell,offshore,storm,46,0.6824371569252211,0.6138157293161637,0.8272749841449856,-1913.4632360977635,0.717391304347826
intensity,Strong TS 50–63 kt,n_vessels_in_cell,offshore,after,46,1.0327027355228249,0.9600810450151835,1.1360837618755724,584.2269482855053,0.45652173913043476
intensity,Strong TS 50–63 kt,n_vessels_in_cell,offshore_hold,prep,29,0.911555907147208,0.8233478472362391,1.0699663570214186,-41.72092970767066,0.27586206896551724
intensity,Strong TS 50–63 kt,n_vessels_in_cell,offshore_hold,storm,29,0.7960635376850083,0.6761348273064001,1.1481169232998554,-123.22312696141265,0.41379310344827586
intensity,Strong TS 50–63 kt,n_vessels_in_cell,offshore_hold,after,29,0.9813252894531336,0.9101907880508822,1.1005971410131121,-44.32108428377488,0.3793103448275862
intensity,Strong TS 50–63 kt,n_vessels_in_cell,port,prep,54,0.9905819292560004,0.9235462669768837,1.0338347022412515,-26.05086270647027,0.5
intensity,Strong TS 50–63 kt,n_vessels_in_cell,port,storm,54,0.9431391259160321,0.80914817416906,1.0194503360578449,-258.39846914121625,0.6666666666666666
intensity,Strong TS 50–63 kt,n_vessels_in_cell,port,after,54,1.043592429911172,0.9811963989357432,1.0972713132063223,604.6843550291378,0.48148148148148145
intensity,Tropical storm <50 kt,n_vessels_in_cell,anchorage,prep,177,1.0115170295028861,0.9722018422457583,1.05260040449853,62.463035233212636,0.4293785310734463
intensity,Tropical storm <50 kt,n_vessels_in_cell,anchorage,storm,177,0.840277373167576,0.7504054289762103,0.9279494329914111,-1410.227391941724,0.4745762711864407
intensity,Tropical storm <50 kt,n_vessels_in_cell,anchorage,after,180,1.062586754844203,0.9947173047927413,1.1479117417272633,1684.4917307968872,0.48333333333333334
intensity,Tropical storm <50 kt,n_vessels_in_cell,channel,prep,223,1.0286399279143938,0.9943910066332674,1.0582242440195961,310.05430432915523,0.4439461883408072
intensity,Tropical storm <50 kt,n_vessels_in_cell,channel,storm,223,0.7736127683291611,0.6232764314488896,0.9011930135634258,-4023.1648034103036,0.4977578475336323
intensity,Tropical storm <50 kt,n_vessels_in_cell,channel,after,223,1.0040504564542727,0.9463729557828214,1.053903016297542,217.99961837118536,0.4663677130044843
intensity,Tropical storm <50 kt,n_vessels_in_cell,offshore,prep,173,0.9748274187175727,0.9377053012301786,1.0158039841549094,-334.1961261058492,0.3988439306358382
intensity,Tropical storm <50 kt,n_vessels_in_cell,offshore,storm,173,0.830424236126867,0.7548269843918591,0.9004980774450919,-3426.947752141654,0.5260115606936416
intensity,Tropical storm <50 kt,n_vessels_in_cell,offshore,after,173,1.0217677611728655,0.981851886175475,1.0591924592670572,1443.666938743498,0.4277456647398844
intensity,Tropical storm <50 kt,n_vessels_in_cell,port,prep,223,1.0074740231497072,0.9761613608304789,1.0370958133242478,82.46489678454122,0.40358744394618834
intensity,Tropical storm <50 kt,n_vessels_in_cell,port,storm,223,0.944600882157517,0.8706104942331042,1.0022657833066764,-935.3797430843613,0.4663677130044843
intensity,Tropical storm <50 kt,n_vessels_in_cell,port,after,223,1.0216088546025182,0.9968401582376696,1.0494010214743144,1183.2099067705935,0.42152466367713004
intensity,Tropical storm <50 kt,n_vessels_in_cell,offshore_hold,prep,115,0.978923657537125,0.9071220100248137,1.0519644797247354,-43.68461067205449,0.3565217391304348
intensity,Tropical storm <50 kt,n_vessels_in_cell,offshore_hold,storm,114,0.9456530267428432,0.8749304355776676,1.015022644273705,-172.69828364031292,0.39473684210526316
intensity,Tropical storm <50 kt,n_vessels_in_cell,offshore_hold,after,114,1.047848560485497,0.9966658616027038,1.0995787253036833,491.3862353791546,0.3684210526315789
dist,≤50 km,n_vessels_in_cell,anchorage,prep,63,1.0485009289776699,0.9699489523310377,1.1205679134969022,98.62078108143946,0.36507936507936506
dist,≤50 km,n_vessels_in_cell,anchorage,storm,63,0.7289030172221957,0.6038006277873146,0.8427751826341288,-872.1632502450733,0.5873015873015873
dist,≤50 km,n_vessels_in_cell,anchorage,after,63,1.0522990306552369,0.9368938356704627,1.1561046587834196,524.8793799667719,0.4603174603174603
dist,≤50 km,n_vessels_in_cell,channel,prep,78,1.105672716172706,1.0026058283797383,1.2164154902405067,450.5322205674531,0.46153846153846156
dist,≤50 km,n_vessels_in_cell,channel,storm,78,0.7014921956222137,0.5413175872044537,0.8372309667776112,-2226.812144251159,0.6410256410256411
dist,≤50 km,n_vessels_in_cell,channel,after,78,0.9812520306721941,0.8643845751645062,1.0674095367209102,-395.555063185632,0.5256410256410257
dist,≤50 km,n_vessels_in_cell,offshore,prep,53,1.0001936757863361,0.9205882005448408,1.0816707246493509,0.9358538231367248,0.4339622641509434
dist,≤50 km,n_vessels_in_cell,offshore,storm,53,0.7775069069466602,0.6184453278776979,0.905884475099187,-1772.7748771754639,0.6226415094339622
dist,≤50 km,n_vessels_in_cell,offshore,after,53,1.0194211029576066,0.9636385236726174,1.0694177494062125,466.59977143662826,0.32075471698113206
dist,≤50 km,n_vessels_in_cell,offshore_hold,prep,41,0.9897001857204768,0.8944777850432947,1.1103523456561837,-8.159091522517826,0.3170731707317073
dist,≤50 km,n_vessels_in_cell,offshore_hold,storm,41,0.8916594943652807,0.7015254982431436,1.0357972184390691,-131.95372209103064,0.4634146341463415
dist,≤50 km,n_vessels_in_cell,offshore_hold,after,41,0.9970099221932223,0.9277446386385029,1.0953956431252818,-11.41136692979132,0.34146341463414637
dist,≤50 km,n_vessels_in_cell,port,prep,78,1.0406208251580684,0.973256686172918,1.0864879385388828,170.11533092466377,0.47435897435897434
dist,≤50 km,n_vessels_in_cell,port,storm,78,0.8737653182132122,0.7229865580204557,0.9890383911697125,-887.636380995347,0.5128205128205128
dist,≤50 km,n_vessels_in_cell,port,after,78,0.9695815388881255,0.8733772527825042,1.0465800146166906,-628.9927173441581,0.4358974358974359
dist,50–100 km,n_vessels_in_cell,channel,prep,99,1.0571981503235899,1.006112469126863,1.101085451973833,276.0362027323201,0.3939393939393939
dist,50–100 km,n_vessels_in_cell,channel,storm,99,0.6836923303892745,0.5805541846329295,0.7965600045883481,-2149.454319861542,0.5555555555555556
dist,50–100 km,n_vessels_in_cell,channel,after,99,1.017589247881083,0.9623639943362419,1.0746289228614276,421.49994260782125,0.5656565656565656
dist,50–100 km,n_vessels_in_cell,offshore,prep,82,0.9855622578904648,0.9394798254012797,1.0303190732075518,-91.39663405353413,0.2804878048780488
dist,50–100 km,n_vessels_in_cell,offshore,storm,82,0.7205673368069611,0.6298544498101667,0.8130127823934729,-2772.3489632755955,0.5853658536585366
dist,50–100 km,n_vessels_in_cell,offshore,after,82,1.023495559987078,0.9812713385852846,1.0669783872517975,747.1551619716693,0.5121951219512195
dist,50–100 km,n_vessels_in_cell,offshore_hold,prep,52,0.9473013766289646,0.8627747419629423,1.0380970234218694,-49.62219332377798,0.3269230769230769
dist,50–100 km,n_vessels_in_cell,offshore_hold,storm,52,0.8394982211123669,0.687377041431564,0.9589175169816094,-206.67396143810038,0.46153846153846156
dist,50–100 km,n_vessels_in_cell,offshore_hold,after,52,1.0647253324053134,0.981848380798295,1.167081612445704,308.99881368744013,0.46153846153846156
dist,50–100 km,n_vessels_in_cell,port,prep,99,1.0078739942939845,0.9660911320019048,1.041850829524123,40.48426555544763,0.3838383838383838
dist,50–100 km,n_vessels_in_cell,port,storm,99,0.9047627919757315,0.8092090423455036,0.9914960026417964,-657.1511284158279,0.5353535353535354
dist,50–100 km,n_vessels_in_cell,port,after,99,1.0205971799971507,0.9769271325337318,1.0604499106914949,525.4454832094591,0.43434343434343436
dist,50–100 km,n_vessels_in_cell,anchorage,prep,81,1.0562007141225267,0.9983603659024423,1.1058982352319138,153.29875772855803,0.4074074074074074
dist,50–100 km,n_vessels_in_cell,anchorage,storm,81,0.7669006341757548,0.6874649030284286,0.8713214829566829,-900.907483334697,0.5432098765432098
dist,50–100 km,n_vessels_in_cell,anchorage,after,85,1.0777795264474839,1.040198331553587,1.1290956973212063,1039.7021005051547,0.49411764705882355
dist,100–200 km,n_vessels_in_cell,anchorage,prep,132,0.9715663406533864,0.9250332373902829,1.024710505384683,-122.59440659797106,0.4621212121212121
dist,100–200 km,n_vessels_in_cell,anchorage,storm,131,0.7931978437089313,0.7149371887909908,0.8950299461815204,-1506.9587907263717,0.5648854961832062
dist,100–200 km,n_vessels_in_cell,anchorage,after,132,1.0850592851129024,1.0162125044169459,1.1721345363989821,1830.987255387929,0.5151515151515151
dist,100–200 km,n_vessels_in_cell,channel,prep,167,1.0179254211826814,0.9655841210948358,1.0726051021414291,151.6728528766404,0.49101796407185627
dist,100–200 km,n_vessels_in_cell,channel,storm,167,0.6972558551421228,0.5852369693663501,0.8112735851163169,-4122.235604166883,0.5868263473053892
dist,100–200 km,n_vessels_in_cell,channel,after,167,1.0332909746261354,0.9814684330467004,1.0809110296528723,1400.4368852614825,0.47305389221556887
dist,100–200 km,n_vessels_in_cell,offshore,prep,136,0.9531796530996693,0.9007197174848965,1.0095533282991105,-503.3835053804038,0.45588235294117646
dist,100–200 km,n_vessels_in_cell,offshore,storm,136,0.7435111728973112,0.6651839138492726,0.819478544774695,-4045.459685174976,0.6323529411764706
dist,100–200 km,n_vessels_in_cell,offshore,after,136,1.0439395560640068,1.000922230340066,1.089680935168097,2359.152024733289,0.4485294117647059
dist,100–200 km,n_vessels_in_cell,port,prep,167,0.9930581948151412,0.9568704950304638,1.029103909464677,-57.872947854927716,0.46706586826347307
dist,100–200 km,n_vessels_in_cell,port,storm,167,0.8793551287076502,0.7833249821767746,0.9513250230796361,-1568.5731150651038,0.5868263473053892
dist,100–200 km,n_vessels_in_cell,port,after,167,1.027438005752852,1.0033601227665037,1.050082528592865,1149.7151332320166,0.4251497005988024
dist,100–200 km,n_vessels_in_cell,offshore_hold,prep,84,0.976675481130494,0.8685961735714399,1.0856479749310408,-26.078646487591413,0.39285714285714285
dist,100–200 km,n_vessels_in_cell,offshore_hold,storm,83,0.9330126193456234,0.8342397293024462,1.0548531600416293,-110.99795259393274,0.46987951807228917
dist,100–200 km,n_vessels_in_cell,offshore_hold,after,83,1.0352249126705966,0.9555782064937504,1.114784360364608,197.6249704646768,0.3493975903614458
intensity,Hurricane ≥64 kt,so2_air_ton,anchorage,prep,57,1.0685951933203381,0.8330503131423272,1.2720354529295699,0.7768762846328118,0.42105263157894735
intensity,Hurricane ≥64 kt,so2_air_ton,anchorage,storm,56,0.6623025660152667,0.43093191720012924,0.9570093963768757,-5.343133896185742,0.6428571428571429
intensity,Hurricane ≥64 kt,so2_air_ton,anchorage,after,57,1.3486484450405127,1.2612277620221266,1.4950857332649545,19.370311354045747,0.5614035087719298
intensity,Hurricane ≥64 kt,so2_air_ton,channel,prep,67,1.105475017028956,0.9255595201478494,1.2846398153985035,1.3005700553013748,0.5522388059701493
intensity,Hurricane ≥64 kt,so2_air_ton,channel,storm,67,0.37302597436636015,0.25037533028924086,0.5356737744173309,-11.350457456430226,0.7910447761194029
intensity,Hurricane ≥64 kt,so2_air_ton,channel,after,67,1.0584887013199642,0.867041992410063,1.239018783503887,3.5236374154625687,0.582089552238806
intensity,Hurricane ≥64 kt,so2_air_ton,offshore,prep,52,0.9737513592996262,0.8769858756339568,1.0725277825149417,-1.3139861056254998,0.4230769230769231
intensity,Hurricane ≥64 kt,so2_air_ton,offshore,storm,52,0.4656612626363199,0.3298860011036776,0.6357207844586572,-40.114948621054246,0.8269230769230769
intensity,Hurricane ≥64 kt,so2_air_ton,offshore,after,52,1.063633300674979,0.9358267772359433,1.2186349148816102,15.902063214989152,0.40384615384615385
intensity,Hurricane ≥64 kt,so2_air_ton,port,prep,67,0.9540555266947397,0.8443332777842251,1.0449898667457698,-0.7832298202840807,0.40298507462686567
intensity,Hurricane ≥64 kt,so2_air_ton,port,storm,67,0.5247569348915097,0.3790614549124633,0.6881389182503108,-11.97138758121453,0.7611940298507462
intensity,Hurricane ≥64 kt,so2_air_ton,port,after,67,1.0010670857980228,0.8242175146816781,1.184622891560953,0.09246588437041131,0.5223880597014925
intensity,Hurricane ≥64 kt,so2_air_ton,total,prep,67,0.9740834965059981,0.8712718417996873,1.060641539707788,-2.4724764629311418,0.40298507462686567
intensity,Hurricane ≥64 kt,so2_air_ton,total,storm,67,0.46980067695833666,0.35628783358677146,0.5878145265345182,-74.59560582972486,0.8656716417910447
intensity,Hurricane ≥64 kt,so2_air_ton,total,after,67,1.077135790004689,0.9715738347971312,1.1870105652130705,36.23255982897763,0.5074626865671642
intensity,Hurricane ≥64 kt,so2_air_ton,offshore_hold,prep,33,0.9687726503726863,0.5350990859441404,1.929733148834645,-0.07047145879692984,0.5454545454545454
intensity,Hurricane ≥64 kt,so2_air_ton,offshore_hold,storm,33,0.2789494957242524,0.15563883983402815,0.5057729752112775,-1.7782956563583592,0.7272727272727273
intensity,Hurricane ≥64 kt,so2_air_ton,offshore_hold,after,33,1.4382727185824242,0.8475111274223721,1.7906439691414566,4.48268626281618,0.45454545454545453
intensity,Strong TS 50–63 kt,so2_air_ton,anchorage,prep,42,0.9235966042024264,0.7517497046238312,1.0786206247183405,-0.70069296293335,0.2857142857142857
intensity,Strong TS 50–63 kt,so2_air_ton,anchorage,storm,42,0.7754224372321535,0.5962010799238905,0.9000532814098079,-3.2741350946494014,0.4523809523809524
intensity,Strong TS 50–63 kt,so2_air_ton,anchorage,after,43,1.0044029214178996,0.8881589464448547,1.1410170269528308,0.2023466716753901,0.3488372093023256
intensity,Strong TS 50–63 kt,so2_air_ton,channel,prep,54,1.0669051163520826,0.9977963584086341,1.1784394757844538,0.6053031710041085,0.2962962962962963
intensity,Strong TS 50–63 kt,so2_air_ton,channel,storm,54,0.6393282722497614,0.5384349518741882,0.8609179613286901,-5.547783184230884,0.7037037037037037
intensity,Strong TS 50–63 kt,so2_air_ton,channel,after,54,1.0962495673542119,1.0301729525170231,1.2729650968931332,4.49299569825624,0.37037037037037035
intensity,Strong TS 50–63 kt,so2_air_ton,offshore,prep,46,0.8903082876642304,0.8099390189526001,0.96513518110769,-3.9845196790567226,0.3695652173913043
intensity,Strong TS 50–63 kt,so2_air_ton,offshore,storm,46,0.6845768798177739,0.6215101010202341,0.7412313141366597,-18.828272739485197,0.5869565217391305
intensity,Strong TS 50–63 kt,so2_air_ton,offshore,after,46,1.0241565765001672,0.9488177111928556,1.0959813852129872,4.28323063462913,0.391304347826087
intensity,Strong TS 50–63 kt,so2_air_ton,offshore_hold,prep,29,0.9570886755851266,0.8105381610099596,1.5260892587227861,-0.07997518198007375,0.27586206896551724
intensity,Strong TS 50–63 kt,so2_air_ton,offshore_hold,storm,29,1.046698448733294,0.9036591798048643,1.4063786159605267,0.16410758320527502,0.3448275862068966
intensity,Strong TS 50–63 kt,so2_air_ton,offshore_hold,after,29,1.3040308352572105,1.084218529750895,2.5369269599431865,2.980406990009257,0.3793103448275862
intensity,Strong TS 50–63 kt,so2_air_ton,port,prep,54,0.9538538706215439,0.8606706261533918,1.0128812152316322,-0.7897219978446937,0.4074074074074074
intensity,Strong TS 50–63 kt,so2_air_ton,port,storm,54,0.9304191081344347,0.7415829694607783,1.0318010643285052,-1.7310685772337087,0.5
intensity,Strong TS 50–63 kt,so2_air_ton,port,after,54,1.070696010310908,0.9941086561579867,1.1443823042825259,5.879414250889979,0.37037037037037035
intensity,Strong TS 50–63 kt,so2_air_ton,total,prep,54,0.9085653774555427,0.8575820204362236,0.9391103890248046,-6.90142268288067,0.4444444444444444
intensity,Strong TS 50–63 kt,so2_air_ton,total,storm,54,0.7371289002646073,0.6725858120647917,0.7782756096506708,-31.679928138480612,0.5555555555555556
intensity,Strong TS 50–63 kt,so2_air_ton,total,after,54,1.0234994795933274,0.9659339207648201,1.0788007579066663,8.742781137269887,0.3333333333333333
intensity,Tropical storm <50 kt,so2_air_ton,anchorage,prep,177,1.0013619003196974,0.9105733563263515,1.1173135699265055,0.04435830837259891,0.384180790960452
intensity,Tropical storm <50 kt,so2_air_ton,anchorage,storm,177,0.7987010305774461,0.6712725407623427,0.9239145003383458,-12.229409867816466,0.4180790960451977
intensity,Tropical storm <50 kt,so2_air_ton,anchorage,after,180,1.146869536226095,0.9738425375851787,1.3687510059716756,23.31292443510433,0.36666666666666664
intensity,Tropical storm <50 kt,so2_air_ton,channel,prep,223,1.0528151307157116,1.0144845706709489,1.091084419961556,1.4673313064940863,0.3721973094170404
intensity,Tropical storm <50 kt,so2_air_ton,channel,storm,223,0.7316598615667579,0.5950134998449496,0.8725990260180215,-11.635528457550485,0.547085201793722
intensity,Tropical storm <50 kt,so2_air_ton,channel,after,223,1.03451448168784,0.9705411261982022,1.095800382939334,4.776194267799347,0.515695067264574
intensity,Tropical storm <50 kt,so2_air_ton,offshore,prep,173,0.9719868221008706,0.9175787881812726,1.0312361328458948,-3.950411040273516,0.3872832369942196
intensity,Tropical storm <50 kt,so2_air_ton,offshore,storm,173,0.8476885026022061,0.7668695323278911,0.91614413818637,-32.51887655661623,0.4682080924855491
intensity,Tropical storm <50 kt,so2_air_ton,offshore,after,173,1.0367938869402313,0.9821711663925304,1.0878654081300048,25.820138976300818,0.41040462427745666
intensity,Tropical storm <50 kt,so2_air_ton,port,prep,223,1.0269378659105552,0.9691095328701613,1.0879961836384078,1.8977635984090198,0.4170403587443946
intensity,Tropical storm <50 kt,so2_air_ton,port,storm,223,0.8942770984494514,0.7702303214745493,1.01145366755268,-12.402350266609815,0.4484304932735426
intensity,Tropical storm <50 kt,so2_air_ton,port,after,223,1.020339169257695,0.9513357188371444,1.0910819357759254,7.103123590146191,0.40358744394618834
intensity,Tropical storm <50 kt,so2_air_ton,total,prep,223,0.9829219856107169,0.9436386548043859,1.02863154442748,-4.8900554850930185,0.33183856502242154
intensity,Tropical storm <50 kt,so2_air_ton,total,storm,223,0.8231972698226087,0.7382630814592505,0.9132791040014034,-81.42737786347934,0.4439461883408072
intensity,Tropical storm <50 kt,so2_air_ton,total,after,223,1.0400406531191595,0.9721059073944334,1.1071706096950023,56.6946756475572,0.4798206278026906
intensity,Tropical storm <50 kt,so2_air_ton,offshore_hold,prep,115,0.9910455074892227,0.768172105504376,1.223721989554357,-0.09155561862316561,0.3826086956521739
intensity,Tropical storm <50 kt,so2_air_ton,offshore_hold,storm,114,0.6551228310417532,0.534837781065023,0.8784949021222106,-6.823201848995089,0.47368421052631576
intensity,Tropical storm <50 kt,so2_air_ton,offshore_hold,after,114,1.3616817685462106,0.9741816001536052,1.7709103526548022,16.848462837096545,0.40350877192982454
dist,≤50 km,so2_air_ton,anchorage,prep,63,1.037316525323757,0.9001592454847591,1.2118942893073388,0.3403912659570393,0.3333333333333333
dist,≤50 km,so2_air_ton,anchorage,storm,63,0.8392628307281262,0.7631566006940718,1.0442502932803894,-2.744368692187355,0.4444444444444444
dist,≤50 km,so2_air_ton,anchorage,after,63,1.2864997048595457,1.1411323047410555,1.5186663670462197,13.674075282669849,0.4126984126984127
dist,≤50 km,so2_air_ton,channel,prep,78,1.1043215441011793,0.9815728993188327,1.2778037960705013,1.2014063140338345,0.44871794871794873
dist,≤50 km,so2_air_ton,channel,storm,78,0.6214293371223627,0.45375732361131627,0.7990137998715806,-7.104673309218136,0.6666666666666666
dist,≤50 km,so2_air_ton,channel,after,78,1.0724331997548113,0.921925498068466,1.1722350363916432,4.1079783583761005,0.5
dist,≤50 km,so2_air_ton,offshore,prep,53,0.9945592709381245,0.9178361758128655,1.0676165706201333,-0.27568658700785725,0.33962264150943394
dist,≤50 km,so2_air_ton,offshore,storm,53,0.8011129299678199,0.6804045121386231,0.891510952845427,-16.78219809033598,0.5283018867924528
dist,≤50 km,so2_air_ton,offshore,after,53,1.0339382223039397,0.9621275739925887,1.0896706782393373,8.495364826925993,0.39622641509433965
dist,≤50 km,so2_air_ton,offshore_hold,prep,41,0.8036035353847589,0.5829312539573723,1.0466536392822297,-0.8552359210233779,0.34146341463414637
dist,≤50 km,so2_air_ton,offshore_hold,storm,41,0.583288149595743,0.3969860716300661,0.6949892015696107,-3.175994214228772,0.4878048780487805
dist,≤50 km,so2_air_ton,offshore_hold,after,41,1.3734009278532968,0.9620452810022989,2.2003846460062464,7.256561868962235,0.4146341463414634
dist,≤50 km,so2_air_ton,port,prep,78,1.0321649398777577,0.9523308362136421,1.0902178225195673,0.8705541885273196,0.46153846153846156
dist,≤50 km,so2_air_ton,port,storm,78,0.8874001838356862,0.7681230923259459,0.9755336066931315,-5.640778017997045,0.5512820512820513
dist,≤50 km,so2_air_ton,port,after,78,1.0048543737741729,0.8936020338997674,1.084720402197166,0.6520031488632566,0.46153846153846156
dist,≤50 km,so2_air_ton,total,prep,78,0.9841960947766898,0.929260713268593,1.0388919327022141,-1.6703413246129188,0.34615384615384615
dist,≤50 km,so2_air_ton,total,storm,78,0.7832306588838303,0.6835526925173341,0.8565448277189698,-39.43831708190951,0.5256410256410257
dist,≤50 km,so2_air_ton,total,after,78,1.0506670360951118,0.9699405438850426,1.1140562725575012,26.173645595496826,0.44871794871794873
dist,50–100 km,so2_air_ton,channel,prep,99,1.110855509810287,1.0554575699224857,1.1623933725416287,1.5460162854370094,0.35353535353535354
dist,50–100 km,so2_air_ton,channel,storm,99,0.5992733128781754,0.4846833210190552,0.7663982959950152,-7.9588902291191586,0.5656565656565656
dist,50–100 km,so2_air_ton,channel,after,99,1.0339969908301898,0.9558231675259338,1.1371507524033648,2.3356922134993043,0.5757575757575758
dist,50–100 km,so2_air_ton,offshore,prep,82,0.9344417342886162,0.8748158916976625,0.9997922704196366,-4.04283409626841,0.3902439024390244
dist,50–100 km,so2_air_ton,offshore,storm,82,0.7288914025998482,0.6266019760325062,0.831085400137246,-27.293734441373267,0.5121951219512195
dist,50–100 km,so2_air_ton,offshore,after,82,1.0363836884609057,0.9820716116273421,1.0924031947239639,11.203559089198768,0.47560975609756095
dist,50–100 km,so2_air_ton,offshore_hold,prep,52,0.875120099233033,0.7000227521856459,1.0941049850913933,-0.6233435751603618,0.40384615384615385
dist,50–100 km,so2_air_ton,offshore_hold,storm,52,0.5711402065868262,0.4862621327673384,0.726446484306268,-4.380739533418691,0.4807692307692308
dist,50–100 km,so2_air_ton,offshore_hold,after,52,1.3777883119493448,0.9714134058693417,1.6773289936665545,8.730732498230577,0.4423076923076923
dist,50–100 km,so2_air_ton,port,prep,99,1.0412558950487916,0.9422433890993991,1.1264194533551715,1.1459068125627672,0.42424242424242425
dist,50–100 km,so2_air_ton,port,storm,99,0.8461275850008391,0.675894867200474,1.0114293144614748,-5.778746061983088,0.5050505050505051
dist,50–100 km,so2_air_ton,port,after,99,1.0429032767205737,0.9680768372870188,1.1397711153677668,5.915452395633409,0.4444444444444444
dist,50–100 km,so2_air_ton,total,prep,99,0.962689129709311,0.9149767200235631,1.0159438130449268,-4.748058619940833,0.3939393939393939
dist,50–100 km,so2_air_ton,total,storm,99,0.7293971612248078,0.6381006570378408,0.8219828991954387,-53.701984129524455,0.5454545454545454
dist,50–100 km,so2_air_ton,total,after,99,1.0389246226389817,0.9919905002786725,1.0940764638726133,24.449807385862144,0.45454545454545453
dist,50–100 km,so2_air_ton,anchorage,prep,81,0.9723143336124113,0.8030494367926483,1.1153324805705511,-0.4579623305401382,0.345679012345679
dist,50–100 km,so2_air_ton,anchorage,storm,81,0.8110605205888564,0.6563848816684849,0.9736103634139989,-5.090274874603271,0.5679012345679012
dist,50–100 km,so2_air_ton,anchorage,after,85,1.0851672348223729,0.9585413160597807,1.1812732326675484,6.809489313342641,0.3764705882352941
dist,100–200 km,so2_air_ton,anchorage,prep,132,1.0086889272021502,0.8768027077459776,1.1298271453797226,0.23811269465515975,0.4166666666666667
dist,100–200 km,so2_air_ton,anchorage,storm,131,0.7239637722404431,0.5940038243226502,0.8692698472457547,-13.012035291860984,0.4198473282442748
dist,100–200 km,so2_air_ton,anchorage,after,132,1.1689883426671013,0.9846233507075819,1.3821647018128322,22.40201786481297,0.4166666666666667
dist,100–200 km,so2_air_ton,channel,prep,167,1.0264069929460968,0.9733084104204276,1.0836010789588333,0.6257819333287253,0.39520958083832336
dist,100–200 km,so2_air_ton,channel,storm,167,0.6475450723674684,0.5369573831890073,0.773627156055799,-13.4702055598743,0.6287425149700598
dist,100–200 km,so2_air_ton,channel,after,167,1.0529578190415203,1.0009219412813182,1.1085911107338062,6.349156809642752,0.46706586826347307
dist,100–200 km,so2_air_ton,offshore,prep,136,0.9571511953586215,0.9057948039876089,1.0153132623879557,-4.93039614167947,0.4117647058823529
dist,100–200 km,so2_air_ton,offshore,storm,136,0.7096675693629956,0.5902492974830901,0.8341325491224455,-47.38616538544642,0.5955882352941176
dist,100–200 km,so2_air_ton,offshore,after,136,1.0460937915884527,0.9728576605614642,1.1260168645623752,26.30650890979434,0.36764705882352944
dist,100–200 km,so2_air_ton,port,prep,167,0.9660103765405487,0.9199928306954803,1.010687624424486,-1.6916492208098415,0.38323353293413176
dist,100–200 km,so2_air_ton,port,storm,167,0.8158060184033623,0.6497604042747946,0.9495578415340198,-14.685282345077924,0.5089820359281437
dist,100–200 km,so2_air_ton,port,after,167,1.0263613077834515,0.960180795850685,1.0888091755088047,6.507548180909917,0.38922155688622756
dist,100–200 km,so2_air_ton,total,prep,167,0.9650171888932295,0.9271728382765011,1.0081007065493413,-7.845554686351077,0.3532934131736527
dist,100–200 km,so2_air_ton,total,storm,167,0.7229938052286085,0.6211174421736667,0.8165723876496342,-94.56261062025084,0.5508982035928144
dist,100–200 km,so2_air_ton,total,after,167,1.0458647553327263,0.982574666367034,1.1066390070644987,51.046563632445746,0.47305389221556887
dist,100–200 km,so2_air_ton,offshore_hold,prep,84,1.2473740752937523,0.852266835665024,1.6409547761911696,1.2365772367835703,0.4166666666666667
dist,100–200 km,so2_air_ton,offshore_hold,storm,83,0.8889250080616645,0.5888527329965928,1.199124642544583,-0.8806561745007113,0.5180722891566265
dist,100–200 km,so2_air_ton,offshore_hold,after,83,1.3458226396348263,0.9311069274935251,1.9377808958681797,8.324261722729169,0.3855421686746988
intensity,Hurricane ≥64 kt,so2_washwater_ton,anchorage,prep,19,2.649954294852518,0.5195980888998418,6.255478912294134,15.932402634074625,0.10526315789473684
intensity,Hurricane ≥64 kt,so2_washwater_ton,anchorage,storm,19,1.9068114275439236,0.26489516802754554,4.0509667704694925,10.448662557462796,0.2631578947368421
intensity,Hurricane ≥64 kt,so2_washwater_ton,anchorage,after,20,4.045737234107341,1.9193347144258854,8.063396931749379,145.84476138952343,0.55
intensity,Hurricane ≥64 kt,so2_washwater_ton,channel,prep,37,1.465726932680553,1.0192626739558526,2.042832291694373,7.3616564133345594,0.32432432432432434
intensity,Hurricane ≥64 kt,so2_washwater_ton,channel,storm,35,0.49362315645005467,0.29330815508155667,0.7342165418244379,-12.657445048639207,0.34285714285714286
intensity,Hurricane ≥64 kt,so2_washwater_ton,channel,after,38,1.6569045579459718,1.299446253597274,2.1070591867205426,52.676788901039316,0.42105263157894735
intensity,Hurricane ≥64 kt,so2_washwater_ton,offshore,prep,41,1.464274440801379,0.9525585084896425,1.8129699212255315,62.858437146458186,0.4634146341463415
intensity,Hurricane ≥64 kt,so2_washwater_ton,offshore,storm,42,0.6614604536655481,0.4571399970527116,0.9671769926096453,-73.14984565869295,0.4523809523809524
intensity,Hurricane ≥64 kt,so2_washwater_ton,offshore,after,44,1.3169768801896424,1.157210454847093,1.5937962046793461,209.36876231783867,0.3409090909090909
intensity,Hurricane ≥64 kt,so2_washwater_ton,port,prep,32,1.38870088744111,0.9283677893149037,1.9953908891223393,8.374438324929434,0.4375
intensity,Hurricane ≥64 kt,so2_washwater_ton,port,storm,29,0.5336036818138045,0.34278626290109754,0.7037759293269105,-12.356250908049244,0.4827586206896552
intensity,Hurricane ≥64 kt,so2_washwater_ton,port,after,32,2.3991980790455045,1.8773871566539577,3.6362615687240196,120.32645466005131,0.59375
intensity,Hurricane ≥64 kt,so2_washwater_ton,total,prep,59,1.390533950996145,0.8654906929425094,1.784152595631232,80.6533038517563,0.288135593220339
intensity,Hurricane ≥64 kt,so2_washwater_ton,total,storm,55,0.5978998464213379,0.41064359362311365,0.84204109972938,-132.86861588271572,0.34545454545454546
intensity,Hurricane ≥64 kt,so2_washwater_ton,total,after,55,1.3945865587940989,1.2398266857213482,1.6315056412068802,412.4476565378424,0.38181818181818183
intensity,Hurricane ≥64 kt,so2_washwater_ton,offshore_hold,prep,5,0.08045008846833808,0.01111290898547729,4.770390282677334,-3.910129379932644,0.6
intensity,Hurricane ≥64 kt,so2_washwater_ton,offshore_hold,storm,5,0.07386100087365716,0.0007067102372324667,3.1842863452214694,-5.524339254061146,0.4
intensity,Hurricane ≥64 kt,so2_washwater_ton,offshore_hold,after,9,1.0978143323066474,0.7581267357596351,3.842827377607959,2.9864425723265198,0.5555555555555556
intensity,Strong TS 50–63 kt,so2_washwater_ton,offshore,prep,33,1.2566810029644684,0.8066512227439393,1.8931657256795804,28.293993498545998,0.2727272727272727
intensity,Strong TS 50–63 kt,so2_washwater_ton,offshore,storm,36,0.8786500877471554,0.7193117603244411,1.3225898925787174,-24.04922913717685,0.4444444444444444
intensity,Strong TS 50–63 kt,so2_washwater_ton,offshore,after,37,1.1868875312116998,0.9732899165946542,1.6030626213538275,110.56338441034123,0.4864864864864865
intensity,Strong TS 50–63 kt,so2_washwater_ton,total,prep,42,1.5599663737880585,0.9623610617741604,2.842570591398341,90.52953164395353,0.2857142857142857
intensity,Strong TS 50–63 kt,so2_washwater_ton,total,storm,45,0.8826246451609017,0.6571996691838932,1.4162511345643416,-33.11182687958081,0.35555555555555557
intensity,Strong TS 50–63 kt,so2_washwater_ton,total,after,46,1.2883331596715843,0.9835507315084197,1.7996566774697547,275.6924758559346,0.41304347826086957
intensity,Strong TS 50–63 kt,so2_washwater_ton,channel,prep,28,1.8289763843347626,1.3935379729215644,2.616481646781782,7.541836928773368,0.25
intensity,Strong TS 50–63 kt,so2_washwater_ton,channel,storm,31,0.7807935036562124,0.44274625274520196,1.6155771121589682,-3.6166049134353484,0.2903225806451613
intensity,Strong TS 50–63 kt,so2_washwater_ton,channel,after,35,1.555387182959654,1.2194044600911855,2.190112338964788,29.95361757954253,0.42857142857142855
intensity,Strong TS 50–63 kt,so2_washwater_ton,port,prep,24,0.8928720228046381,0.3690213678989906,2.223507870840521,-3.321945198893424,0.2916666666666667
intensity,Strong TS 50–63 kt,so2_washwater_ton,port,storm,26,0.3775917526190539,0.23299297957426057,0.7743583366177643,-32.32224549900169,0.4230769230769231
intensity,Strong TS 50–63 kt,so2_washwater_ton,port,after,28,2.2024359375376417,1.4806614966208596,3.3210012121531878,149.58163595304407,0.6071428571428571
intensity,Strong TS 50–63 kt,so2_washwater_ton,offshore_hold,prep,7,15.005145209535868,0.5998862993858123,40.28445624794031,2.636419756517085,0.8571428571428571
intensity,Strong TS 50–63 kt,so2_washwater_ton,offshore_hold,storm,8,6.664733486144917,2.014392486518006,8.08851139127294,1.812482132140876,0.5
intensity,Strong TS 50–63 kt,so2_washwater_ton,offshore_hold,after,9,18.188338329998786,3.6574720938200422,58.35696199703008,24.836074392958995,0.5555555555555556
intensity,Strong TS 50–63 kt,so2_washwater_ton,anchorage,prep,17,2.567101091939085,0.9216191947181072,5.247518936165707,14.855821682652413,0.29411764705882354
intensity,Strong TS 50–63 kt,so2_washwater_ton,anchorage,storm,17,2.826550229083346,0.41965353549591083,6.054664888010095,10.419324811602477,0.4117647058823529
intensity,Strong TS 50–63 kt,so2_washwater_ton,anchorage,after,21,1.337416606378728,0.7944087201009304,11.814055577878353,26.94203561679826,0.42857142857142855
intensity,Tropical storm <50 kt,so2_washwater_ton,offshore,prep,137,1.1115770739390056,0.9984957375294827,1.2575082893997456,52.4178382170483,0.34306569343065696
intensity,Tropical storm <50 kt,so2_washwater_ton,offshore,storm,138,1.0019699617100128,0.8743071094009252,1.1433783924562728,1.2006247257989298,0.32608695652173914
intensity,Tropical storm <50 kt,so2_washwater_ton,offshore,after,139,1.2078739144679065,1.110420912949167,1.3195676297016046,463.1205742501533,0.302158273381295
intensity,Tropical storm <50 kt,so2_washwater_ton,total,prep,178,1.13451742483195,1.0279462361867526,1.2623742611309858,94.20545276192097,0.29213483146067415
intensity,Tropical storm <50 kt,so2_washwater_ton,total,storm,178,1.0147265860210635,0.8684830804107813,1.1650098827663056,14.370558310520643,0.3258426966292135
intensity,Tropical storm <50 kt,so2_washwater_ton,total,after,180,1.2080211430093037,1.096266830201564,1.3452688946349665,712.3608571006422,0.35
intensity,Tropical storm <50 kt,so2_washwater_ton,anchorage,prep,46,3.184099747953271,1.7495917007990163,7.704700323359303,26.815963016383503,0.32608695652173914
intensity,Tropical storm <50 kt,so2_washwater_ton,anchorage,storm,51,3.3515148247878233,1.4944391310555278,5.74150483722841,51.338535661205476,0.3333333333333333
intensity,Tropical storm <50 kt,so2_washwater_ton,anchorage,after,56,3.744902606960086,2.163559828170554,5.690111177745472,191.22277073342624,0.42857142857142855
intensity,Tropical storm <50 kt,so2_washwater_ton,channel,prep,88,1.151774245542585,0.9751758378279811,1.367553013667462,4.6555546586389855,0.2840909090909091
intensity,Tropical storm <50 kt,so2_washwater_ton,channel,storm,99,1.1936022515333975,0.8992566923930609,1.4654700558798857,8.886332868013648,0.36363636363636365
intensity,Tropical storm <50 kt,so2_washwater_ton,channel,after,109,1.6135166072162326,1.401879273158076,1.9014347479032714,89.12471486971283,0.44036697247706424
intensity,Tropical storm <50 kt,so2_washwater_ton,offshore_hold,prep,29,3.312704355484385,1.196924177658353,6.312964345918897,8.106096627198228,0.3793103448275862
intensity,Tropical storm <50 kt,so2_washwater_ton,offshore_hold,storm,29,1.1513166338678604,0.35225828300169937,1.6757461024374063,1.350317328025048,0.4827586206896552
intensity,Tropical storm <50 kt,so2_washwater_ton,offshore_hold,after,37,3.302673500092752,1.0023566919075935,9.61964673470344,68.8510954063253,0.4594594594594595
intensity,Tropical storm <50 kt,so2_washwater_ton,port,prep,89,1.4836045859627331,1.136254274532784,1.7822154971009898,31.82217246130235,0.34831460674157305
intensity,Tropical storm <50 kt,so2_washwater_ton,port,storm,95,1.2355198248401036,0.9597583599983794,1.5291917479664925,27.115159890729245,0.4
intensity,Tropical storm <50 kt,so2_washwater_ton,port,after,111,1.505807417695468,1.2852844437391835,1.9664023917098634,209.53709084913442,0.46846846846846846
dist,≤50 km,so2_washwater_ton,channel,prep,31,1.375115638341651,1.0385946740865364,2.0976075173689046,3.8477708242705875,0.2903225806451613
dist,≤50 km,so2_washwater_ton,channel,storm,33,1.1970850961605903,0.8267959001386339,1.4262555765619318,3.7723221954223423,0.2727272727272727
dist,≤50 km,so2_washwater_ton,channel,after,33,1.6961805260842453,1.4241379090913249,2.1670955097713707,32.990032491010346,0.48484848484848486
dist,≤50 km,so2_washwater_ton,offshore,prep,43,1.17202357690972,0.9486607677166561,1.3599126530349972,23.78740324569141,0.32558139534883723
dist,≤50 km,so2_washwater_ton,offshore,storm,47,1.0202612978905765,0.898031916990339,1.2427462914930885,4.713208656962194,0.3191489361702128
dist,≤50 km,so2_washwater_ton,offshore,after,47,1.2352420882970092,1.082759439159826,1.426761566349789,155.02767797801974,0.425531914893617
dist,≤50 km,so2_washwater_ton,offshore_hold,prep,11,2.1872601072340383,0.0,6.774046285957248,0.7670611995322106,0.7272727272727273
dist,≤50 km,so2_washwater_ton,offshore_hold,storm,14,2.1597689464017376,1.8824383067050934,32.7301260803887,3.7108748418997397,0.6428571428571429
dist,≤50 km,so2_washwater_ton,offshore_hold,after,13,4.8874122486505005,2.927033756490926,14.798197234075415,52.12276624504961,0.46153846153846156
dist,≤50 km,so2_washwater_ton,total,prep,61,1.1600046737907266,0.9730608826141315,1.3287898664814015,36.028405192276765,0.2459016393442623
dist,≤50 km,so2_washwater_ton,total,storm,61,0.9049182016282463,0.7459207254534519,1.0259805901689971,-41.064699908870665,0.26229508196721313
dist,≤50 km,so2_washwater_ton,total,after,64,1.2288873262130005,1.0632749238948278,1.5145557184517366,262.1451241153909,0.40625
dist,≤50 km,so2_washwater_ton,port,prep,32,1.5000897068701613,0.8766225978823747,2.1858004013049834,15.759619813424543,0.3125
dist,≤50 km,so2_washwater_ton,port,storm,34,0.9891846434122734,0.5330873554199139,1.4445674048656845,-0.7058764652137621,0.38235294117647056
dist,≤50 km,so2_washwater_ton,port,after,38,1.331431510152283,1.0212318069637816,2.501184563428737,60.275709008303494,0.47368421052631576
dist,≤50 km,so2_washwater_ton,anchorage,prep,16,10.75006728844412,1.50680495475285,33.102706515524176,10.160337451335295,0.25
dist,≤50 km,so2_washwater_ton,anchorage,storm,17,2.665054387887358,2.2989660400094976,8.172312355509632,14.537500573912958,0.23529411764705882
dist,≤50 km,so2_washwater_ton,anchorage,after,21,5.945178000848044,3.613234800501209,20.955449027396146,72.06818829381699,0.47619047619047616
dist,50–100 km,so2_washwater_ton,offshore,prep,63,1.191437054828006,0.9289823584061002,1.5407478771899814,41.079861446482404,0.38095238095238093
dist,50–100 km,so2_washwater_ton,offshore,storm,64,0.8286119155436115,0.7003777057833156,1.0210727106673365,-53.72992937867333,0.375
dist,50–100 km,so2_washwater_ton,offshore,after,63,1.2287528835250727,1.0670076159656061,1.5096917712713938,238.89018944211412,0.36507936507936506
dist,50–100 km,so2_washwater_ton,total,prep,82,1.3741538108410458,1.0856493521893174,1.7898085175507732,123.90660416901112,0.2682926829268293
dist,50–100 km,so2_washwater_ton,total,storm,78,0.8861094909177161,0.7317369068739318,1.1576171247463551,-54.84356351461141,0.2948717948717949
dist,50–100 km,so2_washwater_ton,total,after,77,1.318227859791423,1.1030704854384585,1.62531767711848,540.8101164347541,0.35064935064935066
dist,50–100 km,so2_washwater_ton,channel,prep,43,1.4366554779453722,1.1715583462526635,1.924883971263394,7.781236555637348,0.23255813953488372
dist,50–100 km,so2_washwater_ton,channel,storm,46,0.65040349142535,0.4167210525011186,1.233640615166879,-9.657479035513873,0.3695652173913043
dist,50–100 km,so2_washwater_ton,channel,after,53,1.7038668400169918,1.454363082270029,2.3186372744378314,62.78752697433923,0.5094339622641509
dist,50–100 km,so2_washwater_ton,port,prep,41,1.6142119457556583,0.9987841960927921,2.2418881100824937,21.761016800679357,0.3902439024390244
dist,50–100 km,so2_washwater_ton,port,storm,40,1.0697983669621087,0.8532560714767159,1.4031034077604843,3.0236954620391217,0.525
dist,50–100 km,so2_washwater_ton,port,after,45,2.0871745559483688,1.584628727435163,2.9602277881981687,202.56983032025062,0.5111111111111111
dist,50–100 km,so2_washwater_ton,anchorage,prep,27,3.4714742210763547,2.2840668722346007,5.460514363636352,29.87565723871816,0.2962962962962963
dist,50–100 km,so2_washwater_ton,anchorage,storm,29,4.585033679224658,2.1519118588793646,8.878930278663569,41.28146166000701,0.41379310344827586
dist,50–100 km,so2_washwater_ton,anchorage,after,30,2.8314375818548885,1.307102528697004,6.241765259852908,173.22081095250002,0.4666666666666667
dist,50–100 km,so2_washwater_ton,offshore_hold,prep,11,8.108323848098088,3.4130990865148125,19.848385475503072,9.930891162687619,0.45454545454545453
dist,50–100 km,so2_washwater_ton,offshore_hold,storm,10,0.8984124991585236,0.7226028731486693,2.0984230981848246,-0.34541197671435947,0.3
dist,50–100 km,so2_washwater_ton,offshore_hold,after,16,11.793666955100347,5.2002018940458,33.37182595284992,54.84615682107934,0.5
dist,100–200 km,so2_washwater_ton,offshore,prep,105,1.2170850331338998,1.0116862053448048,1.4402105868594133,78.70300416987867,0.3523809523809524
dist,100–200 km,so2_washwater_ton,offshore,storm,105,0.9016299010845319,0.7298628660726338,1.1552136192257454,-46.98172934835975,0.3904761904761905
dist,100–200 km,so2_washwater_ton,offshore,after,110,1.2190230904308386,1.0972418895801421,1.349173014307349,389.1348535581994,0.2909090909090909
dist,100–200 km,so2_washwater_ton,total,prep,136,1.205892700315021,1.0102336979905069,1.4356361119408712,105.45327889634294,0.3235294117647059
dist,100–200 km,so2_washwater_ton,total,storm,139,0.9174703125752327,0.7108815074841056,1.200826158833896,-55.701621028293815,0.38848920863309355
dist,100–200 km,so2_washwater_ton,total,after,140,1.2315042778474794,1.096453733006176,1.417694068537444,597.5457489442742,0.35714285714285715
dist,100–200 km,so2_washwater_ton,anchorage,prep,39,1.960870652568437,0.5417514329297072,3.3966353830723564,17.56819264305708,0.2564102564102564
dist,100–200 km,so2_washwater_ton,anchorage,storm,41,1.8710756836654132,0.7283785074498614,3.478735896652323,16.387560796350773,0.3170731707317073
dist,100–200 km,so2_washwater_ton,anchorage,after,46,2.3453938774718863,1.4237571864311687,3.888018261682041,118.7205684934309,0.43478260869565216
dist,100–200 km,so2_washwater_ton,channel,prep,79,1.2883531094063336,0.9820947747910883,1.679795378556337,7.930040620838975,0.31645569620253167
dist,100–200 km,so2_washwater_ton,channel,storm,86,0.9630179479499523,0.6812672968657502,1.2517066740926994,-1.502560253969376,0.36046511627906974
dist,100–200 km,so2_washwater_ton,channel,after,96,1.5320557109090003,1.350582346599238,1.759191410377068,75.97756188494512,0.375
dist,100–200 km,so2_washwater_ton,offshore_hold,prep,19,0.34507927095414853,0.038172803425486054,1.3257045103252094,-3.8655653584371596,0.3684210526315789
dist,100–200 km,so2_washwater_ton,offshore_hold,storm,18,0.334753989976593,0.046019835047116216,2.453496292072743,-5.727002659080602,0.4444444444444444
dist,100–200 km,so2_washwater_ton,offshore_hold,after,26,0.7627140086767021,0.17206605031731725,5.631456482258395,-10.295310694518127,0.5
dist,100–200 km,so2_washwater_ton,port,prep,72,0.9874356751752207,0.5702759402316274,1.5945924276706633,-0.6459710267655381,0.3611111111111111
dist,100–200 km,so2_washwater_ton,port,storm,76,0.7660115520965506,0.40399871113683333,1.4185236527644534,-19.88115551314705,0.3815789473684211
dist,100–200 km,so2_washwater_ton,port,after,88,1.844553228073542,1.5097900654048473,2.2341615282153855,216.59964213367567,0.5340909090909091
intensity,Hurricane ≥64 kt,port_calls,port,prep,52,0.8192060401053821,0.6627931290676569,0.9620181749814264,-98.42957957515404,0.5192307692307693
intensity,Hurricane ≥64 kt,port_calls,port,storm,52,0.46086704499314374,0.3008326032724838,0.6117076401099646,-431.6647557225308,0.7307692307692307
intensity,Hurricane ≥64 kt,port_calls,port,after,56,1.0606487071470851,0.8638744064693469,1.22791505602508,162.62210283577969,0.5714285714285714
intensity,Strong TS 50–63 kt,port_calls,port,prep,42,0.9407081856299182,0.8749783077478211,1.0022047211175407,-24.140073670704798,0.38095238095238093
intensity,Strong TS 50–63 kt,port_calls,port,storm,43,0.6884857780670638,0.5573593472648345,0.8743655086106683,-201.79842112665432,0.5813953488372093
intensity,Strong TS 50–63 kt,port_calls,port,after,44,1.0841687483732554,1.0309293211730377,1.1442335986194816,174.83258175535835,0.3409090909090909
intensity,Tropical storm <50 kt,port_calls,port,prep,172,1.0268594292371087,0.9672378809843519,1.0839782905385404,44.074326997368985,0.36627906976744184
intensity,Tropical storm <50 kt,port_calls,port,storm,174,0.7735004440029247,0.6530722628459414,0.9095226233548839,-594.7257067486836,0.47701149425287354
intensity,Tropical storm <50 kt,port_calls,port,after,177,1.0789487531603363,1.032992387552008,1.1296662885445508,649.0349411693694,0.4463276836158192
dist,≤50 km,port_calls,port,prep,62,0.9615585496211801,0.889219431602154,1.0350044645306462,-23.42726808561266,0.3548387096774194
dist,≤50 km,port_calls,port,storm,63,0.734777582407641,0.5971734860674989,0.85146404012,-267.8293929554752,0.5555555555555556
dist,≤50 km,port_calls,port,after,63,1.1063231744521165,1.0303488168818435,1.175835447118999,319.35687226235075,0.4603174603174603
dist,50–100 km,port_calls,port,prep,72,1.0046695085333601,0.9316361893341044,1.0850721615716516,3.1698033957462295,0.375
dist,50–100 km,port_calls,port,storm,72,0.599691059417437,0.4902271818648633,0.7570215705700106,-360.46364960747763,0.5833333333333334
dist,50–100 km,port_calls,port,after,75,1.0216525044684546,0.8826810131043465,1.1549999550505725,72.82124306279431,0.4266666666666667
dist,100–200 km,port_calls,port,prep,132,0.955347208300619,0.871298905625358,1.0451655523895087,-58.23786155862341,0.4318181818181818
dist,100–200 km,port_calls,port,storm,134,0.7227704635043772,0.5859032732756382,0.8634292855424178,-599.8958410349159,0.5149253731343284
dist,100–200 km,port_calls,port,after,139,1.0898744151298272,1.0488398047042478,1.1349095037043089,594.3115104353624,0.4676258992805755
intensity,Hurricane ≥64 kt,vessels_present,port,prep,59,0.9611944099128565,0.8610095205817573,1.0296595467796172,-67.13906744502454,0.576271186440678
intensity,Hurricane ≥64 kt,vessels_present,port,storm,59,0.5689866192234134,0.4347511169892895,0.6676975919429848,-1074.9075051303232,0.7627118644067796
intensity,Hurricane ≥64 kt,vessels_present,port,after,61,1.117234474273927,1.0037054730345996,1.2391670957412166,983.1148382583118,0.5737704918032787
intensity,Strong TS 50–63 kt,vessels_present,port,prep,48,0.9498892686750648,0.9082788748932038,0.9973197892941049,-63.83268755919896,0.2708333333333333
intensity,Strong TS 50–63 kt,vessels_present,port,storm,48,0.7947081889671044,0.758198822308535,0.8506466553005361,-424.9421785725325,0.5416666666666666
intensity,Strong TS 50–63 kt,vessels_present,port,after,49,1.0516043625910774,0.9883528687482283,1.1204097015445647,332.0704383475555,0.4489795918367347
intensity,Tropical storm <50 kt,vessels_present,port,prep,197,1.0042791201129604,0.9589905844132096,1.0473809135829837,23.17496583198264,0.3604060913705584
intensity,Tropical storm <50 kt,vessels_present,port,storm,198,0.8492489296752297,0.7079169172708731,0.9558509042539282,-1314.8243570028267,0.4444444444444444
intensity,Tropical storm <50 kt,vessels_present,port,after,200,1.0292616273291912,0.9798792491145932,1.073226255452171,785.9966691553426,0.37
dist,≤50 km,vessels_present,port,prep,70,0.9890930086720281,0.9539761200536869,1.0218117786721541,-22.396376471058804,0.38571428571428573
dist,≤50 km,vessels_present,port,storm,70,0.8143746301000769,0.7496747355564742,0.8798539816236647,-637.3093107976666,0.4714285714285714
dist,≤50 km,vessels_present,port,after,72,1.055406732972808,0.9807417787269037,1.1245994369242553,562.7259635369701,0.4583333333333333
dist,50–100 km,vessels_present,port,prep,85,1.0292289079012016,0.9737953732630178,1.074661994986268,61.795877578595665,0.32941176470588235
dist,50–100 km,vessels_present,port,storm,86,0.7689420833983347,0.6533043885344048,0.9059316756281334,-631.6259067916061,0.4883720930232558
dist,50–100 km,vessels_present,port,after,87,1.0727134856300125,1.0010799442434624,1.152940413353058,759.1878446254857,0.3793103448275862
dist,100–200 km,vessels_present,port,prep,149,0.9653834676879197,0.9176326749767054,1.0157146637384964,-147.1962902797777,0.4228187919463087
dist,100–200 km,vessels_present,port,storm,149,0.7828633889338671,0.647583773501825,0.8981989863590175,-1545.7388231164093,0.5637583892617449
dist,100–200 km,vessels_present,port,after,151,1.0369588829814982,0.9882234486999968,1.079941789784656,779.2681375987543,0.4304635761589404
