vclass,measure,intensity,n,loss,moved_pct,rec10_pct,rec10_lo,rec10_hi,rec20_pct,rec20_lo,rec20_hi,rec30_pct,rec30_lo,rec30_hi,rec45_pct,rec45_lo,rec45_hi
all,co2_ton,Hurricane ≥64 kt,57,129736.72237271848,5.090642254844568,34.147779911473144,-26.34695924733362,111.14446367598407,75.45316285306617,-6.579530360351386,168.44515120361024,93.85846201536745,15.286339674133828,189.4754213772679,132.7613371557839,53.78990925588623,232.8544441631255
all,co2_ton,Strong TS 50–63 kt,46,67526.35161684388,12.844341522873545,9.933728382320588,-39.77447908039628,60.68847874931248,-29.177132194125527,-132.45234225687966,90.67948878304662,-37.432064585336974,-161.86219743573878,158.40848997205805,-61.36446266491697,-216.8622019098835,185.45704115672103
all,co2_ton,Tropical storm <50 kt,145,181272.22187480226,11.136096833466684,9.016313872305334,-79.20983807415354,70.32070449928996,40.258182939282335,-89.08550362999902,135.72668364232518,62.971785260546014,-117.95695342192627,202.7490642517811,118.17063284405215,-124.66708647875724,309.4992916549991
all,hours,Hurricane ≥64 kt,47,70303.04134512808,4.167652144774978,15.879485433709167,-35.327278198439984,90.9064489076247,50.51629742403731,-5.90315464672538,132.80739199950887,79.83141155977599,16.586580159579636,181.28087406782188,126.68973509457506,56.571745212570335,233.54845884879208
all,hours,Strong TS 50–63 kt,37,29580.11528367421,12.787155686071713,-13.17978688396672,-62.8421132110809,45.633793095494,-88.817693945606,-186.06105710760622,27.30868044083187,-103.67508741887423,-223.57948021723183,87.3393112448662,-140.29718971659645,-294.4281437498669,163.51144348393717
all,hours,Tropical storm <50 kt,129,80186.22409842758,16.843350004260394,-29.550759514134224,-126.73384174313954,36.4496793429025,-14.712679260097904,-120.19237656771891,67.34705211558608,-8.39024143267172,-140.63734061692222,105.70624826388892,-2.7486306485421776,-171.43146945094466,137.7931171081731
cargo,co2_ton,Hurricane ≥64 kt,48,39645.42302084091,2.2588249670447658,31.407426394156843,-36.68295990970978,108.8807886763262,64.28055812751312,-27.097292780762977,158.88840522294055,67.82493455752861,-49.86330515603814,172.84697489662815,112.73207124366141,-17.406586051199334,227.05521830670935
cargo,co2_ton,Strong TS 50–63 kt,40,21910.469400736016,5.950920894057849,13.0726411883729,-76.17464765840175,67.4171693559917,-21.510295902541728,-188.53158183305328,89.48799883139719,-24.67227566514478,-212.81986794124668,127.16423801946486,-48.12134771191527,-266.15876644579123,145.51109613536332
cargo,co2_ton,Tropical storm <50 kt,144,53428.66475483237,7.5485915723672,5.59871582503813,-63.387793209093935,77.32844159189139,-2.005868841248927,-129.59995154622243,114.04248509972751,-43.70320576984953,-205.76370001265963,99.0724296897586,-76.56701722677327,-289.3900652011629,118.87680498858894
cargo,hours,Hurricane ≥64 kt,50,17773.437923846395,7.999016743894096,107.29160823448085,66.65624565004563,154.94618265961137,223.32417713806353,102.975385771706,373.535921627447,318.82407556890894,96.07383581120503,591.9933913185167,444.01597152700356,119.81528297252598,853.3856252410942
cargo,hours,Strong TS 50–63 kt,37,8801.085152919642,10.37649475421492,38.909650606012626,-73.2042588118743,118.67784875784766,-1.7318042795861546,-239.1084530030843,187.7204572319137,-27.326715565287234,-278.44973612446626,270.667029623383,-121.20884451327483,-415.68615380338656,267.6817943131327
cargo,hours,Tropical storm <50 kt,130,30584.386672443878,14.51451023123352,-28.000508624463745,-72.64265869382571,16.494644843836316,-38.81209659647112,-114.50364941544855,29.304705666985047,-70.26851119779546,-188.77076339594356,27.972243478848043,-134.6677366805127,-345.7416010570845,22.156158636604548
other,co2_ton,Hurricane ≥64 kt,46,22317.668879172805,4.612268250295003,-6.380826670613367,-110.59675599116554,116.73933714455431,-14.708255391896772,-151.1007545706862,141.64831751461097,-3.7688605334671537,-190.51443147291,215.64564595791157,35.78044932153432,-197.04495070718318,318.6973818708116
other,co2_ton,Strong TS 50–63 kt,35,14261.491649282816,20.27555265991934,-7.325116973728671,-40.89048249115737,60.28779581334845,-36.92599251144574,-99.42185489007541,113.63063674439672,-25.43461693198369,-115.44108661088835,209.01813323261786,-29.007638066130898,-141.87485227468267,251.44350548802916
other,co2_ton,Tropical storm <50 kt,147,31740.1200497301,15.691496261928755,-28.39272103451825,-84.50845316650401,21.188865147111734,-19.734246432884813,-116.2044890926966,68.12880298168442,-15.4202934642801,-162.59431612191847,158.12522356219893,-6.342882796077036,-217.7546023169065,219.86378393192126
other,hours,Hurricane ≥64 kt,47,38928.78919277723,4.939250206131446,-65.71010635504537,-112.83765805576307,16.289292117958567,-82.7286286538618,-148.8768914767433,38.429137516590586,-93.65051489440046,-183.449686965566,68.54498518324985,-90.2582832840043,-206.85992835302937,110.40792139363444
other,hours,Strong TS 50–63 kt,28,17912.342137893236,9.136949036060244,-62.20764119587595,-137.26667077005075,-3.1158152875186405,-155.9572241212472,-316.4240332535557,-25.594613895035916,-177.8277312663188,-370.0007459190692,13.439012641391674,-208.18809967693207,-472.12470577103323,92.89352156771132
other,hours,Tropical storm <50 kt,126,37764.1010327474,18.47099200152218,-88.08644169048995,-145.11551240115458,-39.77851238840392,-126.36391056956376,-224.03198334254998,-48.92307975671279,-139.43871183208145,-262.9244227049703,-14.946690766980609,-165.65413240655536,-327.79149626077395,3.4911158838056955
tanker,co2_ton,Hurricane ≥64 kt,58,66765.62684491089,10.123345637917547,31.16921435829343,-20.004191040357465,101.70165189432237,72.33709808919649,4.4943748833016395,167.43045046803664,85.21729706984443,-6.0685343083886485,195.34940511607118,101.8725793355805,-40.62470321640575,235.81854498110056
tanker,co2_ton,Strong TS 50–63 kt,39,31001.879227737805,22.13094439008469,0.5773958959379004,-61.280163169273514,64.1268995442838,-32.538521906102005,-165.75751189251812,121.35443706336497,-49.95226062723319,-217.7775864531287,206.0344526887305,-98.18330089116213,-333.7705212681779,244.16212795305543
tanker,co2_ton,Tropical storm <50 kt,140,113120.56243794208,12.589839308548347,-1.7827979005789856,-115.86255660772392,54.655388839619214,37.04031519992391,-99.19235403875624,119.5920513645973,75.83814654998734,-109.69014820229152,186.18767244852933,151.42566935960787,-82.23412510089784,294.2206249434927
tanker,hours,Hurricane ≥64 kt,57,16478.141299868163,13.07753512353122,62.0237185265625,6.314357675320495,140.31220183286464,117.33852501402687,35.036827651301074,248.8620332081319,134.97061894236822,9.833078210703363,303.7024783871781,138.7270472769074,-71.7008122257579,379.85553088417504
tanker,hours,Strong TS 50–63 kt,36,7066.112033175883,24.089812226264737,-18.258145115951567,-74.09061942506551,54.63025452517438,-54.26188017927018,-180.92500829197243,108.91710907547427,-86.39259912284986,-234.54947495830902,136.93090027034103,-159.88630567760924,-334.32659289080937,99.62444835434815
tanker,hours,Tropical storm <50 kt,138,30142.83165602811,17.597549478789063,4.040557401325233,-132.12078831446925,74.61115311307934,55.3367162635197,-78.7817438336164,140.12196570812966,92.2072718513138,-66.39012633867704,190.88442691665998,141.63603793438654,-51.278784168717614,258.30237902643506
