intensity,window,measure,ratio,lo,hi
Hurricane ≥64 kt,after,hours,1.0401689466503672,0.9725779445965839,1.1090686347659002
Hurricane ≥64 kt,after,co2,1.0772905977390008,0.9660585252830146,1.197850200654533
Hurricane ≥64 kt,after,nox,1.055888931105635,0.9324476829327236,1.1919033956196263
Hurricane ≥64 kt,after,pm25,1.0714748983723252,0.9582219979969958,1.2045004679416829
Hurricane ≥64 kt,event30,hours,1.0120346688948147,0.9796035704586394,1.0436534807921538
Hurricane ≥64 kt,event30,co2,1.0168718683389626,0.9668877742238129,1.0786661968047833
Hurricane ≥64 kt,event30,nox,1.001490537759425,0.9437717963445159,1.063655375521213
Hurricane ≥64 kt,event30,pm25,1.0141476537900052,0.9588441841587126,1.0764163723476534
Hurricane ≥64 kt,prep,hours,0.9772308967850413,0.9053420060814535,1.0250879266309605
Hurricane ≥64 kt,prep,co2,0.9806781735214841,0.8788954801978845,1.066573614910634
Hurricane ≥64 kt,prep,nox,0.9958141256902954,0.8948407344486976,1.090655083438867
Hurricane ≥64 kt,prep,pm25,0.9990488761548977,0.9067143067806909,1.0970306285032285
Hurricane ≥64 kt,storm,hours,0.65470564637257,0.5011945443084699,0.8101306434907147
Hurricane ≥64 kt,storm,co2,0.47105590776150985,0.3468354040929742,0.5929688742007175
Hurricane ≥64 kt,storm,nox,0.44595558078176234,0.32562664368119293,0.5713882600021336
Hurricane ≥64 kt,storm,pm25,0.4594613086539321,0.33978015831840985,0.5834358213256283
Strong TS 50–63 kt,after,hours,1.0070325733735181,0.9623896148566057,1.0452001031183165
Strong TS 50–63 kt,after,co2,1.022302680913829,0.9742476136987518,1.0720248806382882
Strong TS 50–63 kt,after,nox,1.0207697092968913,0.9557661046481354,1.0792713229309132
Strong TS 50–63 kt,after,pm25,1.0292525034276212,0.9702809639449067,1.09016955635919
Strong TS 50–63 kt,event30,hours,0.9686407104482255,0.9334069318939492,1.0028196804702751
Strong TS 50–63 kt,event30,co2,0.9604769862666452,0.9178151364154515,1.0174081037743348
Strong TS 50–63 kt,event30,nox,0.9569128720568176,0.9113469677870373,1.0151805952432251
Strong TS 50–63 kt,event30,pm25,0.965696584295599,0.9207220986204725,1.025573609215822
Strong TS 50–63 kt,prep,hours,0.941665232736382,0.8733767795916035,0.978130805903351
Strong TS 50–63 kt,prep,co2,0.9113968691963557,0.8564389187399588,0.9439840466779271
Strong TS 50–63 kt,prep,nox,0.9062248808517394,0.8449274395877385,0.9457811842063746
Strong TS 50–63 kt,prep,pm25,0.9178904924246172,0.8604892424209473,0.9538689321407138
Strong TS 50–63 kt,storm,hours,0.9159384618899531,0.8090818803782232,0.966853362019174
Strong TS 50–63 kt,storm,co2,0.7336611502530068,0.6688595386657643,0.770412059306321
Strong TS 50–63 kt,storm,nox,0.6778962890367829,0.6294009589564873,0.7382372232002542
Strong TS 50–63 kt,storm,pm25,0.7035887160254848,0.6480159273711328,0.7499142600285515
Tropical storm <50 kt,after,hours,1.029441151878264,0.9754471047180137,1.0807861963515628
Tropical storm <50 kt,after,co2,1.037738130251944,0.9731109913489939,1.1008016632372726
Tropical storm <50 kt,after,nox,1.020873488545596,0.9652430509185739,1.0706581285478947
Tropical storm <50 kt,after,pm25,1.032623770217003,0.9769872371535779,1.0838295246511553
Tropical storm <50 kt,event30,hours,1.0240352806673432,0.9917281413034038,1.0588997202226822
Tropical storm <50 kt,event30,co2,1.022731194611465,0.9857290941185121,1.0587952479235911
Tropical storm <50 kt,event30,nox,1.0033636876713936,0.9677889513114648,1.0394957948444647
Tropical storm <50 kt,event30,pm25,1.016352569198892,0.9841186360994328,1.0535683172227792
Tropical storm <50 kt,prep,hours,0.9810456707302947,0.945236701349787,1.0216330033815282
Tropical storm <50 kt,prep,co2,0.9819138894356122,0.9454372574600796,1.0271227637532454
Tropical storm <50 kt,prep,nox,0.9776550668138289,0.9403850559505269,1.0276877250616963
Tropical storm <50 kt,prep,pm25,0.9847275330810327,0.9466409450801273,1.0322627325595368
Tropical storm <50 kt,storm,hours,0.9400086268282895,0.8855089090111568,0.997183107054389
Tropical storm <50 kt,storm,co2,0.8228070016260223,0.7444716068350757,0.90724168203376
Tropical storm <50 kt,storm,nox,0.8122421706106429,0.732616228617152,0.89679104160131
Tropical storm <50 kt,storm,pm25,0.819286868926784,0.737436979151177,0.8965614979523889
All events,after,hours,1.0281942633344012,0.9918279119157659,1.062644958214643
All events,after,co2,1.043404170659682,0.9947125014004112,1.0909200253420768
All events,after,nox,1.0284149245460261,0.9811085529045448,1.0747263339374147
All events,after,pm25,1.0403435489825863,0.9958804538288742,1.0865411117117307
All events,event30,hours,1.0121485381785158,0.98927902067548,1.0329420805702043
All events,event30,co2,1.0111292511604266,0.9845540827344103,1.0410195491044323
All events,event30,nox,0.9953244537505577,0.9679346066349609,1.0215364387501795
All events,event30,pm25,1.0075186313468658,0.9813170335351179,1.0330239791410605
All events,prep,hours,0.9737852958985466,0.9452478333264352,1.0005682154228388
All events,prep,co2,0.969964059314623,0.9365556575308406,1.009668975419268
All events,prep,nox,0.9700472491110671,0.9284145267830849,1.0107894601510163
All events,prep,pm25,0.9768920063648987,0.9385513960351984,1.01651589075299
All events,storm,hours,0.8755343408216476,0.8130394255808145,0.9329832500444417
All events,storm,co2,0.7393421623373487,0.66728720259927,0.80592512660397
All events,storm,nox,0.711841200469421,0.6384440353712949,0.7824894864070672
All events,storm,pm25,0.7258822779578694,0.6531663798089007,0.7991291213129883
