wind_bin,measure,n,ratio,lo,hi
<30,hours,50,0.9970828724755948,0.8737215311262831,1.1059293567246542
<30,co2,50,0.8871277232841588,0.7533642312011535,1.032998732294872
<30,nox,50,0.841610455942222,0.668590681802526,1.0075590549690325
<30,pm25,50,0.8630830335872853,0.698853377577876,1.0091868148387193
30–39,hours,73,0.9286696545538335,0.8866907155994556,0.9740331178477563
30–39,co2,73,0.8694591479739308,0.782315177870493,0.9434103761600736
30–39,nox,73,0.8713454661103034,0.7791821051868492,0.9514154045183694
30–39,pm25,73,0.8750229078358437,0.7832769405548257,0.9551362412129697
40–49,hours,100,0.9188600474860877,0.8348969558787405,1.0034932171093771
40–49,co2,100,0.7576302921300984,0.6635975858660201,0.884350318327082
40–49,nox,100,0.7503795864836903,0.6627801378511725,0.8660248762124114
40–49,pm25,100,0.754682087159221,0.667115760039776,0.8760044250743105
50–63,hours,54,0.9159384618899528,0.8091066060977651,0.9693326864288795
50–63,co2,54,0.733661150253007,0.6666982940172885,0.7681560143370092
50–63,nox,54,0.6778962890367831,0.6232717362700924,0.7346997597019902
50–63,pm25,54,0.703588716025485,0.6532062419348841,0.7514086568660778
64–82 (Cat1),hours,21,0.7755614199808476,0.5725136213951599,0.8489239082293041
64–82 (Cat1),co2,21,0.5876712166124536,0.3931795478802509,0.6653794456769799
64–82 (Cat1),nox,21,0.5221586473765506,0.299303702885396,0.6215370692180946
64–82 (Cat1),pm25,21,0.5548315333870207,0.35725702544617016,0.6541530825988334
83–95 (Cat2),hours,17,0.7503874064051672,0.5565112297533719,0.8658672447439667
83–95 (Cat2),co2,17,0.6070609393853772,0.34224484664216975,0.7510853287491425
83–95 (Cat2),nox,17,0.6314267243644687,0.3296494878889196,0.880531819433964
83–95 (Cat2),pm25,17,0.6249599408116254,0.3408701589773732,0.8320408558431978
≥96 (Cat3+),hours,29,0.5607412811889492,0.3749629087634427,0.7977584055934924
≥96 (Cat3+),co2,29,0.3751198438870623,0.2586286060435753,0.47253082318692985
≥96 (Cat3+),nox,29,0.3675561353001936,0.2470595189718388,0.45977888660449273
≥96 (Cat3+),pm25,29,0.3735063186670863,0.2487515277477212,0.47352504960200353
