tier,vclass,intensity,n,hours_ratio,main_per_hour,main_lo,main_hi,aux_per_hour,aux_lo,aux_hi,boiler_per_hour,boiler_lo,boiler_hi
offshore,tanker,Tropical storm <50 kt,164,1.1354119763369581,0.6936243669047436,0.5765901104388438,0.8821303494481073,0.9344214652977213,0.8650474760698965,1.0310301154049402,1.4531499862678738,1.2593797135196505,1.6790687167458223
offshore,tanker,Strong TS 50–63 kt,44,0.9822134985277713,0.7281061508913732,0.6627685397289257,0.8600648921090188,0.965703566479455,0.9246193280797139,1.0362744137981055,1.4995576955682421,0.9686101116978959,2.7829516665949257
offshore,tanker,Hurricane ≥64 kt,48,0.6754791525749119,0.7543272581523813,0.6993310573806889,0.8233372563041826,0.9070698064523716,0.8213708964649119,1.0186336269319625,1.3105643625176255,0.9447596292739718,2.1833624411747303
offshore,cargo,Tropical storm <50 kt,168,0.9735053235943343,0.8902123334944767,0.8192204551617768,0.9493754175878096,1.0051415635847125,0.9668737125080138,1.045111916549769,1.984775157361656,1.5912427171711265,2.639865144984322
offshore,cargo,Strong TS 50–63 kt,45,0.7733498531468691,0.8468556331854915,0.7320083082264851,0.9495148876429433,0.9549368016819864,0.881332075414725,1.0081242307257492,1.6957207877294738,1.18213306363442,3.2391126767554703
offshore,cargo,Hurricane ≥64 kt,49,0.6027434061527758,0.6838450280699873,0.5945133651122476,0.8820213169705882,1.0441899605467186,0.9532203067181432,1.1211580938403023,3.8857056209311884,2.4605752303415493,5.790051032510024
offshore_hold,tanker,Tropical storm <50 kt,59,0.6371544878751373,1.8305087504984845,1.3749030600947891,2.408308873327498,1.2127377360072054,0.9847819245678959,1.5949890088315566,0.9395569549338971,0.813831914312502,1.1427834651125242
offshore_hold,tanker,Strong TS 50–63 kt,15,1.0725985841248045,2.257969252340271,1.830171283027226,3.731279492913018,1.4764280842198283,0.8547503905857565,1.5304989099443271,0.9241812415659025,0.8678836401877456,1.6968475604312743
offshore_hold,tanker,Hurricane ≥64 kt,11,0.28690961143090365,7.568525674031044,1.1966034972217616,11.100345529803139,1.2991502289664838,0.9888913170483216,1.9123617787721672,0.9559735662122488,0.7162793498175785,1.4546901982221017
offshore_hold,cargo,Tropical storm <50 kt,64,1.149744998153634,0.8619983286086006,0.5961364190177435,1.3488749552061277,0.8863124826363784,0.7503708889192613,1.099114635305089,1.0372852547732578,0.8681198991498553,1.305961946503803
offshore_hold,cargo,Strong TS 50–63 kt,12,0.8500760025282611,0.4900230117449553,0.19930568748219804,1.5148396667764037,0.9806862909774385,0.8345684189555277,1.3178634881496523,0.9868287189619676,0.7855019786363322,2.907841230270001
offshore_hold,cargo,Hurricane ≥64 kt,5,0.8726059476077819,1.2376253423883454,0.5789073497475279,4.035356437701991,0.5758245567094677,0.3545275920527842,1.3715570319369481,0.6363379909189908,0.523356600798198,20.81641386456302
anchorage,tanker,Tropical storm <50 kt,86,0.8038744629417314,1.175872796292613,0.8365210574035857,1.4166959487598239,1.0194159335841302,0.9438977397639516,1.0677278633684237,0.9486915419345938,0.8830894596522206,1.0207591031249144
anchorage,tanker,Strong TS 50–63 kt,26,0.7946784304694197,0.8732424932071287,0.5946263371358645,2.150027361493645,0.9597087578695792,0.8576575956400992,1.0516783962681098,0.9587426004931294,0.8426379241661766,1.092804620863125
anchorage,tanker,Hurricane ≥64 kt,23,0.632846847753101,0.646419090512964,0.23184754071430852,1.775259890939764,1.012287491946831,0.8936270892590177,1.1102034545926496,1.0212498684766673,0.892881588851374,1.1398758249020964
anchorage,cargo,Tropical storm <50 kt,118,1.1711289383331869,0.6150701440087294,0.44589486779999726,0.8229872397686553,0.9245600746829257,0.8603977743269378,0.9961535459504564,0.9578277981909705,0.8873461777556333,1.0344376811617626
anchorage,cargo,Strong TS 50–63 kt,26,0.9388841520013268,0.7171001984268515,0.457086408758299,1.543250056952081,0.9312889001065576,0.7234732182543605,1.0647666725254694,0.9743053596379786,0.9290915756508618,1.1507266143537211
anchorage,cargo,Hurricane ≥64 kt,27,0.9922888748047438,0.36812873309226973,0.12154020921346706,1.077165830606166,0.8750562371673984,0.7967648521054796,0.9426758123886588,0.9987464352011223,0.9426313413180106,1.0658299437201526
