intensity,vclass,tier,n,hours_ratio,main_per_hour,main_lo,main_hi,main_share_of_extra_fuel,aux_per_hour,aux_lo,aux_hi,aux_share_of_extra_fuel,boiler_per_hour,boiler_lo,boiler_hi,boiler_share_of_extra_fuel
Hurricane ≥64 kt,tanker,anchorage,35,1.35685406075784,0.7263406416115314,0.42589427877462327,0.9961754041534635,-0.0007600091100424843,1.0717663404325055,1.0052945412595957,1.1290987508850097,0.2289085851437031,0.9882580421204215,0.9359679261767674,1.036528810064808,0.7718514239663393
Hurricane ≥64 kt,tanker,offshore_hold,17,1.5240651963889875,0.6286217043883242,0.30068043338492756,1.269275776710723,-0.0006635009591616009,1.188031459060419,0.7581175269693345,1.7078688162916005,0.2818957318523872,0.935683691705155,0.564896911300418,1.1747855746135958,0.7187677691067743
Hurricane ≥64 kt,tanker,offshore,52,1.0227767967651833,1.0147960211699496,0.9347367402087111,1.0863364146176768,0.32635045003002583,1.037675880303793,0.9770196419287951,1.1140905793560392,0.08950462270585886,1.464626843270533,1.122677011018141,2.03973674923894,0.5841449272641153
Hurricane ≥64 kt,tanker,port,55,0.9972510424130246,,,,0.0,1.0382701986991891,0.9033771761100274,1.1503708426033572,0.2521342556312183,1.0278078346196637,0.9268757532179501,1.1096078821371442,0.7478657443687817
Hurricane ≥64 kt,cargo,anchorage,35,1.5631320626404783,0.6424383551124445,0.2945005946328575,1.0256750229287097,0.0008996312479357454,0.9974081278726022,0.9371116189598246,1.093598631268887,0.4504234699821299,0.9809709327979369,0.9466122565385008,1.0478580670016215,0.5486768987699343
Hurricane ≥64 kt,cargo,offshore_hold,10,1.7764818311792863,0.4658742728203338,0.1848141280960451,1.1839481508007463,0.7334759744931814,0.7066587641813357,0.404009751124198,1.5623788565547203,-16.23837232854662,0.4792384876089527,0.32556988368726053,2.295247127338597,16.50489635405344
Hurricane ≥64 kt,cargo,offshore,52,1.0806874302415848,0.9775423806776177,0.9259017916062334,1.0261326417129308,0.784026369311378,1.0333287544412213,0.995012114758104,1.0588079213515234,0.16148988109267287,1.6314675579181495,1.2573807554679228,2.2818363978008462,0.05448374959594915
Hurricane ≥64 kt,cargo,port,56,1.0570737789300173,,,,0.0,1.0650753812098974,0.9629682660314971,1.1579721154540052,0.7313058538295931,0.999712875259967,0.9475085295811746,1.0474354773726469,0.2686941461704069
Strong TS 50–63 kt,tanker,anchorage,31,0.9998448595360351,0.9945674693284409,0.8696028898999008,1.3323249739435623,0.009940909900985855,1.0100394689296712,0.8980653137951965,1.1428697760374693,-0.27385741301216177,0.9904036435863729,0.9064609649563149,1.1213900968841506,1.2639165031111759
Strong TS 50–63 kt,tanker,offshore_hold,15,1.2239454422143319,1.296319410761827,0.4743830870912314,1.7394586983084899,0.004555782385665714,1.3625671847189798,1.0611062545371173,1.5363606421185523,0.32868083391340924,1.0098455658321481,0.898640217627421,1.5532650384522617,0.666763383700925
Strong TS 50–63 kt,tanker,offshore,46,1.0023497773138494,1.0309172437658123,0.9403283341075365,1.1281093976424659,0.3303231309273823,1.0369311848304184,0.9773597724671736,1.0893646728118473,0.06719610712182858,1.4840606511189007,0.9631372972520336,2.717870802602021,0.6024807619507891
Strong TS 50–63 kt,tanker,port,44,1.0784794688237305,,,,0.0,1.0673002907366305,1.0030542175117523,1.1118141450971615,0.34156403441696476,0.9957239067490334,0.926441532366479,1.0487034071485684,0.6584359655830353
Strong TS 50–63 kt,cargo,anchorage,33,1.0135253534793573,1.018671308159796,0.8185017220626253,1.1858995660571274,0.2195192951651814,0.9886767345950808,0.8161273605062194,1.2333784109020516,0.06393031421217875,1.0061360033311557,0.9484594387540555,1.1310434082282352,0.7165503906226398
Strong TS 50–63 kt,cargo,offshore_hold,13,0.9860704319155504,0.5920114345546451,0.1302814375672231,1.2991355060094745,0.45928102249399755,0.9606205595039581,0.8272425520529303,1.5545638014246088,0.19726786742791472,0.9388651274417993,0.8501095236346331,1.7164442043610764,0.34345111007808776
Strong TS 50–63 kt,cargo,offshore,46,1.0222796657606876,1.009471042966224,0.9240273362085897,1.092835793412741,0.7847112636293035,1.0245118662124992,0.9835782378325755,1.103370631172856,0.13699179935884812,1.2587275630973662,0.9179778617945225,2.5973939882890393,0.0782969370118484
Strong TS 50–63 kt,cargo,port,52,1.122497372739674,,,,0.0,0.9951375153371257,0.9415529452175676,1.1066367574817113,0.6610427042580767,0.9578406923300502,0.9032890299333509,1.0308559073619386,0.3389572957419233
Tropical storm <50 kt,tanker,anchorage,104,1.1693607937881112,0.9054975805742468,0.7393736984684603,1.0777813366806914,0.00401192372251605,1.0779946364122202,0.9995650481946912,1.1350845770590958,0.32340899440927123,0.9592640564834642,0.9041592807325657,1.0249930958965536,0.6725790818682126
Tropical storm <50 kt,tanker,offshore_hold,71,1.2268723497319751,0.8135097770030537,0.6012728816906059,1.2394840166801957,-3.6045831011252004e-05,1.3193814742558463,1.1076142029645983,1.5288706231047595,0.28990479568314653,1.0877815111607692,0.9571016487442833,1.2899697994131398,0.7101312501478646
Tropical storm <50 kt,tanker,offshore,173,1.06565075597193,0.9459146932737036,0.9083591161565572,0.9818443735570889,0.0766887707456655,0.9946158272770673,0.9603131515713033,1.0311847081687324,0.10312093969991262,1.411717606056808,1.244011564254245,1.6243416055820445,0.8201902895544219
Tropical storm <50 kt,tanker,port,187,1.0172534346696225,,,,0.0,1.0306818792452024,0.9951556832966708,1.065063499949427,0.2948597282652326,1.0133542788524135,0.9822504050877985,1.0383667073272618,0.7051402717347675
Tropical storm <50 kt,cargo,anchorage,143,1.2038844276539,0.9514812602192553,0.7207275462791227,1.36397273690437,0.06342070820001655,1.0259983039884675,0.9505511851329366,1.1135394216701424,0.5235327923420529,0.9627577029206681,0.9087862361347456,1.0293760280728645,0.4130464994579306
Tropical storm <50 kt,cargo,offshore_hold,74,1.2934925059797082,0.8130701476196048,0.5196016783877367,1.3240899520722171,0.04413917511850209,0.8440969095293847,0.5770885142432688,1.0814322031941441,0.17963606807854016,1.3067171859013869,1.1216298215932516,1.5492873795045374,0.7762247568029578
Tropical storm <50 kt,cargo,offshore,172,1.0724587876547171,0.9474717026975102,0.9036878519183172,0.9834978329395281,0.4916214224727314,1.0053381172304705,0.9883966862568255,1.0230325049727438,0.28727799247511365,1.6228801181977772,1.2761049078515392,2.241526586473111,0.22110058505215494
Tropical storm <50 kt,cargo,port,210,1.029614821433525,,,,-0.0,0.9621876811389198,0.9310209361958258,0.9975500408748574,0.681519618015579,0.9657194901751627,0.9444913707558985,0.9878602220396562,0.31848038198442097
