window,intensity,metric,vclass,tier,n,ratio,lo,hi
event30,Hurricane ≥64 kt,CO2 per vessel-hour,all,port,58.0,1.0499876996509654,0.9837403797196608,1.1138106504083096
event30,Hurricane ≥64 kt,CO2 per vessel-hour,all,channel,58.0,0.9377989075079046,0.8684770260123388,0.9961413682007284
event30,Hurricane ≥64 kt,CO2 per vessel-hour,all,anchorage,48.0,1.0124646094392213,0.9149598448054933,1.1620130863522025
event30,Hurricane ≥64 kt,CO2 per vessel-hour,all,offshore_hold,24.0,0.7859910023247011,0.5462340990335943,1.0110110156645749
event30,Hurricane ≥64 kt,CO2 per vessel-hour,all,offshore,43.0,0.962650318560197,0.9296276687205256,0.9988759740325438
event30,Hurricane ≥64 kt,CO2 per vessel-hour,all,total,58.0,0.9995237214533909,0.9622330843072455,1.0431781763036483
event30,Hurricane ≥64 kt,CO2 per vessel-hour,tanker,port,53.0,1.0476798934658766,0.9896794800210809,1.1026205332379855
event30,Hurricane ≥64 kt,CO2 per vessel-hour,tanker,channel,57.0,0.973864628500162,0.9239097350840612,1.0178163530168987
event30,Hurricane ≥64 kt,CO2 per vessel-hour,tanker,anchorage,34.0,1.1689610105340313,1.017782041826467,1.4996218692286019
event30,Hurricane ≥64 kt,CO2 per vessel-hour,tanker,offshore_hold,13.0,0.9427347269009269,0.5928824770709166,1.131010305754009
event30,Hurricane ≥64 kt,CO2 per vessel-hour,tanker,offshore,43.0,0.9976382870024632,0.9431041111811239,1.0505803676663479
event30,Hurricane ≥64 kt,CO2 per vessel-hour,tanker,total,58.0,0.9843091908894556,0.9518625228509512,1.0188256305094028
event30,Hurricane ≥64 kt,CO2 per vessel-hour,cargo,port,56.0,1.0136243712461255,0.962640684436547,1.0695105008406476
event30,Hurricane ≥64 kt,CO2 per vessel-hour,cargo,channel,55.0,0.8609379308015754,0.7508081783880329,0.957263642779561
event30,Hurricane ≥64 kt,CO2 per vessel-hour,cargo,anchorage,38.0,0.9248626994486515,0.8510598805685465,1.0296638733655514
event30,Hurricane ≥64 kt,CO2 per vessel-hour,cargo,offshore_hold,8.0,0.6105205162997396,0.38898196376062366,1.0523860135496472
event30,Hurricane ≥64 kt,CO2 per vessel-hour,cargo,offshore,43.0,0.9885139038762085,0.9436378283010848,1.038761479320851
event30,Hurricane ≥64 kt,CO2 per vessel-hour,cargo,total,58.0,0.8934734221536854,0.8167474740325787,0.98812269817341
event30,Hurricane ≥64 kt,waiting hours per call,all,total,58.0,1.169605199597379,0.7445733918707391,1.5695358513235813
event30,Hurricane ≥64 kt,CO2 per port call,all,total,58.0,1.0297537428770742,0.9554061067374975,1.1090376488179217
event30,Hurricane ≥64 kt,port calls,all,total,58.0,0.9835589523985183,0.8814533203291005,1.0938163063366269
event30,Hurricane ≥64 kt,CO2,all,total,58.0,1.0128235125726281,0.9566683342777501,1.0733213058814437
event30,Hurricane ≥64 kt,"disruption penalty (t CO2, pooled)",all,total,58.0,71067.34670734871,-124140.35846225546,235364.79929002794
event30,Strong TS 50–63 kt,CO2 per vessel-hour,all,port,45.0,1.0138242288306838,0.9633758311686669,1.086034845008468
event30,Strong TS 50–63 kt,CO2 per vessel-hour,all,channel,45.0,0.9572825667939336,0.8953682489105025,1.0388602267643385
event30,Strong TS 50–63 kt,CO2 per vessel-hour,all,anchorage,38.0,1.0471085543415968,0.9491810323124554,1.1761748346016943
event30,Strong TS 50–63 kt,CO2 per vessel-hour,all,offshore_hold,24.0,1.1966985236971301,0.8560707200940894,1.9772065201902516
event30,Strong TS 50–63 kt,CO2 per vessel-hour,all,offshore,39.0,1.0189483683069067,0.9499544971709329,1.0915351775439102
event30,Strong TS 50–63 kt,CO2 per vessel-hour,all,total,45.0,0.9929166133051809,0.9598684084840652,1.0350057637947976
event30,Strong TS 50–63 kt,CO2 per vessel-hour,tanker,port,43.0,0.9999231380318093,0.9547677062471787,1.0372038174907392
event30,Strong TS 50–63 kt,CO2 per vessel-hour,tanker,channel,45.0,1.0437373627372863,0.9589815880001757,1.1136856741563517
event30,Strong TS 50–63 kt,CO2 per vessel-hour,tanker,anchorage,28.0,1.0654699837981672,0.9953971282550313,1.1537175166985065
event30,Strong TS 50–63 kt,CO2 per vessel-hour,tanker,offshore_hold,14.0,1.1360497140396364,0.9638186661048312,1.558611113046929
event30,Strong TS 50–63 kt,CO2 per vessel-hour,tanker,offshore,39.0,0.9791971859291098,0.9445705924043662,1.017705316196932
event30,Strong TS 50–63 kt,CO2 per vessel-hour,tanker,total,45.0,1.002491533607034,0.9712379174837439,1.0358406759613472
event30,Strong TS 50–63 kt,CO2 per vessel-hour,cargo,port,44.0,0.9840405915894197,0.9384089485792547,1.0333147097742499
event30,Strong TS 50–63 kt,CO2 per vessel-hour,cargo,channel,43.0,0.9649359749287915,0.9089526180274417,1.0169906918339382
event30,Strong TS 50–63 kt,CO2 per vessel-hour,cargo,anchorage,32.0,0.988791348592066,0.8756047890837325,1.0700859655014074
event30,Strong TS 50–63 kt,CO2 per vessel-hour,cargo,offshore_hold,13.0,0.7883564522009149,0.6137999690876893,0.939424468549672
event30,Strong TS 50–63 kt,CO2 per vessel-hour,cargo,offshore,39.0,1.0154844227564304,0.951736001743898,1.0836512628741346
event30,Strong TS 50–63 kt,CO2 per vessel-hour,cargo,total,45.0,0.9823733955647481,0.9385278895956692,1.010133274355999
event30,Strong TS 50–63 kt,waiting hours per call,all,total,45.0,0.940144809578658,0.87352457050655,1.0547685282411043
event30,Strong TS 50–63 kt,CO2 per port call,all,total,45.0,0.940346027024334,0.8829451235920266,0.9981239294689552
event30,Strong TS 50–63 kt,port calls,all,total,45.0,1.0264580392905003,0.9892107492048609,1.0841833097352747
event30,Strong TS 50–63 kt,CO2,all,total,45.0,0.9652257391540097,0.923368545171196,1.0182150669466596
event30,Strong TS 50–63 kt,"disruption penalty (t CO2, pooled)",all,total,45.0,-122219.70777535322,-262969.6370427304,-4101.150782372262
event30,Tropical storm <50 kt,CO2 per vessel-hour,all,port,181.0,1.0017111145932627,0.9795427982332666,1.0249244613211534
event30,Tropical storm <50 kt,CO2 per vessel-hour,all,channel,181.0,1.0126707624975486,0.9857775664471782,1.0368890173095973
event30,Tropical storm <50 kt,CO2 per vessel-hour,all,anchorage,148.0,1.0147722493913671,0.9680990337643535,1.0675327190518866
event30,Tropical storm <50 kt,CO2 per vessel-hour,all,offshore_hold,89.0,1.0346420489292711,0.8711920665440694,1.2185900602920106
event30,Tropical storm <50 kt,CO2 per vessel-hour,all,offshore,134.0,1.0021597357948677,0.9728186968048453,1.0309550362140651
event30,Tropical storm <50 kt,CO2 per vessel-hour,all,total,181.0,1.0016594051578527,0.9852041354727243,1.018500660199862
event30,Tropical storm <50 kt,CO2 per vessel-hour,tanker,port,169.0,1.0097280438483682,0.989336541000361,1.0263155116921427
event30,Tropical storm <50 kt,CO2 per vessel-hour,tanker,channel,171.0,1.0224183224679309,0.9905612864774428,1.0489155419158347
event30,Tropical storm <50 kt,CO2 per vessel-hour,tanker,anchorage,112.0,1.0011598311251584,0.9595029111004392,1.036882072934145
event30,Tropical storm <50 kt,CO2 per vessel-hour,tanker,offshore_hold,62.0,1.1246864353821522,1.0212053952292737,1.2187890367704992
event30,Tropical storm <50 kt,CO2 per vessel-hour,tanker,offshore,134.0,0.9632183608897423,0.9454504015369822,0.9803467621261093
event30,Tropical storm <50 kt,CO2 per vessel-hour,tanker,total,181.0,0.9886718989668122,0.9733856306384355,1.0027095800062145
event30,Tropical storm <50 kt,CO2 per vessel-hour,cargo,port,179.0,0.9587534603923152,0.9359745371821446,0.982774492928516
event30,Tropical storm <50 kt,CO2 per vessel-hour,cargo,channel,177.0,0.9879835135556888,0.9564297286482941,1.0160844431445224
event30,Tropical storm <50 kt,CO2 per vessel-hour,cargo,anchorage,124.0,0.9812948988569872,0.933812758777166,1.0441455046272585
event30,Tropical storm <50 kt,CO2 per vessel-hour,cargo,offshore_hold,61.0,0.8784414802347135,0.8034436384856315,1.0073393372188315
event30,Tropical storm <50 kt,CO2 per vessel-hour,cargo,offshore,134.0,0.9611909496414223,0.9151397271757237,1.0005893133386878
event30,Tropical storm <50 kt,CO2 per vessel-hour,cargo,total,181.0,0.9705406476444162,0.9389338997351587,1.0068188429691187
event30,Tropical storm <50 kt,waiting hours per call,all,total,181.0,1.0935853212642186,0.9900179751685652,1.2162551514927473
event30,Tropical storm <50 kt,CO2 per port call,all,total,181.0,0.991589189491477,0.9509078843686531,1.0309345038997255
event30,Tropical storm <50 kt,port calls,all,total,181.0,1.0263780387454913,0.9987680948309874,1.0537008666016041
event30,Tropical storm <50 kt,CO2,all,total,181.0,1.0177453675514931,0.9806093732949829,1.0528141757936949
event30,Tropical storm <50 kt,"disruption penalty (t CO2, pooled)",all,total,181.0,-59842.884633807465,-359928.3080966573,211471.6936461576
event45,Hurricane ≥64 kt,CO2 per vessel-hour,all,port,58.0,1.0614259787139027,1.0034586662322575,1.1201803109839266
event45,Hurricane ≥64 kt,CO2 per vessel-hour,all,channel,58.0,0.94114560817285,0.873622486747732,1.0017642588054965
event45,Hurricane ≥64 kt,CO2 per vessel-hour,all,anchorage,48.0,1.0032334143526926,0.9162334540210817,1.141291772085395
event45,Hurricane ≥64 kt,CO2 per vessel-hour,all,offshore_hold,25.0,0.7866043998163776,0.5963651816376883,1.019174656484363
event45,Hurricane ≥64 kt,CO2 per vessel-hour,all,offshore,43.0,0.9593472332441528,0.9317706684933628,0.9874109637641307
event45,Hurricane ≥64 kt,CO2 per vessel-hour,all,total,58.0,1.0033644667478454,0.9715641132067068,1.0431425546182462
event45,Hurricane ≥64 kt,CO2 per vessel-hour,tanker,port,54.0,1.0666870324017046,1.0155684448809397,1.1223909778307024
event45,Hurricane ≥64 kt,CO2 per vessel-hour,tanker,channel,57.0,0.9803660415499224,0.9425786984754071,1.0156223142333753
event45,Hurricane ≥64 kt,CO2 per vessel-hour,tanker,anchorage,34.0,1.2813976109878007,1.0286904886842005,1.7687901604343597
event45,Hurricane ≥64 kt,CO2 per vessel-hour,tanker,offshore_hold,14.0,1.0074518053104946,0.7720442880121611,1.1027380095263373
event45,Hurricane ≥64 kt,CO2 per vessel-hour,tanker,offshore,43.0,0.9975377998343528,0.9496639424712349,1.0454130834573054
event45,Hurricane ≥64 kt,CO2 per vessel-hour,tanker,total,58.0,0.9962947112510474,0.9709622782827205,1.0223165857995489
event45,Hurricane ≥64 kt,CO2 per vessel-hour,cargo,port,56.0,1.0172750719878443,0.978405726393454,1.0575689597912852
event45,Hurricane ≥64 kt,CO2 per vessel-hour,cargo,channel,56.0,0.880415536677465,0.7930224485859526,0.9654650129339835
event45,Hurricane ≥64 kt,CO2 per vessel-hour,cargo,anchorage,38.0,0.9220573550131488,0.8512790837093632,1.0219284203481551
event45,Hurricane ≥64 kt,CO2 per vessel-hour,cargo,offshore_hold,9.0,0.5840960277979224,0.3855799743292668,0.9418801055682865
event45,Hurricane ≥64 kt,CO2 per vessel-hour,cargo,offshore,43.0,0.9925212761701906,0.9497407947958381,1.0415461137546098
event45,Hurricane ≥64 kt,CO2 per vessel-hour,cargo,total,58.0,0.9006580694178801,0.8360053610006046,0.9870071164891546
event45,Hurricane ≥64 kt,waiting hours per call,all,total,58.0,1.0283448860205593,0.5622167475817264,1.433597086483885
event45,Hurricane ≥64 kt,CO2 per port call,all,total,58.0,1.0322201070159844,0.9670056786744976,1.0967443646829436
event45,Hurricane ≥64 kt,port calls,all,total,58.0,0.9961538303040649,0.9168927461712275,1.0886478710631347
event45,Hurricane ≥64 kt,CO2,all,total,58.0,1.0282500133208445,0.9871828280264404,1.0784925947376678
event45,Hurricane ≥64 kt,"disruption penalty (t CO2, pooled)",all,total,58.0,111701.25564856268,-137586.12422180272,302831.84214448597
event45,Strong TS 50–63 kt,CO2 per vessel-hour,all,port,45.0,1.0296664689102326,0.9796256760045455,1.0953711387018485
event45,Strong TS 50–63 kt,CO2 per vessel-hour,all,channel,45.0,0.9577956938142227,0.8927335250981221,1.0307460858036384
event45,Strong TS 50–63 kt,CO2 per vessel-hour,all,anchorage,38.0,1.0001672205085925,0.9182653979344196,1.110638517007958
event45,Strong TS 50–63 kt,CO2 per vessel-hour,all,offshore_hold,24.0,1.0836289686067189,0.7979857559184134,1.6857793670457353
event45,Strong TS 50–63 kt,CO2 per vessel-hour,all,offshore,39.0,1.017559459553607,0.956035444459679,1.0773928764043161
event45,Strong TS 50–63 kt,CO2 per vessel-hour,all,total,45.0,0.9916408337486285,0.961138593145107,1.0299791812855859
event45,Strong TS 50–63 kt,CO2 per vessel-hour,tanker,port,44.0,0.9990436182988102,0.9598484375421756,1.0367959481247415
event45,Strong TS 50–63 kt,CO2 per vessel-hour,tanker,channel,45.0,1.0398923253627264,0.951112175187625,1.1062274027788355
event45,Strong TS 50–63 kt,CO2 per vessel-hour,tanker,anchorage,28.0,1.0441181575163516,0.9744950179745157,1.1343266174184328
event45,Strong TS 50–63 kt,CO2 per vessel-hour,tanker,offshore_hold,14.0,1.0933977438402929,0.9287581520702044,1.4669325252973142
event45,Strong TS 50–63 kt,CO2 per vessel-hour,tanker,offshore,39.0,0.9858771641765591,0.9659511405859408,1.0105741137341087
event45,Strong TS 50–63 kt,CO2 per vessel-hour,tanker,total,45.0,0.9990033864651485,0.9717267064487514,1.0328953581976852
event45,Strong TS 50–63 kt,CO2 per vessel-hour,cargo,port,44.0,0.9883559756339759,0.9531243715070954,1.0284532060142357
event45,Strong TS 50–63 kt,CO2 per vessel-hour,cargo,channel,43.0,0.9825265494454964,0.9332663442569789,1.0232948550057201
event45,Strong TS 50–63 kt,CO2 per vessel-hour,cargo,anchorage,32.0,1.0050343222349551,0.8786501801275061,1.075936386370189
event45,Strong TS 50–63 kt,CO2 per vessel-hour,cargo,offshore_hold,13.0,0.794492674369469,0.6265057613649455,0.952781260639359
event45,Strong TS 50–63 kt,CO2 per vessel-hour,cargo,offshore,39.0,1.0263068862385825,0.9519942216659509,1.1005748381902698
event45,Strong TS 50–63 kt,CO2 per vessel-hour,cargo,total,45.0,0.9883867643829245,0.9401789311282138,1.0199826755433734
event45,Strong TS 50–63 kt,waiting hours per call,all,total,45.0,0.9378931943593174,0.8726165188082223,1.0569630265372232
event45,Strong TS 50–63 kt,CO2 per port call,all,total,45.0,0.9381715103227372,0.8850639320687904,0.9938390728322793
event45,Strong TS 50–63 kt,port calls,all,total,45.0,1.0346022339465093,0.9969776444711022,1.0923075469188115
event45,Strong TS 50–63 kt,CO2,all,total,45.0,0.9706343404048744,0.9320738298304492,1.0182528895410317
event45,Strong TS 50–63 kt,"disruption penalty (t CO2, pooled)",all,total,45.0,-181180.2802987974,-364419.5664183522,-14366.06137710481
event45,Tropical storm <50 kt,CO2 per vessel-hour,all,port,182.0,1.0101171210875388,0.9888142317985222,1.032626736355374
event45,Tropical storm <50 kt,CO2 per vessel-hour,all,channel,182.0,1.010235265263821,0.9837938236143199,1.0347250568302195
event45,Tropical storm <50 kt,CO2 per vessel-hour,all,anchorage,149.0,1.0596695628758517,1.0097848988628142,1.1158505490920145
event45,Tropical storm <50 kt,CO2 per vessel-hour,all,offshore_hold,92.0,1.012837006728832,0.8582986575501158,1.1883093424216542
event45,Tropical storm <50 kt,CO2 per vessel-hour,all,offshore,135.0,1.0029904162181793,0.9757341214911346,1.0267316191417255
event45,Tropical storm <50 kt,CO2 per vessel-hour,all,total,182.0,1.013948586702932,0.9954493872895305,1.0324384485331959
event45,Tropical storm <50 kt,CO2 per vessel-hour,tanker,port,170.0,1.0167980026028711,0.9944269815832858,1.036670893049925
event45,Tropical storm <50 kt,CO2 per vessel-hour,tanker,channel,172.0,1.0260379043479915,0.9945545241412613,1.0541866850061465
event45,Tropical storm <50 kt,CO2 per vessel-hour,tanker,anchorage,114.0,1.0250817973544317,0.9822486376481938,1.0650573828164558
event45,Tropical storm <50 kt,CO2 per vessel-hour,tanker,offshore_hold,63.0,1.1114036925482405,0.9858294178327268,1.1921705513525687
event45,Tropical storm <50 kt,CO2 per vessel-hour,tanker,offshore,135.0,0.9759789259565176,0.9607410959714683,0.9908215056725831
event45,Tropical storm <50 kt,CO2 per vessel-hour,tanker,total,182.0,1.0010962241161359,0.981485501214429,1.019728431823162
event45,Tropical storm <50 kt,CO2 per vessel-hour,cargo,port,180.0,0.9609931958467975,0.9385460625418893,0.9853495547805742
event45,Tropical storm <50 kt,CO2 per vessel-hour,cargo,channel,178.0,0.9790241550151301,0.9509180024596147,1.0024295701922017
event45,Tropical storm <50 kt,CO2 per vessel-hour,cargo,anchorage,127.0,0.9914550064007676,0.9449299376717761,1.0546827154770655
event45,Tropical storm <50 kt,CO2 per vessel-hour,cargo,offshore_hold,62.0,0.8854982645108085,0.8073057783648303,1.0298435816283595
event45,Tropical storm <50 kt,CO2 per vessel-hour,cargo,offshore,135.0,0.9676515310345817,0.9206933529260248,1.0068458873361332
event45,Tropical storm <50 kt,CO2 per vessel-hour,cargo,total,182.0,0.9809148431161308,0.9475445486665636,1.0178013395899717
event45,Tropical storm <50 kt,waiting hours per call,all,total,182.0,1.0614093240945954,0.9542308719057387,1.177698545818965
event45,Tropical storm <50 kt,CO2 per port call,all,total,182.0,0.9981363622319288,0.9633687816214114,1.0378661904894284
event45,Tropical storm <50 kt,port calls,all,total,182.0,1.0276815375439372,1.0035015374214287,1.0486802989832877
event45,Tropical storm <50 kt,CO2,all,total,182.0,1.0257663114170208,0.9916410561181536,1.0631508340594933
event45,Tropical storm <50 kt,"disruption penalty (t CO2, pooled)",all,total,182.0,-18993.78577303514,-375886.9553712157,370854.08255044336
queue,Hurricane ≥64 kt,CO2 per vessel-hour,all,port,56.0,1.0868837497639305,0.9879801399343112,1.1983469220667748
queue,Hurricane ≥64 kt,CO2 per vessel-hour,all,channel,56.0,0.9313436819040394,0.8335662553506664,1.00485827310677
queue,Hurricane ≥64 kt,CO2 per vessel-hour,all,anchorage,47.0,0.98032093154421,0.8617259243320982,1.1430942496545036
queue,Hurricane ≥64 kt,CO2 per vessel-hour,all,offshore_hold,23.0,0.8139567584736257,0.5799401532726237,1.0125213992388435
queue,Hurricane ≥64 kt,CO2 per vessel-hour,all,offshore,41.0,0.9787048628864612,0.9261195425305891,1.0377458879775976
queue,Hurricane ≥64 kt,CO2 per vessel-hour,all,total,56.0,1.0261550735331895,0.9629370758314999,1.098434838335447
queue,Hurricane ≥64 kt,CO2 per vessel-hour,tanker,port,49.0,1.0173930337375787,0.9176659733669894,1.0970557930827771
queue,Hurricane ≥64 kt,CO2 per vessel-hour,tanker,channel,55.0,0.9407148890638278,0.8621634996828099,1.0245411935306958
queue,Hurricane ≥64 kt,CO2 per vessel-hour,tanker,anchorage,33.0,0.9832490666515609,0.9283640575288582,1.0359860099201725
queue,Hurricane ≥64 kt,CO2 per vessel-hour,tanker,offshore_hold,12.0,0.8990608808799813,0.4260643164556424,1.0271498690504943
queue,Hurricane ≥64 kt,CO2 per vessel-hour,tanker,offshore,41.0,1.0177188014205651,0.963559373379002,1.071792384486906
queue,Hurricane ≥64 kt,CO2 per vessel-hour,tanker,total,56.0,0.9641945872370494,0.9176482692620721,1.012639038811169
queue,Hurricane ≥64 kt,CO2 per vessel-hour,cargo,port,53.0,1.0333894608693663,0.954682659658553,1.1082116851445918
queue,Hurricane ≥64 kt,CO2 per vessel-hour,cargo,channel,52.0,0.8336214922297165,0.6963510459677725,0.9405396918774332
queue,Hurricane ≥64 kt,CO2 per vessel-hour,cargo,anchorage,33.0,0.9352667795162476,0.8731404825486986,1.040763332160281
queue,Hurricane ≥64 kt,CO2 per vessel-hour,cargo,offshore_hold,8.0,0.5923198771966152,0.43565001905624084,0.9265801626361788
queue,Hurricane ≥64 kt,CO2 per vessel-hour,cargo,offshore,41.0,0.9777052230408865,0.9336459827231431,1.021318989430225
queue,Hurricane ≥64 kt,CO2 per vessel-hour,cargo,total,56.0,0.8947856579156606,0.8037243021492091,0.998086131602324
queue,Hurricane ≥64 kt,waiting hours per call,all,total,56.0,1.403066355137823,1.0964644526633929,1.9351137160276772
queue,Hurricane ≥64 kt,CO2 per port call,all,total,56.0,1.0069652540014096,0.881343137179853,1.1647144448430182
queue,Hurricane ≥64 kt,port calls,all,total,56.0,1.0606487071470851,0.8638744064693469,1.2279150560250798
queue,Hurricane ≥64 kt,CO2,all,total,56.0,1.0680363947986307,0.9527183102990101,1.193698499800502
queue,Hurricane ≥64 kt,"disruption penalty (t CO2, pooled)",all,total,56.0,5062.1842944360105,-102371.1302290881,106782.57630366654
queue,Strong TS 50–63 kt,CO2 per vessel-hour,all,port,44.0,1.0545072991296245,1.0036801065017733,1.1226034548439292
queue,Strong TS 50–63 kt,CO2 per vessel-hour,all,channel,44.0,0.9961116648388074,0.9169449936343655,1.1184994830726993
queue,Strong TS 50–63 kt,CO2 per vessel-hour,all,anchorage,37.0,0.9684423198813917,0.8956205058055825,1.090254007709709
queue,Strong TS 50–63 kt,CO2 per vessel-hour,all,offshore_hold,23.0,1.2606176600201038,0.9384084257849106,1.935648526921206
queue,Strong TS 50–63 kt,CO2 per vessel-hour,all,offshore,38.0,1.0142918957706877,0.9256969519539102,1.0920087234490539
queue,Strong TS 50–63 kt,CO2 per vessel-hour,all,total,44.0,1.0128312206428187,0.9820659545905028,1.0489513874175487
queue,Strong TS 50–63 kt,CO2 per vessel-hour,tanker,port,38.0,1.0095978576326574,0.9440514519607146,1.0612891940134084
queue,Strong TS 50–63 kt,CO2 per vessel-hour,tanker,channel,42.0,1.1711669587389943,1.0344923698609825,1.3254371741136282
queue,Strong TS 50–63 kt,CO2 per vessel-hour,tanker,anchorage,28.0,0.9970849964379276,0.91770994973246,1.104274739126513
queue,Strong TS 50–63 kt,CO2 per vessel-hour,tanker,offshore_hold,13.0,1.1440118779012107,0.9521076602791413,1.4708345229326638
queue,Strong TS 50–63 kt,CO2 per vessel-hour,tanker,offshore,38.0,0.9964345220342722,0.9470628467955305,1.0351887728988916
queue,Strong TS 50–63 kt,CO2 per vessel-hour,tanker,total,44.0,0.9983546388108697,0.9654856260549329,1.0333394989465265
queue,Strong TS 50–63 kt,CO2 per vessel-hour,cargo,port,43.0,0.9900773836498336,0.9404636483189173,1.081736817261279
queue,Strong TS 50–63 kt,CO2 per vessel-hour,cargo,channel,42.0,0.9835745080187456,0.9149672929382042,1.0616959494878118
queue,Strong TS 50–63 kt,CO2 per vessel-hour,cargo,anchorage,30.0,0.9945462255092011,0.8848229562501136,1.1140788358193314
queue,Strong TS 50–63 kt,CO2 per vessel-hour,cargo,offshore_hold,11.0,0.8091480965533682,0.7080229478284233,1.115176214509174
queue,Strong TS 50–63 kt,CO2 per vessel-hour,cargo,offshore,38.0,1.0163181908955563,0.934365389854937,1.0999647485842519
queue,Strong TS 50–63 kt,CO2 per vessel-hour,cargo,total,44.0,0.984624385013842,0.9364086432496102,1.0100126144598969
queue,Strong TS 50–63 kt,waiting hours per call,all,total,44.0,0.9303221410174904,0.8526984403077164,1.0551490436651794
queue,Strong TS 50–63 kt,CO2 per port call,all,total,44.0,0.9497696155331431,0.884307547066911,1.020006820585756
queue,Strong TS 50–63 kt,port calls,all,total,44.0,1.0841687483732554,1.0309293211730377,1.1442335986194816
queue,Strong TS 50–63 kt,CO2,all,total,44.0,1.0297105353155167,0.9794505307800772,1.0826874076902373
queue,Strong TS 50–63 kt,"disruption penalty (t CO2, pooled)",all,total,44.0,-30133.526378519135,-76799.1806057575,9922.303792914769
queue,Tropical storm <50 kt,CO2 per vessel-hour,all,port,177.0,1.012531088288644,0.9749163879765779,1.0466168542872663
queue,Tropical storm <50 kt,CO2 per vessel-hour,all,channel,177.0,1.0252765440307943,0.9860612397804627,1.0556538217510456
queue,Tropical storm <50 kt,CO2 per vessel-hour,all,anchorage,144.0,0.9926332621082582,0.9310382967475598,1.068657681713286
queue,Tropical storm <50 kt,CO2 per vessel-hour,all,offshore_hold,84.0,1.1404407363902305,0.8920123265429134,1.4318187093666335
queue,Tropical storm <50 kt,CO2 per vessel-hour,all,offshore,130.0,0.9970652230346417,0.9676903492312832,1.0217812027027915
queue,Tropical storm <50 kt,CO2 per vessel-hour,all,total,177.0,1.009695597862824,0.9873629245595735,1.031239809622114
queue,Tropical storm <50 kt,CO2 per vessel-hour,tanker,port,161.0,1.0098462631136873,0.9823898638611259,1.0315532933367202
queue,Tropical storm <50 kt,CO2 per vessel-hour,tanker,channel,165.0,1.041806713906811,0.9923620218950234,1.0904291018921142
queue,Tropical storm <50 kt,CO2 per vessel-hour,tanker,anchorage,94.0,0.9714156118979224,0.9244068066574748,1.0214044979473564
queue,Tropical storm <50 kt,CO2 per vessel-hour,tanker,offshore_hold,60.0,1.1842358361962855,1.000424827221891,1.4025138980259408
queue,Tropical storm <50 kt,CO2 per vessel-hour,tanker,offshore,130.0,0.9772021010904839,0.9558311253275704,0.9972550323627057
queue,Tropical storm <50 kt,CO2 per vessel-hour,tanker,total,177.0,0.9848378980953173,0.965774336228181,1.0057482049440643
queue,Tropical storm <50 kt,CO2 per vessel-hour,cargo,port,175.0,0.9591963907431055,0.9336076651446786,0.9858761524684263
queue,Tropical storm <50 kt,CO2 per vessel-hour,cargo,channel,172.0,1.0047679442933775,0.9743938409871636,1.0353028175644832
queue,Tropical storm <50 kt,CO2 per vessel-hour,cargo,anchorage,123.0,0.9680567135486777,0.9214671019956506,1.026371804743186
queue,Tropical storm <50 kt,CO2 per vessel-hour,cargo,offshore_hold,60.0,0.9937162250457816,0.8790271918314455,1.1281635618231496
queue,Tropical storm <50 kt,CO2 per vessel-hour,cargo,offshore,129.0,0.9577773809077774,0.9178649148518784,0.99133771498676
queue,Tropical storm <50 kt,CO2 per vessel-hour,cargo,total,177.0,0.9720098827490744,0.93484649160291,1.0113102072181444
queue,Tropical storm <50 kt,waiting hours per call,all,total,177.0,1.0924110979729431,0.913519929971753,1.3261800659647478
queue,Tropical storm <50 kt,CO2 per port call,all,total,177.0,0.9581724160563547,0.8678830827085775,1.0359963887994756
queue,Tropical storm <50 kt,port calls,all,total,177.0,1.0789487531603363,1.032992387552008,1.1296662885445505
queue,Tropical storm <50 kt,CO2,all,total,177.0,1.0338189336166306,0.9652233691682457,1.092958443702603
queue,Tropical storm <50 kt,"disruption penalty (t CO2, pooled)",all,total,177.0,-88167.35053785495,-292674.03556778945,69206.88077235958
storm,Hurricane ≥64 kt,CO2 per vessel-hour,all,port,52.0,0.707463844872796,0.5654475906165833,0.8336643037830492
storm,Hurricane ≥64 kt,CO2 per vessel-hour,all,channel,52.0,0.8619503013096582,0.6823829823958705,1.0393276948916452
storm,Hurricane ≥64 kt,CO2 per vessel-hour,all,anchorage,41.0,0.8337866418354298,0.7150329443726721,0.9760251839660635
storm,Hurricane ≥64 kt,CO2 per vessel-hour,all,offshore_hold,22.0,0.588763574944414,0.3407137717797958,1.428332830469644
storm,Hurricane ≥64 kt,CO2 per vessel-hour,all,offshore,37.0,0.8864996439561986,0.7616181259812571,1.114152078368658
storm,Hurricane ≥64 kt,CO2 per vessel-hour,all,total,52.0,0.7121484380547705,0.611123670663498,0.8383089142833151
storm,Hurricane ≥64 kt,CO2 per vessel-hour,tanker,port,44.0,0.9442783473867177,0.8082816454309133,1.1855331300830136
storm,Hurricane ≥64 kt,CO2 per vessel-hour,tanker,channel,49.0,0.8629284542633274,0.7878432254335155,0.9472383747257527
storm,Hurricane ≥64 kt,CO2 per vessel-hour,tanker,anchorage,27.0,0.9950870448297778,0.8988298790586586,1.0994554683872058
storm,Hurricane ≥64 kt,CO2 per vessel-hour,tanker,offshore_hold,11.0,0.8925876237761413,0.5260903376909208,1.1644365697150643
storm,Hurricane ≥64 kt,CO2 per vessel-hour,tanker,offshore,37.0,0.7941029910803061,0.7495601058940651,0.8497907140426624
storm,Hurricane ≥64 kt,CO2 per vessel-hour,tanker,total,52.0,0.8755334421590487,0.8199659966255489,0.9262732192139191
storm,Hurricane ≥64 kt,CO2 per vessel-hour,cargo,port,49.0,1.1074866696995196,0.9516978741490608,1.2903464129054456
storm,Hurricane ≥64 kt,CO2 per vessel-hour,cargo,channel,49.0,0.691082359391635,0.5638435651999821,0.8537299431541521
storm,Hurricane ≥64 kt,CO2 per vessel-hour,cargo,anchorage,31.0,0.8706868459300303,0.8422328005123557,0.9184126608149065
storm,Hurricane ≥64 kt,CO2 per vessel-hour,cargo,offshore_hold,8.0,0.5199012705854029,0.3399331999805014,1.1717506664444681
storm,Hurricane ≥64 kt,CO2 per vessel-hour,cargo,offshore,37.0,0.7156994921114258,0.634709401445992,0.8839802194657339
storm,Hurricane ≥64 kt,CO2 per vessel-hour,cargo,total,52.0,0.6977055202200793,0.6177337510966859,0.820879878189193
storm,Hurricane ≥64 kt,waiting hours per call,all,total,52.0,1.8164307753967064,1.1311373795282271,3.006789562875245
storm,Hurricane ≥64 kt,CO2 per port call,all,total,52.0,1.0195668455186173,0.7639905253934528,1.5393691020295956
storm,Hurricane ≥64 kt,port calls,all,total,52.0,0.46086704499314374,0.3008326032724838,0.6117076401099646
storm,Hurricane ≥64 kt,CO2,all,total,52.0,0.4698847592671462,0.3570618493455358,0.5929118607034809
storm,Hurricane ≥64 kt,"disruption penalty (t CO2, pooled)",all,total,52.0,1813.1858485027333,-29515.491650519627,32464.79726031385
storm,Strong TS 50–63 kt,CO2 per vessel-hour,all,port,43.0,0.8095778406906199,0.7222759735667108,0.9634822577314144
storm,Strong TS 50–63 kt,CO2 per vessel-hour,all,channel,43.0,0.904366614370695,0.8180182174847237,1.0487237617880176
storm,Strong TS 50–63 kt,CO2 per vessel-hour,all,anchorage,36.0,0.8865310750283921,0.7500101876685381,1.0500307723121036
storm,Strong TS 50–63 kt,CO2 per vessel-hour,all,offshore_hold,23.0,0.9641143793037209,0.8696366147307711,1.401793999132305
storm,Strong TS 50–63 kt,CO2 per vessel-hour,all,offshore,37.0,1.0431423104101278,0.8900459425852661,1.1754113074674342
storm,Strong TS 50–63 kt,CO2 per vessel-hour,all,total,43.0,0.7839073927801353,0.739022062921595,0.8747131165763917
storm,Strong TS 50–63 kt,CO2 per vessel-hour,tanker,port,38.0,0.9457989279374087,0.8665182183252077,1.1107881682767207
storm,Strong TS 50–63 kt,CO2 per vessel-hour,tanker,channel,41.0,1.0439640226127047,0.9351512632305644,1.1822418613616141
storm,Strong TS 50–63 kt,CO2 per vessel-hour,tanker,anchorage,25.0,0.9603263936878313,0.8630949476464462,1.0738712175579221
storm,Strong TS 50–63 kt,CO2 per vessel-hour,tanker,offshore_hold,13.0,0.9454938354869062,0.8023923275682187,1.410293174605019
storm,Strong TS 50–63 kt,CO2 per vessel-hour,tanker,offshore,37.0,0.8258177055344211,0.7700035896611123,0.9297635947566034
storm,Strong TS 50–63 kt,CO2 per vessel-hour,tanker,total,43.0,0.9143014414793422,0.882315902661686,0.9970237964664852
storm,Strong TS 50–63 kt,CO2 per vessel-hour,cargo,port,41.0,1.0453974509356807,0.9642298986920681,1.0993286660211146
storm,Strong TS 50–63 kt,CO2 per vessel-hour,cargo,channel,41.0,0.8482622523275848,0.672739467728112,1.0502455030595204
storm,Strong TS 50–63 kt,CO2 per vessel-hour,cargo,anchorage,27.0,0.9286105610642654,0.8211629554128882,1.0680105734954222
storm,Strong TS 50–63 kt,CO2 per vessel-hour,cargo,offshore_hold,12.0,0.7908829055091182,0.594059703842182,1.0127896006444088
storm,Strong TS 50–63 kt,CO2 per vessel-hour,cargo,offshore,36.0,0.8436149652175516,0.7178288074744928,0.9424418834515457
storm,Strong TS 50–63 kt,CO2 per vessel-hour,cargo,total,43.0,0.8148485782990611,0.7503637612738591,0.8690069249273289
storm,Strong TS 50–63 kt,waiting hours per call,all,total,43.0,1.255528013109542,0.9208018784258113,1.5158749605295623
storm,Strong TS 50–63 kt,CO2 per port call,all,total,43.0,1.0592152601186886,0.8172742006508285,1.3401742455693002
storm,Strong TS 50–63 kt,port calls,all,total,43.0,0.6884857780670638,0.5573593472648345,0.8743655086106682
storm,Strong TS 50–63 kt,CO2,all,total,43.0,0.7292546425033231,0.6539401230184924,0.7791912179429823
storm,Strong TS 50–63 kt,"disruption penalty (t CO2, pooled)",all,total,43.0,7196.3109920053685,-24438.95075247362,47641.7706394588
storm,Tropical storm <50 kt,CO2 per vessel-hour,all,port,174.0,0.8603266256194251,0.7924616552171977,0.9377360746618145
storm,Tropical storm <50 kt,CO2 per vessel-hour,all,channel,174.0,0.9736470749225241,0.9256144831634437,1.025806922800705
storm,Tropical storm <50 kt,CO2 per vessel-hour,all,anchorage,140.0,0.8669553818958983,0.7997523546257771,0.9395664152678455
storm,Tropical storm <50 kt,CO2 per vessel-hour,all,offshore_hold,84.0,0.7880251432558696,0.6828417155933264,0.9730162727467103
storm,Tropical storm <50 kt,CO2 per vessel-hour,all,offshore,127.0,0.9841393040293711,0.9042280570802744,1.0824724906502128
storm,Tropical storm <50 kt,CO2 per vessel-hour,all,total,174.0,0.8798096877583693,0.8351601335207687,0.9356920939848229
storm,Tropical storm <50 kt,CO2 per vessel-hour,tanker,port,153.0,1.013658110870289,0.9555836897464778,1.0626033988456436
storm,Tropical storm <50 kt,CO2 per vessel-hour,tanker,channel,156.0,1.0206122440179186,0.9669727918424638,1.0628054274387606
storm,Tropical storm <50 kt,CO2 per vessel-hour,tanker,anchorage,86.0,0.9601222791353682,0.8949997707600823,1.0258849033857198
storm,Tropical storm <50 kt,CO2 per vessel-hour,tanker,offshore_hold,56.0,0.9932671035937752,0.8385908463765587,1.2641150159662617
storm,Tropical storm <50 kt,CO2 per vessel-hour,tanker,offshore,124.0,0.8029448876254301,0.721836485464827,0.9532511473665358
storm,Tropical storm <50 kt,CO2 per vessel-hour,tanker,total,171.0,0.9495668626895801,0.9198263023611392,0.987622313078711
storm,Tropical storm <50 kt,CO2 per vessel-hour,cargo,port,167.0,0.9905675471818827,0.9419299896954435,1.044547387038284
storm,Tropical storm <50 kt,CO2 per vessel-hour,cargo,channel,169.0,1.0183678404907874,0.9509056443228193,1.0916374759015826
storm,Tropical storm <50 kt,CO2 per vessel-hour,cargo,anchorage,118.0,0.8984236894215121,0.8464694223700912,0.9563292916769864
storm,Tropical storm <50 kt,CO2 per vessel-hour,cargo,offshore_hold,60.0,0.9224392732163476,0.7843449715668912,1.0978363100188684
storm,Tropical storm <50 kt,CO2 per vessel-hour,cargo,offshore,126.0,0.9026273025123938,0.8302461971029328,0.9652096446042502
storm,Tropical storm <50 kt,CO2 per vessel-hour,cargo,total,174.0,0.9400704991806715,0.8776586571357023,1.0089969971906068
storm,Tropical storm <50 kt,waiting hours per call,all,total,174.0,1.1949028177033867,1.0226087885135038,1.3874346023432758
storm,Tropical storm <50 kt,CO2 per port call,all,total,174.0,1.0776752012595272,0.9868709259465117,1.1800777109574994
storm,Tropical storm <50 kt,port calls,all,total,174.0,0.7735004440029247,0.6530722628459414,0.9095226233548839
storm,Tropical storm <50 kt,CO2,all,total,174.0,0.8335822466651855,0.7536148950357829,0.9196554081307635
storm,Tropical storm <50 kt,"disruption penalty (t CO2, pooled)",all,total,174.0,37983.52862891683,-5804.6409441146,87844.29683964344
event30,Hurricane ≥64 kt,decomposition: activity share of ln change,all,total,,-1.301029485983874,,
event30,Hurricane ≥64 kt,decomposition: efficiency share of ln change,all,total,,2.3010294859838867,,
event30,Strong TS 50–63 kt,decomposition: activity share of ln change,all,total,,-0.7378259475733356,,
event30,Strong TS 50–63 kt,decomposition: efficiency share of ln change,all,total,,1.7378259475733355,,
event30,Tropical storm <50 kt,decomposition: activity share of ln change,all,total,,1.4801874803790909,,
event30,Tropical storm <50 kt,decomposition: efficiency share of ln change,all,total,,-0.4801874803790724,,
event45,Hurricane ≥64 kt,decomposition: activity share of ln change,all,total,,-0.13832787872937025,,
event45,Hurricane ≥64 kt,decomposition: efficiency share of ln change,all,total,,1.138327878729375,,
event45,Strong TS 50–63 kt,decomposition: activity share of ln change,all,total,,-1.1413021470123348,,
event45,Strong TS 50–63 kt,decomposition: efficiency share of ln change,all,total,,2.141302147012332,,
event45,Tropical storm <50 kt,decomposition: activity share of ln change,all,total,,1.073324680150725,,
event45,Tropical storm <50 kt,decomposition: efficiency share of ln change,all,total,,-0.07332468015072267,,
queue,Hurricane ≥64 kt,decomposition: activity share of ln change,all,total,,0.894546991573419,,
queue,Hurricane ≥64 kt,decomposition: efficiency share of ln change,all,total,,0.10545300842658972,,
queue,Strong TS 50–63 kt,decomposition: activity share of ln change,all,total,,2.7602401347410845,,
queue,Strong TS 50–63 kt,decomposition: efficiency share of ln change,all,total,,-1.7602401347411172,,
queue,Tropical storm <50 kt,decomposition: activity share of ln change,all,total,,2.2846660898718167,,
queue,Tropical storm <50 kt,decomposition: efficiency share of ln change,all,total,,-1.2846660898718052,,
storm,Hurricane ≥64 kt,decomposition: activity share of ln change,all,total,,1.0256569598970786,,
storm,Hurricane ≥64 kt,decomposition: efficiency share of ln change,all,total,,-0.02565695989707864,,
storm,Strong TS 50–63 kt,decomposition: activity share of ln change,all,total,,1.182205978158746,,
storm,Strong TS 50–63 kt,decomposition: efficiency share of ln change,all,total,,-0.18220597815874418,,
storm,Tropical storm <50 kt,decomposition: activity share of ln change,all,total,,1.410970967591843,,
storm,Tropical storm <50 kt,decomposition: efficiency share of ln change,all,total,,-0.4109709675918428,,
