intensity,phase,tier,measure,ratio,lo,hi,e_total,co2_share
Tropical storm <50 kt,prep,port,hours,1.0165509091967404,0.9791249693816395,1.0509621750598777,172718.5171370687,0.250239707709558
Tropical storm <50 kt,prep,port,co2,1.0262650296277447,0.9757735302902343,1.080632205202678,114408.2239759929,0.250239707709558
Tropical storm <50 kt,prep,port,nox,1.0234879254425764,0.9823323197667605,1.0671807408092149,854.2799373525486,0.250239707709558
Tropical storm <50 kt,prep,port,pm25,1.0257144990171985,0.9807192759276256,1.0755441192810984,18.44567433268979,0.250239707709558
Tropical storm <50 kt,prep,channel,hours,1.0195459144788002,0.9763054090765186,1.0764077828278755,23239.770689594272,0.09767887674665118
Tropical storm <50 kt,prep,channel,co2,1.0493116792807375,1.0107549082645035,1.091453720053793,45087.534384854815,0.09767887674665118
Tropical storm <50 kt,prep,channel,nox,1.0569587181869557,1.0200059098713332,1.0992529860099896,1039.2417324394664,0.09767887674665118
Tropical storm <50 kt,prep,channel,pm25,1.0621997196784727,1.0258882841503114,1.1023728313063677,13.012445009646367,0.09767887674665118
Tropical storm <50 kt,prep,anchorage,hours,1.0104433142216906,0.9482706367335865,1.0832601955542511,37831.858343033215,0.11725518608795928
Tropical storm <50 kt,prep,anchorage,co2,0.9991452348244523,0.9049271873324685,1.1042357502357427,52901.10702926654,0.11725518608795928
Tropical storm <50 kt,prep,anchorage,nox,1.0463329031275617,0.9705411505266549,1.1590489752972262,313.8797812703487,0.11725518608795928
Tropical storm <50 kt,prep,anchorage,pm25,1.0208872592049059,0.9380528088689206,1.1204151852542852,7.427609566932438,0.11725518608795928
Tropical storm <50 kt,prep,offshore_hold,hours,0.9177951570459504,0.7852557980300686,1.0799389262094417,7118.068574394235,0.03604525606915517
Tropical storm <50 kt,prep,offshore_hold,co2,0.9940671302542834,0.7616889659867013,1.2211301634185923,16639.8038366471,0.03604525606915517
Tropical storm <50 kt,prep,offshore_hold,nox,0.975983919595433,0.8112362028428876,1.1483235918192973,109.55825697814304,0.03604525606915517
Tropical storm <50 kt,prep,offshore_hold,pm25,0.9979396651927745,0.7961361770103054,1.1994400816176112,2.41604938153816,0.03604525606915517
Tropical storm <50 kt,prep,offshore,hours,0.9248633275421378,0.8584776005219932,1.0070716430309408,69734.02719134364,0.4987809733866763
Tropical storm <50 kt,prep,offshore,co2,0.9718731649790747,0.922822442238278,1.0302117788549285,232297.0855768622,0.4987809733866763
Tropical storm <50 kt,prep,offshore,nox,0.9732756572740454,0.9268021160407846,1.0318879385352524,5764.38937066766,0.4987809733866763
Tropical storm <50 kt,prep,offshore,pm25,0.9782762552490866,0.93102643570039,1.0374071603196182,68.16950796230171,0.4987809733866763
Tropical storm <50 kt,storm,port,hours,1.0401750611703264,0.9679295724533942,1.0979265268442375,262814.4817509096,0.250239707709558
Tropical storm <50 kt,storm,port,co2,0.8941658571506742,0.7828642348844848,1.0053456578938254,190222.67626389404,0.250239707709558
Tropical storm <50 kt,storm,port,nox,0.9226742531650499,0.819318069952514,1.0196565644808844,1375.1762626545944,0.250239707709558
Tropical storm <50 kt,storm,port,pm25,0.9109169599584245,0.8032893497712779,1.0135826956493756,30.11820830423537,0.250239707709558
Tropical storm <50 kt,storm,channel,hours,0.7578080973640652,0.6260240369799717,0.9027425337763288,35960.51199636104,0.09767887674665118
Tropical storm <50 kt,storm,channel,co2,0.7337328661502736,0.6083934112975278,0.8701547444722143,70256.08113149775,0.09767887674665118
Tropical storm <50 kt,storm,channel,nox,0.7218294455264873,0.5872530720455383,0.8642143302865806,1619.9786771283304,0.09767887674665118
Tropical storm <50 kt,storm,channel,pm25,0.7265680952677304,0.5948361887136429,0.8647785358656974,20.272631040469488,0.09767887674665118
Tropical storm <50 kt,storm,anchorage,hours,0.9146820982536674,0.8209502929252628,1.0149240516854978,65139.96404713291,0.11725518608795928
Tropical storm <50 kt,storm,anchorage,co2,0.7999223115635907,0.6814686618645915,0.92010725169454,98375.2455109564,0.11725518608795928
Tropical storm <50 kt,storm,anchorage,nox,0.8412931259986638,0.7429385417490908,0.9416233534730893,567.8349758556112,0.11725518608795928
Tropical storm <50 kt,storm,anchorage,pm25,0.8230533679672456,0.7123447153350084,0.9359111964498462,13.646493124934757,0.11725518608795928
Tropical storm <50 kt,storm,offshore_hold,hours,0.7545817246887353,0.6864978687033723,0.8895403862242031,11905.14191448998,0.03604525606915517
Tropical storm <50 kt,storm,offshore_hold,co2,0.6491515073590272,0.5245481509047897,0.8557823366176054,32398.997736083013,0.03604525606915517
Tropical storm <50 kt,storm,offshore_hold,nox,0.7406949402555006,0.6031321744780221,0.927198440568654,193.98883975463724,0.03604525606915517
Tropical storm <50 kt,storm,offshore_hold,pm25,0.6942197082809106,0.5622058660776098,0.8966725883759693,4.537391938154504,0.03604525606915517
Tropical storm <50 kt,storm,offshore,hours,0.8283604450675901,0.7185306543445443,0.9301979270186947,103613.69130776972,0.4987809733866763
Tropical storm <50 kt,storm,offshore,co2,0.8480303343622527,0.7774798779218218,0.9137300120690373,350133.88799517055,0.4987809733866763
Tropical storm <50 kt,storm,offshore,nox,0.8270846909071993,0.7519041644887399,0.901777880601654,8692.61869332523,0.4987809733866763
Tropical storm <50 kt,storm,offshore,pm25,0.8344067155414993,0.7609416377910158,0.9052531265828646,102.67938705062511,0.4987809733866763
Tropical storm <50 kt,after,port,hours,1.0109967948180703,0.9644140561154068,1.055331732241133,858775.421414305,0.250239707709558
Tropical storm <50 kt,after,port,co2,1.0201654701639549,0.9446322633847126,1.0843949758175264,566995.1410231993,0.250239707709558
Tropical storm <50 kt,after,port,nox,1.0170208420131122,0.9505118918514641,1.0752411750298914,4247.674451835085,0.250239707709558
Tropical storm <50 kt,after,port,pm25,1.0197580630651415,0.9478812053674637,1.0800403343438967,91.55068337352016,0.250239707709558
Tropical storm <50 kt,after,channel,hours,1.0197973099202655,0.934754078130212,1.09155945400048,114207.9094848822,0.09767887674665118
Tropical storm <50 kt,after,channel,co2,1.0321244687720705,0.9612490575461956,1.0940739186707527,224887.97056160925,0.09767887674665118
Tropical storm <50 kt,after,channel,nox,1.0205487438759155,0.9546992681086239,1.0791255852517347,5193.07830486814,0.09767887674665118
Tropical storm <50 kt,after,channel,pm25,1.0299218176283056,0.9609897084999839,1.0909723758193692,64.9426508688628,0.09767887674665118
Tropical storm <50 kt,after,anchorage,hours,1.149687395469723,0.9941394336044406,1.3723532159234266,186082.1411107434,0.11725518608795928
Tropical storm <50 kt,after,anchorage,co2,1.143068965117298,0.97472197897998,1.3502197263733418,257142.7373111627,0.11725518608795928
Tropical storm <50 kt,after,anchorage,nox,1.1978996947110971,1.0055254508758233,1.4457284611619527,1526.2019154109487,0.11725518608795928
Tropical storm <50 kt,after,anchorage,pm25,1.1755489856919619,0.9928942360040541,1.4026128628872232,36.07702731708556,0.11725518608795928
Tropical storm <50 kt,after,offshore_hold,hours,1.2048701000329038,0.9866806471602922,1.4569429791254527,34412.58374796394,0.03604525606915517
Tropical storm <50 kt,after,offshore_hold,co2,1.35552094251452,0.9813090699280129,1.7558943231277555,76512.75114222668,0.03604525606915517
Tropical storm <50 kt,after,offshore_hold,nox,1.3489289095157162,1.0496425770401485,1.6599660180156988,495.63512836378834,0.03604525606915517
Tropical storm <50 kt,after,offshore_hold,pm25,1.3739475948883362,1.0327909673360276,1.7277972522686165,11.038972522451013,0.03604525606915517
Tropical storm <50 kt,after,offshore,hours,1.0419210593240116,0.9813807397331615,1.1094041013973435,347371.6554734188,0.4987809733866763
Tropical storm <50 kt,after,offshore,co2,1.0364379135527213,0.976824459045833,1.0906004942317775,1154905.156131942,0.4987809733866763
Tropical storm <50 kt,after,offshore,nox,1.0262423882272522,0.9677799373866186,1.0781577142305845,28770.84243056355,0.4987809733866763
Tropical storm <50 kt,after,offshore,pm25,1.0348745340403371,0.975893662806125,1.0872504523199666,339.91688099390007,0.4987809733866763
Strong TS 50–63 kt,prep,port,hours,0.9744441865596994,0.8905915704346157,1.0186256465393202,43061.24115352734,0.22561253518669772
Strong TS 50–63 kt,prep,port,co2,0.9544632331922861,0.8772140418254246,1.012848794848367,27956.695888488266,0.22561253518669772
Strong TS 50–63 kt,prep,port,nox,0.9848846528630053,0.9091095121453437,1.0324520150210377,201.58273937940197,0.22561253518669772
Strong TS 50–63 kt,prep,port,pm25,0.9725937340013879,0.8964627905456789,1.0249296423910883,4.418863285096062,0.22561253518669772
Strong TS 50–63 kt,prep,channel,hours,1.077307352073108,0.9970264998976439,1.1857524927659628,7292.782639124548,0.12633945025261323
Strong TS 50–63 kt,prep,channel,co2,1.0730074730312988,0.9992460413423044,1.1864037848090048,14602.367990724108,0.12633945025261323
Strong TS 50–63 kt,prep,channel,nox,1.040204124516064,0.9760363245917427,1.114143187379361,336.57451744341023,0.12633945025261323
Strong TS 50–63 kt,prep,channel,pm25,1.0603592053997613,0.9959719734299036,1.1447668675941416,4.233942487201657,0.12633945025261323
Strong TS 50–63 kt,prep,anchorage,hours,0.8821114191406919,0.7751105528906883,0.9625451154094489,10419.868443890997,0.12536272673953644
Strong TS 50–63 kt,prep,anchorage,co2,0.9177122184854739,0.7289032410491663,1.0793425549750149,15109.070277372006,0.12536272673953644
Strong TS 50–63 kt,prep,anchorage,nox,0.9012134987857694,0.7568251722747465,1.0191241589755295,91.54291714155504,0.12536272673953644
Strong TS 50–63 kt,prep,anchorage,pm25,0.912149851504162,0.7507259719374013,1.0563324323983692,2.135492688918271,0.12536272673953644
Strong TS 50–63 kt,prep,offshore_hold,hours,0.9738817579847272,0.8029636239265899,1.238466725420165,1671.8640760550463,0.026780860873855936
Strong TS 50–63 kt,prep,offshore_hold,co2,0.9946671548819351,0.7971400774788205,1.60570579352339,2992.0329241727636,0.026780860873855936
Strong TS 50–63 kt,prep,offshore_hold,nox,1.0158724101474312,0.760616816940054,1.3723003954772595,16.677779730337765,0.026780860873855936
Strong TS 50–63 kt,prep,offshore_hold,pm25,1.0414390256590662,0.8245560294403437,1.5912184306264148,0.3954989445256645,0.026780860873855936
Strong TS 50–63 kt,prep,offshore,hours,0.8911901980155883,0.7849315937409771,0.9708620265500112,20293.697742155437,0.4959044269472966
Strong TS 50–63 kt,prep,offshore,co2,0.8997435641991705,0.8167891953293314,0.9745902016682539,59742.38738628096,0.4959044269472966
Strong TS 50–63 kt,prep,offshore,nox,0.8991487304007671,0.8285787814163603,0.9649067218767877,1435.661910685461,0.4959044269472966
Strong TS 50–63 kt,prep,offshore,pm25,0.908959157589458,0.8322827309903743,0.9778554762017388,17.124898208808883,0.4959044269472966
Strong TS 50–63 kt,storm,port,hours,1.1186127538907147,0.8811435447563988,1.2947707552173464,69834.49255597519,0.22561253518669772
Strong TS 50–63 kt,storm,port,co2,0.9210856058655091,0.7425692715879281,1.0246749577876064,40495.40891929459,0.22561253518669772
Strong TS 50–63 kt,storm,port,nox,0.9861536632987511,0.7781618385461607,1.1118694679685017,294.4072916801461,0.22561253518669772
Strong TS 50–63 kt,storm,port,pm25,0.9579837913603835,0.7648487854708816,1.0733599915709249,6.432125109796024,0.22561253518669772
Strong TS 50–63 kt,storm,channel,hours,0.6837978372876637,0.6080832155656797,0.8500994877488417,12594.693299208206,0.12633945025261323
Strong TS 50–63 kt,storm,channel,co2,0.6401012290243104,0.533328271098402,0.8710574872491363,24791.676646190757,0.12633945025261323
Strong TS 50–63 kt,storm,channel,nox,0.6123763518846537,0.4856249046534805,0.8372544162236322,560.5379114539297,0.12633945025261323
Strong TS 50–63 kt,storm,channel,pm25,0.618153532808473,0.5009292295551164,0.8507451957794485,7.1479247276991105,0.12633945025261323
Strong TS 50–63 kt,storm,anchorage,hours,0.8664689426962953,0.7335477891317106,0.9348678282329894,17982.039691596,0.12536272673953644
Strong TS 50–63 kt,storm,anchorage,co2,0.7709969942948022,0.5862240680839014,0.9097952954602055,23723.978916844022,0.12536272673953644
Strong TS 50–63 kt,storm,anchorage,nox,0.7661593971024068,0.6520916799584353,0.8835225062832703,151.3120308128079,0.12536272673953644
Strong TS 50–63 kt,storm,anchorage,pm25,0.7726505594923074,0.620623317813099,0.8900956950074514,3.4367083330188417,0.12536272673953644
Strong TS 50–63 kt,storm,offshore_hold,hours,0.9275002528099708,0.8369472089952696,1.3270162850215408,2580.602517518008,0.026780860873855936
Strong TS 50–63 kt,storm,offshore_hold,co2,1.0437862873144768,0.889700592355868,1.4537353472780417,5691.521689449202,0.026780860873855936
Strong TS 50–63 kt,storm,offshore_hold,nox,1.1949706674626566,0.8400360547989759,1.453042620615471,28.610023509835887,0.026780860873855936
Strong TS 50–63 kt,storm,offshore_hold,pm25,1.1470228091543675,0.9583347752218307,1.5889531989864925,0.7239096918593207,0.026780860873855936
Strong TS 50–63 kt,storm,offshore,hours,0.6476224516184812,0.5665505490901399,0.7964541224435139,34234.73566426199,0.4959044269472966
Strong TS 50–63 kt,storm,offshore,co2,0.6871814895622494,0.621961643657799,0.744022172050696,98410.48990606432,0.4959044269472966
Strong TS 50–63 kt,storm,offshore,nox,0.6670393478679143,0.6052901101159012,0.729017146766609,2352.9492464631685,0.4959044269472966
Strong TS 50–63 kt,storm,offshore,pm25,0.6750983841752227,0.614267156494228,0.7365737173681006,28.151215139195163,0.4959044269472966
Strong TS 50–63 kt,after,port,hours,1.0177924857544325,0.9352404692391526,1.0816965653409962,214962.55689608995,0.22561253518669772
Strong TS 50–63 kt,after,port,co2,1.0701484195704938,0.9918654904064256,1.1355374120347328,136415.25018512967,0.22561253518669772
Strong TS 50–63 kt,after,port,nox,1.0839574854388732,0.9993824638773258,1.1554214613778384,990.6152470933218,0.22561253518669772
Strong TS 50–63 kt,after,port,pm25,1.079148110778668,0.999710104777158,1.1486423904928298,21.649977873240953,0.22561253518669772
Strong TS 50–63 kt,after,channel,hours,1.0865608050102773,1.0186646483315083,1.1914735444036397,36882.04792873138,0.12633945025261323
Strong TS 50–63 kt,after,channel,co2,1.0979994819457468,1.0335866544719534,1.2607278763038958,75328.4329199864,0.12633945025261323
Strong TS 50–63 kt,after,channel,nox,1.0560168979197928,1.0090832100084564,1.1531619752207043,1725.9904834762272,0.12633945025261323
Strong TS 50–63 kt,after,channel,pm25,1.0759585328838146,1.0208762821848039,1.2020068053499344,21.73086563249562,0.12633945025261323
Strong TS 50–63 kt,after,anchorage,hours,1.0225245702504595,0.9224732540614078,1.1128395151670514,51414.67458823284,0.12536272673953644
Strong TS 50–63 kt,after,anchorage,co2,1.0009295466268566,0.8787780122719281,1.1472251833489953,75002.5150423866,0.12536272673953644
Strong TS 50–63 kt,after,anchorage,nox,1.0265813449523662,0.8995721199246042,1.1324076769297626,447.88087305575755,0.12536272673953644
Strong TS 50–63 kt,after,anchorage,pm25,1.0178050675779944,0.8992528797187723,1.1394544902661923,10.519181267265022,0.12536272673953644
Strong TS 50–63 kt,after,offshore_hold,hours,1.1600815953591417,1.0341103913346363,1.4552137171755337,8802.649980701231,0.026780860873855936
Strong TS 50–63 kt,after,offshore_hold,co2,1.338103521081472,1.1083805684494232,2.5791901788642333,15634.793332425736,0.026780860873855936
Strong TS 50–63 kt,after,offshore_hold,nox,1.3881511051195223,1.2641822451434157,1.8795683191483186,86.08090645158791,0.026780860873855936
Strong TS 50–63 kt,after,offshore_hold,pm25,1.3879606183810762,1.197896206507696,2.3511460173547953,2.094913558689853,0.026780860873855936
Strong TS 50–63 kt,after,offshore,hours,1.0073442994792394,0.9033028461315272,1.1603645169404482,101147.46266035714,0.4959044269472966
Strong TS 50–63 kt,after,offshore,co2,1.024919940786863,0.9496124956338635,1.0971035412382866,292152.9011250534,0.4959044269472966
Strong TS 50–63 kt,after,offshore,nox,1.0371167008480984,0.9539448889300517,1.1055447836831558,7121.739584241504,0.4959044269472966
Strong TS 50–63 kt,after,offshore,pm25,1.0419531252704493,0.9607300126286434,1.113515247899176,84.5394229772773,0.4959044269472966
Hurricane ≥64 kt,prep,port,hours,1.0215432179365964,0.9467843855518933,1.072354420306527,62020.48777493065,0.18472215215755058
Hurricane ≥64 kt,prep,port,co2,0.9603497939683254,0.835629982160304,1.0514098720559952,27511.200691600712,0.18472215215755058
Hurricane ≥64 kt,prep,port,nox,0.9863687680678895,0.8703939676239174,1.0830368946371691,211.03490975325863,0.18472215215755058
Hurricane ≥64 kt,prep,port,pm25,0.9752234008209576,0.857022232596597,1.0704060472838182,4.506491602679018,0.18472215215755058
Hurricane ≥64 kt,prep,channel,hours,1.0445313423274936,0.8641364638918047,1.224214453576474,9462.630984892987,0.13029188522457902
Hurricane ≥64 kt,prep,channel,co2,1.1028335806846414,0.9150481455339767,1.2744091951085896,19994.47017537402,0.13029188522457902
Hurricane ≥64 kt,prep,channel,nox,1.1062008653782565,0.944732882546049,1.2680204032598317,459.37668714282034,0.13029188522457902
Hurricane ≥64 kt,prep,channel,pm25,1.1162444261952902,0.9322750856709908,1.28688850728819,5.814523708329296,0.13029188522457902
Hurricane ≥64 kt,prep,anchorage,hours,1.0161240026915523,0.8440604073920743,1.1041516333259513,16317.183400728109,0.11849785259017745
Hurricane ≥64 kt,prep,anchorage,co2,1.0689311603201266,0.81507190650544,1.2591052432713568,18369.731718635056,0.11849785259017745
Hurricane ≥64 kt,prep,anchorage,nox,1.0616099257757614,0.827763152806135,1.2080184160165577,120.65328278760916,0.11849785259017745
Hurricane ≥64 kt,prep,anchorage,pm25,1.0693228184685422,0.8177159840364977,1.2440257910766463,2.6854985046902433,0.11849785259017745
Hurricane ≥64 kt,prep,offshore_hold,hours,0.8699936819420583,0.7259879378410471,1.1518199297244731,1397.6505491231628,0.022126327975789454
Hurricane ≥64 kt,prep,offshore_hold,co2,0.9401480353672187,0.5618195791540492,1.7928359148301813,3763.5337016025987,0.022126327975789454
Hurricane ≥64 kt,prep,offshore_hold,nox,0.929765509432828,0.5964049139148442,1.2832820813547197,20.426781512138795,0.022126327975789454
Hurricane ≥64 kt,prep,offshore_hold,pm25,0.9402273745939794,0.5670666680904177,1.581149073700544,0.5062438500786844,0.022126327975789454
Hurricane ≥64 kt,prep,offshore,hours,0.873298982889265,0.7716236571018531,0.9666427534162481,26286.871849375413,0.5443617820519034
Hurricane ≥64 kt,prep,offshore,co2,0.9844092083596041,0.8777367376908595,1.0764273531418784,81689.47071716556,0.5443617820519034
Hurricane ≥64 kt,prep,offshore,nox,1.0001627769833012,0.8934614195968797,1.0989254708879141,2002.222179238088,0.5443617820519034
Hurricane ≥64 kt,prep,offshore,pm25,1.0050582332711024,0.893891798610521,1.105398101284587,23.810420753184644,0.5443617820519034
Hurricane ≥64 kt,storm,port,hours,0.7394927132505352,0.5315486145967726,0.9251118786201841,88676.73141450327,0.18472215215755058
Hurricane ≥64 kt,storm,port,co2,0.5238898080069981,0.37876799408273837,0.6692547978741661,40744.71376166736,0.18472215215755058
Hurricane ≥64 kt,storm,port,nox,0.5938771726691313,0.4385263083594774,0.7501406474190859,305.5454905829651,0.18472215215755058
Hurricane ≥64 kt,storm,port,pm25,0.5639572728705224,0.4153149909837039,0.7118610944781193,6.579651447734793,0.18472215215755058
Hurricane ≥64 kt,storm,channel,hours,0.4180986472653643,0.28246414977542605,0.6190023357657716,13801.29387344712,0.13029188522457902
Hurricane ≥64 kt,storm,channel,co2,0.3717032161084415,0.24922534960668266,0.5541065247516619,29445.14988179958,0.13029188522457902
Hurricane ≥64 kt,storm,channel,nox,0.35655280555995666,0.2315813704893357,0.5415955299532448,680.1545318033724,0.13029188522457902
Hurricane ≥64 kt,storm,channel,pm25,0.3600260620540365,0.23532106009068265,0.5458015415365899,8.577917977287065,0.13029188522457902
Hurricane ≥64 kt,storm,anchorage,hours,0.7992603306505206,0.5600870821175084,0.9891492984718808,22385.57131571602,0.11849785259017745
Hurricane ≥64 kt,storm,anchorage,co2,0.6695383595940594,0.4073905070167846,0.9631316148264357,25401.413337798098,0.11849785259017745
Hurricane ≥64 kt,storm,anchorage,nox,0.643689724191959,0.4415775536973255,0.8512976305048566,166.50911892968057,0.11849785259017745
Hurricane ≥64 kt,storm,anchorage,pm25,0.6676746416929874,0.42977864730398796,0.9250569933466541,3.6930461302338515,0.11849785259017745
Hurricane ≥64 kt,storm,offshore_hold,hours,0.3044703459529522,0.15932879885810516,0.47727814867426577,1627.8517812588123,0.022126327975789454
Hurricane ≥64 kt,storm,offshore_hold,co2,0.2709073804255007,0.1465771917237933,0.45601875514591955,4138.589320966551,0.022126327975789454
Hurricane ≥64 kt,storm,offshore_hold,nox,0.3408269155345469,0.20121929485848017,0.48885549749026397,22.38292299416106,0.022126327975789454
Hurricane ≥64 kt,storm,offshore_hold,pm25,0.30140212822013046,0.1714836496858511,0.4677335984518307,0.5512621756558211,0.022126327975789454
Hurricane ≥64 kt,storm,offshore,hours,0.502562462079139,0.34618222657134706,0.6617204035367498,38578.15054091119,0.5443617820519034
Hurricane ≥64 kt,storm,offshore,co2,0.46814201622617374,0.32118646045767435,0.6323653876514951,123318.13183589288,0.5443617820519034
Hurricane ≥64 kt,storm,offshore,nox,0.4564297666429322,0.31411333685825615,0.6234570731180505,3042.028656640592,0.5443617820519034
Hurricane ≥64 kt,storm,offshore,pm25,0.46371114228813937,0.3179520322085486,0.6335387788636241,36.06756287335786,0.5443617820519034
Hurricane ≥64 kt,after,port,hours,0.9299974874904706,0.8242202866594021,1.0155334434914212,316578.275796274,0.18472215215755058
Hurricane ≥64 kt,after,port,co2,1.0073216820009916,0.8385898844080055,1.188038113340669,140326.94939863394,0.18472215215755058
Hurricane ≥64 kt,after,port,nox,1.0198815271797022,0.8730933223996286,1.1750668832039315,1057.8442163151772,0.18472215215755058
Hurricane ≥64 kt,after,port,pm25,1.0163695678740285,0.8559243648527044,1.1800120797377383,22.72204324424425,0.18472215215755058
Hurricane ≥64 kt,after,channel,hours,1.117214178405406,0.991526870322865,1.2527857116117953,46188.3141801437,0.13029188522457902
Hurricane ≥64 kt,after,channel,co2,1.0597468930287635,0.8782131193193732,1.24069628036196,97682.1746998888,0.13029188522457902
Hurricane ≥64 kt,after,channel,nox,1.028888695643058,0.8233529100438716,1.213113847531425,2246.018606599461,0.13029188522457902
Hurricane ≥64 kt,after,channel,pm25,1.0448754741582107,0.8462052307423236,1.2302090140768214,28.376581160264514,0.13029188522457902
Hurricane ≥64 kt,after,anchorage,hours,1.3802256161800353,1.264176417501006,1.5218543626390626,79129.80305935277,0.11849785259017745
Hurricane ≥64 kt,after,anchorage,co2,1.3594921251947172,1.273985670237893,1.5217801202770864,90033.1722107173,0.11849785259017745
Hurricane ≥64 kt,after,anchorage,nox,1.3619252419794634,1.2820711260731346,1.4741388845932573,580.6371038735165,0.11849785259017745
Hurricane ≥64 kt,after,anchorage,pm25,1.3752840348809323,1.2960750872555753,1.5033621493827665,13.03832884791258,0.11849785259017745
Hurricane ≥64 kt,after,offshore_hold,hours,1.5255906245388189,1.0488465781240255,2.147122313126462,6256.740381113375,0.022126327975789454
Hurricane ≥64 kt,after,offshore_hold,co2,1.4054615041799978,0.8756275333132207,1.7126426232411425,17082.280860839022,0.022126327975789454
Hurricane ≥64 kt,after,offshore_hold,nox,1.4745527456537337,0.8166174352910428,1.7348248264042725,91.72167279851087,0.022126327975789454
Hurricane ≥64 kt,after,offshore_hold,pm25,1.456486940720701,0.8636512079720011,1.74444867295266,2.2831335573879272,0.022126327975789454
Hurricane ≥64 kt,after,offshore,hours,1.0620523567067537,0.9405601821125285,1.201458770965673,131603.86224348104,0.5443617820519034
Hurricane ≥64 kt,after,offshore,co2,1.063690426973162,0.9324269037987747,1.2238482959140564,409669.8367562678,0.5443617820519034
Hurricane ≥64 kt,after,offshore,nox,1.0634298239486883,0.9353102726901767,1.2316811198209254,9999.102544006595,0.5443617820519034
Hurricane ≥64 kt,after,offshore,pm25,1.0722959179765936,0.9438656026576321,1.23668744034918,119.00977651198933,0.5443617820519034
