region,port_type,window,measure,n_events,n_ports,ratio,lo,hi
Gulf,Energy,prep,co2,50,15,0.9340825691982808,0.8156258845950403,1.0541017455606911
Gulf,Energy,prep,hours,50,15,0.9751612022638847,0.9001900514167678,1.0501904801510156
Gulf,Energy,storm,co2,50,15,0.694347260562905,0.5146041274367005,0.8282491676864802
Gulf,Energy,storm,hours,50,15,0.8099096041733908,0.6527228593845503,0.9380924584636768
Gulf,Energy,after,co2,50,15,1.0980467734274002,1.0113193593014498,1.1865668951236157
Gulf,Energy,after,hours,50,15,1.0959803206994185,1.0311297355111326,1.1598547546750984
Gulf,Energy,event30,co2,50,15,1.0348976414864492,0.9662057007107515,1.1144462437997664
Gulf,Energy,event30,hours,50,15,1.0557778849736363,1.0177531932448807,1.0974633232662456
Gulf,Mixed,prep,co2,17,4,0.9525955559294927,0.9036143611347957,1.014430213325006
Gulf,Mixed,prep,hours,17,4,0.9224664909730046,0.8842835488098131,0.9771224890999632
Gulf,Mixed,storm,co2,17,4,0.593228659683703,0.44786941556756166,0.7083211496395386
Gulf,Mixed,storm,hours,17,4,0.6711584643399359,0.5513615854990848,0.7852200045601313
Gulf,Mixed,after,co2,17,4,1.0502917012471944,0.9509808487308385,1.1820378699738143
Gulf,Mixed,after,hours,17,4,1.1212236077927962,1.0291645218142347,1.239772186733332
Gulf,Mixed,event30,co2,17,4,1.0023143716387894,0.9387620212581633,1.0826580447626444
Gulf,Mixed,event30,hours,17,4,1.0439205027625698,0.9488069629283833,1.1295113269593238
Gulf,Service,prep,co2,13,3,1.0905456777859572,0.8485908988480053,1.348124115131075
Gulf,Service,prep,hours,13,3,1.0474142450437518,0.9668535459309507,1.107970041352335
Gulf,Service,storm,co2,13,3,0.5842900860188909,0.3517991070578464,0.714058255059881
Gulf,Service,storm,hours,13,3,0.8811150567422329,0.41831682001031334,1.141941845350517
Gulf,Service,after,co2,13,3,0.9644755965318232,0.864525889466523,1.1033123800592828
Gulf,Service,after,hours,13,3,0.9131427207184581,0.7606914833408062,1.0097270737182873
Gulf,Service,event30,co2,13,3,0.9272554594270487,0.8466232082889622,1.0255754756171371
Gulf,Service,event30,hours,13,3,0.9290833431524255,0.8435314837448565,0.9935858740805269
Atlantic,Cargo,prep,co2,19,8,0.8655236188655665,0.7416537538172423,0.9327244913006483
Atlantic,Cargo,prep,hours,19,8,0.9113089055098573,0.7257504979037591,0.9799146660653719
Atlantic,Cargo,storm,co2,19,8,0.5146133783023832,0.2700896344995018,0.6494049045930833
Atlantic,Cargo,storm,hours,19,8,0.6769628190080081,0.41368588595519123,0.7903567327745308
Atlantic,Cargo,after,co2,19,8,1.0399314137737177,0.927196809815598,1.1530373893530586
Atlantic,Cargo,after,hours,19,8,1.005014000064672,0.8837364950007632,1.1476379249451834
Atlantic,Cargo,event30,co2,19,8,0.9822749091730176,0.9056735179990216,1.0370355287275617
Atlantic,Cargo,event30,hours,19,8,0.9758215482606702,0.8905984676798698,1.0587562198101024
Atlantic,Mixed,prep,co2,20,6,0.9466769706218184,0.8494547040597119,1.0059316480160962
Atlantic,Mixed,prep,hours,20,6,0.9256278299166171,0.8144601542735264,1.0127318275382502
Atlantic,Mixed,storm,co2,20,6,0.5087646296475511,0.32904031012988333,0.6410746443218478
Atlantic,Mixed,storm,hours,20,6,0.7532071615493278,0.568470993643324,0.8688246538970573
Atlantic,Mixed,after,co2,20,6,1.0434957993937546,0.9113955397509911,1.2098702298442408
Atlantic,Mixed,after,hours,20,6,0.9879832817618385,0.9298426353422508,1.0464831219678383
Atlantic,Mixed,event30,co2,20,6,0.9641522889178402,0.9102221384879644,1.0127156425430173
Atlantic,Mixed,event30,hours,20,6,0.9551476627096289,0.899407223914121,0.9929563142112076
