outcome,window,y,spec,term,label,coef,lo,hi,p,n,r2
"CO2, storm window",storm,lc,OLS,wind_at_closest_kt,Wind at closest approach,-0.2732242315500898,-0.39334772609991847,-0.1531007370002611,8.27307453149446e-06,343,0.357330638407817
"CO2, storm window",storm,lc,OLS,log_dist,Distance (log),0.03994624430638205,-0.01958533843585266,0.09947782704861677,0.1884581457041865,343,0.357330638407817
"CO2, storm window",storm,lc,OLS,k_days,Duration,-0.00018667581656887122,-0.06230493025612773,0.06193157862298999,0.9953004696590324,343,0.357330638407817
"CO2, storm window",storm,lc,OLS,surge_m,Storm surge,-0.04975392938358178,-0.13945116860590492,0.039943309838741364,0.27696285828861555,343,0.357330638407817
"CO2, storm window",storm,lc,OLS,rain_mm,Rainfall,-0.014517910725642399,-0.04760065863406411,0.018564837182779317,0.38973207724641057,343,0.357330638407817
"CO2, storm window",storm,lc,OLS,port_size,Port size (log normal CO2),0.004571751089867045,-0.05889041391522702,0.06803391609496111,0.8877168034481858,343,0.357330638407817
"CO2, storm window",storm,lc,OLS,tanker_sh,Tanker share,-0.0351405631590988,-0.14252555666288896,0.07224443034469136,0.5212779345964372,343,0.357330638407817
"CO2, storm window",storm,lc,OLS,other_sh,Service-craft share,0.00143146477440255,-0.053611483396990955,0.056474412945796054,0.9593482630022387,343,0.357330638407817
"CO2, storm window",storm,lc,OLS,passenger_sh,Passenger share,-0.05910950943284783,-0.15731054852403697,0.03909152965834131,0.23810033461057156,343,0.357330638407817
"CO2, storm window",storm,lc,OLS,wait_sh,Waiting-zone share,0.04258676691849077,-0.02716350302415907,0.1123370368611406,0.23143255565850473,343,0.357330638407817
"CO2, storm window",storm,lc,OLS,open_sh,Open-water share,-0.06043013840347778,-0.11364056965391983,-0.007219707153035736,0.026021137320088542,343,0.357330638407817
"CO2, storm window",storm,lc,OLS,season,Year,0.025627193431562934,-0.04503671403377156,0.09629110089689742,0.47720405209420047,343,0.357330638407817
"CO2, storm window",storm,lc,OLS,landfall,Landfall,0.40605779798582564,0.07544696238472348,0.7366686335869278,0.016073731784820976,343,0.357330638407817
"CO2, storm window",storm,lc,OLS,reg_Atlantic,Atlantic (vs Gulf),0.22667652755929293,0.009463597679333469,0.4438894574392524,0.040819745932010626,343,0.357330638407817
"CO2, storm window",storm,lc,OLS,met_missing,Surge/rain not observed,-0.14564917950011594,-0.3562426214131635,0.06494426241293161,0.1752466135687588,343,0.357330638407817
"CO2, storm window",storm,lc,WLS,wind_at_closest_kt,Wind at closest approach,-0.23398434534049403,-0.3343469855064355,-0.13362170517455255,4.8903315370517266e-06,343,0.38584987717832964
"CO2, storm window",storm,lc,WLS,log_dist,Distance (log),0.0258421482416049,-0.04268367679390021,0.09436797327711001,0.459826406647575,343,0.38584987717832964
"CO2, storm window",storm,lc,WLS,k_days,Duration,-0.0013194546162683687,-0.06633244866818655,0.06369353943564982,0.9682701568879793,343,0.38584987717832964
"CO2, storm window",storm,lc,WLS,surge_m,Storm surge,-0.11202546043903165,-0.21360862620249133,-0.010442294675571992,0.030661405030089132,343,0.38584987717832964
"CO2, storm window",storm,lc,WLS,rain_mm,Rainfall,-0.031547533959116546,-0.06538221548227707,0.0022871475640439884,0.0676284006291056,343,0.38584987717832964
"CO2, storm window",storm,lc,WLS,port_size,Port size (log normal CO2),0.016782649711223795,-0.04134307132857512,0.0749083707510227,0.5714612532430012,343,0.38584987717832964
"CO2, storm window",storm,lc,WLS,tanker_sh,Tanker share,-0.055256538410566144,-0.16789173524376932,0.05737865842263705,0.33629152952315355,343,0.38584987717832964
"CO2, storm window",storm,lc,WLS,other_sh,Service-craft share,-0.023925982366667486,-0.07702221390340096,0.029170249170065984,0.3771335931006329,343,0.38584987717832964
"CO2, storm window",storm,lc,WLS,passenger_sh,Passenger share,-0.07105907751056827,-0.16258976677011122,0.02047161174897469,0.12810896525878845,343,0.38584987717832964
"CO2, storm window",storm,lc,WLS,wait_sh,Waiting-zone share,0.03854217631453325,-0.016770807812052375,0.09385516044111888,0.17203124239655687,343,0.38584987717832964
"CO2, storm window",storm,lc,WLS,open_sh,Open-water share,-0.05443840871408083,-0.11536688598159513,0.006490068553433467,0.0799132429561871,343,0.38584987717832964
"CO2, storm window",storm,lc,WLS,season,Year,0.030332687873325936,-0.046556209005394894,0.10722158475204677,0.43940032661457795,343,0.38584987717832964
"CO2, storm window",storm,lc,WLS,landfall,Landfall,0.38853957351826984,-0.009348747030404225,0.7864278940669439,0.05563129186201001,343,0.38584987717832964
"CO2, storm window",storm,lc,WLS,reg_Atlantic,Atlantic (vs Gulf),0.18842729549373932,-0.026976338700823832,0.4038309296883025,0.08643593011107681,343,0.38584987717832964
"CO2, storm window",storm,lc,WLS,met_missing,Surge/rain not observed,-0.219796289566523,-0.4100448827806099,-0.029547696352436065,0.02355149527806021,343,0.38584987717832964
"Ship-hours, storm window",storm,lh,OLS,wind_at_closest_kt,Wind at closest approach,-0.17814618314099379,-0.25950699886411704,-0.09678536741787051,1.7746860878898068e-05,343,0.2909616335597379
"Ship-hours, storm window",storm,lh,OLS,log_dist,Distance (log),0.05015792378406346,0.0017824483029643817,0.09853339926516254,0.042135331425439744,343,0.2909616335597379
"Ship-hours, storm window",storm,lh,OLS,k_days,Duration,-0.013778924695964529,-0.06949896217850536,0.04194111278657631,0.6279057954537929,343,0.2909616335597379
"Ship-hours, storm window",storm,lh,OLS,surge_m,Storm surge,-0.062465859362149975,-0.14551519445882405,0.020583475734524098,0.14042935480720087,343,0.2909616335597379
"Ship-hours, storm window",storm,lh,OLS,rain_mm,Rainfall,0.006811206484606641,-0.024607999921314634,0.038230412890527914,0.6709165680306517,343,0.2909616335597379
"Ship-hours, storm window",storm,lh,OLS,port_size,Port size (log normal CO2),0.013167671694194773,-0.028838830593330273,0.05517417398171982,0.5389609868550714,343,0.2909616335597379
"Ship-hours, storm window",storm,lh,OLS,tanker_sh,Tanker share,0.06939774913664866,-0.03812756078848148,0.1769230590617788,0.20587942301580797,343,0.2909616335597379
"Ship-hours, storm window",storm,lh,OLS,other_sh,Service-craft share,0.10719648601190371,0.05042048958134054,0.16397248244246687,0.0002151500326380574,343,0.2909616335597379
"Ship-hours, storm window",storm,lh,OLS,passenger_sh,Passenger share,-0.06130515726276297,-0.14948282894515685,0.026872514419630907,0.17299071167454838,343,0.2909616335597379
"Ship-hours, storm window",storm,lh,OLS,wait_sh,Waiting-zone share,-0.0007376084337552473,-0.06316574539497187,0.061690528527461375,0.9815245580337824,343,0.2909616335597379
"Ship-hours, storm window",storm,lh,OLS,open_sh,Open-water share,-0.06878390069603671,-0.1111565670687576,-0.026411234323315824,0.0014645091016514927,343,0.2909616335597379
"Ship-hours, storm window",storm,lh,OLS,season,Year,0.014888196461362756,-0.03878703465082731,0.06856342757355281,0.5866850453241619,343,0.2909616335597379
"Ship-hours, storm window",storm,lh,OLS,landfall,Landfall,0.22619236439093338,-0.01917366185024802,0.4715583906321148,0.0707924824161368,343,0.2909616335597379
"Ship-hours, storm window",storm,lh,OLS,reg_Atlantic,Atlantic (vs Gulf),0.34220235925971865,0.11798674617009278,0.5664179723493445,0.0027775942731273115,343,0.2909616335597379
"Ship-hours, storm window",storm,lh,OLS,met_missing,Surge/rain not observed,-0.1078646056780444,-0.26535968558234535,0.04963047422625652,0.1794882554235444,343,0.2909616335597379
"Ship-hours, storm window",storm,lh,WLS,wind_at_closest_kt,Wind at closest approach,-0.14985486991265365,-0.2301744224851449,-0.06953531734016238,0.0002554131423878694,343,0.33686585462003216
"Ship-hours, storm window",storm,lh,WLS,log_dist,Distance (log),0.02937803758961939,-0.03434951451346184,0.09310558969270062,0.36624350444355713,343,0.33686585462003216
"Ship-hours, storm window",storm,lh,WLS,k_days,Duration,0.0021072060530752546,-0.053854508392876047,0.05806892049902655,0.9411684827059053,343,0.33686585462003216
"Ship-hours, storm window",storm,lh,WLS,surge_m,Storm surge,-0.11809248543317072,-0.20882400460220152,-0.02736096626413992,0.010741122490573103,343,0.33686585462003216
"Ship-hours, storm window",storm,lh,WLS,rain_mm,Rainfall,-0.009589607723438403,-0.03944350060184927,0.020264285154972465,0.5289722207365585,343,0.33686585462003216
"Ship-hours, storm window",storm,lh,WLS,port_size,Port size (log normal CO2),0.018482098838554013,-0.02352314996450055,0.060487347641608576,0.3884815644894629,343,0.33686585462003216
"Ship-hours, storm window",storm,lh,WLS,tanker_sh,Tanker share,0.05693295887497668,-0.06100241882633116,0.17486833657628453,0.3440634735912861,343,0.33686585462003216
"Ship-hours, storm window",storm,lh,WLS,other_sh,Service-craft share,0.0839067245026807,0.027801713575281592,0.14001173543007983,0.003376717871679184,343,0.33686585462003216
"Ship-hours, storm window",storm,lh,WLS,passenger_sh,Passenger share,-0.0695059006131093,-0.1535887359477255,0.014576934721506923,0.1051942963377359,343,0.33686585462003216
"Ship-hours, storm window",storm,lh,WLS,wait_sh,Waiting-zone share,0.004554090253881691,-0.042762245534458655,0.051870426042222036,0.8503733352543933,343,0.33686585462003216
"Ship-hours, storm window",storm,lh,WLS,open_sh,Open-water share,-0.052462834133919306,-0.09721733813562153,-0.007708330132217091,0.021587981012697207,343,0.33686585462003216
"Ship-hours, storm window",storm,lh,WLS,season,Year,0.019200799646346328,-0.04102292436401547,0.07942452365670813,0.5320468211699388,343,0.33686585462003216
"Ship-hours, storm window",storm,lh,WLS,landfall,Landfall,0.18627425624378638,-0.1259015927678964,0.4984501052554692,0.24220072170875329,343,0.33686585462003216
"Ship-hours, storm window",storm,lh,WLS,reg_Atlantic,Atlantic (vs Gulf),0.31265525150021617,0.0772150800211148,0.5480954229793176,0.009247807232046833,343,0.33686585462003216
"Ship-hours, storm window",storm,lh,WLS,met_missing,Surge/rain not observed,-0.19296680288497048,-0.3267331175849931,-0.0592004881849478,0.0046930840921929695,343,0.33686585462003216
"Decoupling gap, storm window",storm,g,OLS,wind_at_closest_kt,Wind at closest approach,-0.09507804840909596,-0.1504893187011673,-0.03966677811702463,0.000770930626718043,343,0.21418509963224464
"Decoupling gap, storm window",storm,g,OLS,log_dist,Distance (log),-0.010211679477681413,-0.0441336012892634,0.02371024233390057,0.5551789863679183,343,0.21418509963224464
"Decoupling gap, storm window",storm,g,OLS,k_days,Duration,0.01359224887939566,-0.019562961530808297,0.04674745928959962,0.42168393727855347,343,0.21418509963224464
"Decoupling gap, storm window",storm,g,OLS,surge_m,Storm surge,0.012711929978568185,-0.02131675642746134,0.046740616384597714,0.46406227309704373,343,0.21418509963224464
"Decoupling gap, storm window",storm,g,OLS,rain_mm,Rainfall,-0.021329117210249035,-0.045062382278454764,0.002404147857956694,0.07816695902358775,343,0.21418509963224464
"Decoupling gap, storm window",storm,g,OLS,port_size,Port size (log normal CO2),-0.008595920604327737,-0.05485678065344708,0.037664939444791615,0.7157169057487069,343,0.21418509963224464
"Decoupling gap, storm window",storm,g,OLS,tanker_sh,Tanker share,-0.10453831229574749,-0.17883529029934636,-0.03024133429214862,0.0058203479475710425,343,0.21418509963224464
"Decoupling gap, storm window",storm,g,OLS,other_sh,Service-craft share,-0.10576502123750116,-0.15243555187580035,-0.05909449059920196,8.925861305105916e-06,343,0.21418509963224464
"Decoupling gap, storm window",storm,g,OLS,passenger_sh,Passenger share,0.0021956478299151308,-0.03967637412639258,0.04406766978622284,0.9181416683532382,343,0.21418509963224464
"Decoupling gap, storm window",storm,g,OLS,wait_sh,Waiting-zone share,0.04332437535224598,-0.008964532190020344,0.0956132828945123,0.10438793355592413,343,0.21418509963224464
"Decoupling gap, storm window",storm,g,OLS,open_sh,Open-water share,0.008353762292558865,-0.04149427724179308,0.058201801826910815,0.7425640933130964,343,0.21418509963224464
"Decoupling gap, storm window",storm,g,OLS,season,Year,0.010738996970200237,-0.022437033141062008,0.043915027081462485,0.525796725808824,343,0.21418509963224464
"Decoupling gap, storm window",storm,g,OLS,landfall,Landfall,0.1798654335948923,0.047897256369537816,0.31183361082024674,0.007555265958445271,343,0.21418509963224464
"Decoupling gap, storm window",storm,g,OLS,reg_Atlantic,Atlantic (vs Gulf),-0.11552583170042578,-0.26118960856452966,0.030137945163678084,0.12007807757086096,343,0.21418509963224464
"Decoupling gap, storm window",storm,g,OLS,met_missing,Surge/rain not observed,-0.03778457382207156,-0.1551754912899516,0.07960634364580849,0.5281366932461169,343,0.21418509963224464
"Decoupling gap, storm window",storm,g,WLS,wind_at_closest_kt,Wind at closest approach,-0.07989124465657306,-0.1138088541574807,-0.045973635155665424,3.900821875544163e-06,343,0.2667978604138769
"Decoupling gap, storm window",storm,g,WLS,log_dist,Distance (log),-0.004474619091758075,-0.02754856000580117,0.018599321822285016,0.703881244509048,343,0.2667978604138769
"Decoupling gap, storm window",storm,g,WLS,k_days,Duration,-0.0096487208962046,-0.04143448737566041,0.02213704558325121,0.5518726100691758,343,0.2667978604138769
"Decoupling gap, storm window",storm,g,WLS,surge_m,Storm surge,-0.010594170156629015,-0.03778258709058485,0.016594246777326817,0.4450373166253103,343,0.2667978604138769
"Decoupling gap, storm window",storm,g,WLS,rain_mm,Rainfall,-0.024579315843737626,-0.05322969044838908,0.004071058760913827,0.09267282108182705,343,0.2667978604138769
"Decoupling gap, storm window",storm,g,WLS,port_size,Port size (log normal CO2),0.004244150655620822,-0.034816055648820086,0.043304356960061734,0.8313557481976176,343,0.2667978604138769
"Decoupling gap, storm window",storm,g,WLS,tanker_sh,Tanker share,-0.11829573903622533,-0.18527503110266286,-0.05131644696978779,0.0005369784427376484,343,0.2667978604138769
"Decoupling gap, storm window",storm,g,WLS,other_sh,Service-craft share,-0.11785838897689586,-0.16753926585661877,-0.06817751209717297,3.32514739384018e-06,343,0.2667978604138769
"Decoupling gap, storm window",storm,g,WLS,passenger_sh,Passenger share,-0.0001169005608204262,-0.03852576356285329,0.038291962441212433,0.9952403971019719,343,0.2667978604138769
"Decoupling gap, storm window",storm,g,WLS,wait_sh,Waiting-zone share,0.029552893945682442,-0.008017833119054834,0.06712362101041972,0.12314769059189858,343,0.2667978604138769
"Decoupling gap, storm window",storm,g,WLS,open_sh,Open-water share,-0.0034017747199553703,-0.04447563899051285,0.03767208955060211,0.871049144167362,343,0.2667978604138769
"Decoupling gap, storm window",storm,g,WLS,season,Year,0.014377329183958246,-0.02136736551924414,0.05012202388716063,0.4304966331279776,343,0.2667978604138769
"Decoupling gap, storm window",storm,g,WLS,landfall,Landfall,0.19946075003562555,0.008377627770838086,0.390543872300413,0.04076676317439299,343,0.2667978604138769
"Decoupling gap, storm window",storm,g,WLS,reg_Atlantic,Atlantic (vs Gulf),-0.15980182870398396,-0.3067497060584491,-0.012853951349518805,0.033055573763766194,343,0.2667978604138769
"Decoupling gap, storm window",storm,g,WLS,met_missing,Surge/rain not observed,-0.022877919977369564,-0.13489580238469318,0.08913996242995403,0.6889412162455166,343,0.2667978604138769
"CO2, 10 days after",after,lc,OLS,wind_at_closest_kt,Wind at closest approach,-0.0203333401811778,-0.07067654077178898,0.030009860409433375,0.42858309276661355,344,0.1273008865263816
"CO2, 10 days after",after,lc,OLS,log_dist,Distance (log),0.02801104776010503,0.002067339166909321,0.05395475635330074,0.03433249181227801,344,0.1273008865263816
"CO2, 10 days after",after,lc,OLS,k_days,Duration,0.008669349530903595,-0.03366662291023381,0.051005321972040996,0.6881612335540348,344,0.1273008865263816
"CO2, 10 days after",after,lc,OLS,surge_m,Storm surge,0.034020752804370676,0.0030621478173800606,0.0649793577913613,0.03125381516123907,344,0.1273008865263816
"CO2, 10 days after",after,lc,OLS,rain_mm,Rainfall,0.03098464829918298,0.0030797120353158215,0.05888958456305014,0.029534758447956753,344,0.1273008865263816
"CO2, 10 days after",after,lc,OLS,port_size,Port size (log normal CO2),-0.048130074982140406,-0.07319063852489455,-0.023069511439386268,0.00016707671233797986,344,0.1273008865263816
"CO2, 10 days after",after,lc,OLS,tanker_sh,Tanker share,-0.039641144581897,-0.10190330248775975,0.022621013323965752,0.21207786442325294,344,0.1273008865263816
"CO2, 10 days after",after,lc,OLS,other_sh,Service-craft share,-0.022105365631991794,-0.04487727433229552,0.0006665430683119311,0.057093407097448555,344,0.1273008865263816
"CO2, 10 days after",after,lc,OLS,passenger_sh,Passenger share,0.052604203057998726,0.025282745118490185,0.07992566099750727,0.00016085932982487652,344,0.1273008865263816
"CO2, 10 days after",after,lc,OLS,wait_sh,Waiting-zone share,0.04919257260803749,0.010802152263167317,0.08758299295290767,0.012023587864960928,344,0.1273008865263816
"CO2, 10 days after",after,lc,OLS,open_sh,Open-water share,0.03721921547551002,-0.004821627687819727,0.07926005863883977,0.08270938428410152,344,0.1273008865263816
"CO2, 10 days after",after,lc,OLS,season,Year,0.013384955448870391,-0.03800385627651639,0.06477376717425717,0.609700639033193,344,0.1273008865263816
"CO2, 10 days after",after,lc,OLS,landfall,Landfall,0.0968691934771934,-0.0043915672275036816,0.1981299541818905,0.060797880802205904,344,0.1273008865263816
"CO2, 10 days after",after,lc,OLS,reg_Atlantic,Atlantic (vs Gulf),-0.1129179906393378,-0.1964689416016879,-0.0293670396769877,0.008076257109710024,344,0.1273008865263816
"CO2, 10 days after",after,lc,OLS,met_missing,Surge/rain not observed,0.0418226621568782,-0.03798734889701942,0.12163267321077582,0.30438488727414215,344,0.1273008865263816
"CO2, 10 days after",after,lc,WLS,wind_at_closest_kt,Wind at closest approach,-0.018284816776807156,-0.06467953734051712,0.02810990378690282,0.4398481993416822,344,0.1318598617574096
"CO2, 10 days after",after,lc,WLS,log_dist,Distance (log),0.01748641760088649,-0.006201749853474221,0.0411745850552472,0.14794457303859512,344,0.1318598617574096
"CO2, 10 days after",after,lc,WLS,k_days,Duration,0.0018095097791943453,-0.03911585101977441,0.042734870578163095,0.9309421172754292,344,0.1318598617574096
"CO2, 10 days after",after,lc,WLS,surge_m,Storm surge,0.028451635351699325,0.0015362948489247089,0.05536697585447394,0.038280706303397284,344,0.1318598617574096
"CO2, 10 days after",after,lc,WLS,rain_mm,Rainfall,0.04825939094750718,0.01529173349652628,0.08122704839848809,0.004116747072907185,344,0.1318598617574096
"CO2, 10 days after",after,lc,WLS,port_size,Port size (log normal CO2),-0.045596515552265855,-0.07064081925041095,-0.020552211854120764,0.0003591988081156479,344,0.1318598617574096
"CO2, 10 days after",after,lc,WLS,tanker_sh,Tanker share,-0.029109499825541705,-0.09028018719970715,0.032061187548623735,0.35097766134902475,344,0.1318598617574096
"CO2, 10 days after",after,lc,WLS,other_sh,Service-craft share,-0.015074404954264322,-0.03754540638766349,0.0073965964791348465,0.18857087249797166,344,0.1318598617574096
"CO2, 10 days after",after,lc,WLS,passenger_sh,Passenger share,0.04979510306643864,0.025226416205105535,0.07436378992777175,7.115263302428658e-05,344,0.1318598617574096
"CO2, 10 days after",after,lc,WLS,wait_sh,Waiting-zone share,0.037835929112146796,0.004728897259370861,0.07094296096492272,0.025096204073001397,344,0.1318598617574096
"CO2, 10 days after",after,lc,WLS,open_sh,Open-water share,0.036516326626536845,-0.006030714855874919,0.07906336810894861,0.09253894031966031,344,0.1318598617574096
"CO2, 10 days after",after,lc,WLS,season,Year,0.0023708987264860746,-0.04761109201152982,0.05235288946450197,0.9259265928437435,344,0.1318598617574096
"CO2, 10 days after",after,lc,WLS,landfall,Landfall,0.07515699488196109,-0.013966446374984745,0.16428043613890692,0.09836750934703146,344,0.1318598617574096
"CO2, 10 days after",after,lc,WLS,reg_Atlantic,Atlantic (vs Gulf),-0.08017493120287553,-0.17344577366653297,0.013095911260781912,0.09203283015338933,344,0.1318598617574096
"CO2, 10 days after",after,lc,WLS,met_missing,Surge/rain not observed,0.05073467282447901,-0.03538438912885179,0.13685373477780982,0.24823018327370516,344,0.1318598617574096
"Decoupling gap, 10 days after",after,g,OLS,wind_at_closest_kt,Wind at closest approach,-0.015198496009564258,-0.03838475939607831,0.007987767376949798,0.19888036967568257,344,0.06483801034220127
"Decoupling gap, 10 days after",after,g,OLS,log_dist,Distance (log),0.0012081777071394832,-0.013064804832240417,0.015481160246519384,0.8682302997100547,344,0.06483801034220127
"Decoupling gap, 10 days after",after,g,OLS,k_days,Duration,-0.004087890515925968,-0.03258348269432005,0.024407701662468115,0.7785796761097306,344,0.06483801034220127
"Decoupling gap, 10 days after",after,g,OLS,surge_m,Storm surge,0.010238369402802976,-0.011144426984158594,0.031621165789764545,0.34800959684553867,344,0.06483801034220127
"Decoupling gap, 10 days after",after,g,OLS,rain_mm,Rainfall,0.0072835647557418885,-0.007362078807763656,0.021929208319247433,0.32969500554399367,344,0.06483801034220127
"Decoupling gap, 10 days after",after,g,OLS,port_size,Port size (log normal CO2),-0.0005312162662600285,-0.019620666068000815,0.018558233535480757,0.9565038489150438,344,0.06483801034220127
"Decoupling gap, 10 days after",after,g,OLS,tanker_sh,Tanker share,-0.03298700625648078,-0.0697145156044711,0.003740503091509542,0.07834814395575726,344,0.06483801034220127
"Decoupling gap, 10 days after",after,g,OLS,other_sh,Service-craft share,-0.0008424977457934146,-0.020738482681232403,0.019053487189645574,0.9338555964858222,344,0.06483801034220127
"Decoupling gap, 10 days after",after,g,OLS,passenger_sh,Passenger share,0.029431896726770303,0.011884114149350127,0.046979679304190475,0.0010114007601980833,344,0.06483801034220127
"Decoupling gap, 10 days after",after,g,OLS,wait_sh,Waiting-zone share,0.012237275730200052,-0.007887303452639723,0.03236185491303983,0.23333682599407557,344,0.06483801034220127
"Decoupling gap, 10 days after",after,g,OLS,open_sh,Open-water share,-0.002242674552459783,-0.027803746735193972,0.023318397630274407,0.8634665344247804,344,0.06483801034220127
"Decoupling gap, 10 days after",after,g,OLS,season,Year,-0.010037763157798162,-0.02680909690409742,0.006733570588501096,0.24077476989319613,344,0.06483801034220127
"Decoupling gap, 10 days after",after,g,OLS,landfall,Landfall,0.08890947331485027,0.05397341386845582,0.12384553276124473,6.102292351945003e-07,344,0.06483801034220127
"Decoupling gap, 10 days after",after,g,OLS,reg_Atlantic,Atlantic (vs Gulf),-0.04551293290649709,-0.10326947904649714,0.01224361323350296,0.12247260010050544,344,0.06483801034220127
"Decoupling gap, 10 days after",after,g,OLS,met_missing,Surge/rain not observed,0.014696234169098004,-0.03339759376381041,0.06279006210200641,0.5492299186589408,344,0.06483801034220127
"Decoupling gap, 10 days after",after,g,WLS,wind_at_closest_kt,Wind at closest approach,-0.022488890548384873,-0.04082570876389582,-0.0041520723328739295,0.016227167880120387,344,0.08302821934791071
"Decoupling gap, 10 days after",after,g,WLS,log_dist,Distance (log),-0.0033907214342285483,-0.016352164549908708,0.009570721681451611,0.6081417577977393,344,0.08302821934791071
"Decoupling gap, 10 days after",after,g,WLS,k_days,Duration,-0.011938764916397228,-0.030832960615881498,0.006955430783087043,0.21554861153992788,344,0.08302821934791071
"Decoupling gap, 10 days after",after,g,WLS,surge_m,Storm surge,0.004312476062937444,-0.01725797723634276,0.02588292936221765,0.6951719384364924,344,0.08302821934791071
"Decoupling gap, 10 days after",after,g,WLS,rain_mm,Rainfall,-0.005260871146223652,-0.01701280119405566,0.006491058901608356,0.38027058901667044,344,0.08302821934791071
"Decoupling gap, 10 days after",after,g,WLS,port_size,Port size (log normal CO2),-0.009199376433685244,-0.022890529512274358,0.004491776644903869,0.1878582632985324,344,0.08302821934791071
"Decoupling gap, 10 days after",after,g,WLS,tanker_sh,Tanker share,0.01309719440457835,-0.020374102373485234,0.04656849118264193,0.44312513078893057,344,0.08302821934791071
"Decoupling gap, 10 days after",after,g,WLS,other_sh,Service-craft share,0.011983145166999266,-0.008116451650096845,0.03208274198409537,0.24260204915049843,344,0.08302821934791071
"Decoupling gap, 10 days after",after,g,WLS,passenger_sh,Passenger share,0.023129675949675656,0.004537990988403368,0.04172136091094794,0.014753828998874471,344,0.08302821934791071
"Decoupling gap, 10 days after",after,g,WLS,wait_sh,Waiting-zone share,-0.0009933546320873695,-0.01631514607710651,0.01432843681293177,0.8988850335101884,344,0.08302821934791071
"Decoupling gap, 10 days after",after,g,WLS,open_sh,Open-water share,0.009571341263506755,-0.011465758835285115,0.030608441362298625,0.37253586290050955,344,0.08302821934791071
"Decoupling gap, 10 days after",after,g,WLS,season,Year,-0.011131794546772131,-0.024906378203687497,0.0026427891101432344,0.11321063917652725,344,0.08302821934791071
"Decoupling gap, 10 days after",after,g,WLS,landfall,Landfall,0.08058296304785523,0.05111085005104282,0.11005507604466763,8.370504431837366e-08,344,0.08302821934791071
"Decoupling gap, 10 days after",after,g,WLS,reg_Atlantic,Atlantic (vs Gulf),-0.0016229461730512436,-0.06296569753932293,0.059719805193220454,0.9586443908840186,344,0.08302821934791071
"Decoupling gap, 10 days after",after,g,WLS,met_missing,Surge/rain not observed,0.0015388822727981227,-0.05031365221353774,0.05339141675913399,0.9536148773602827,344,0.08302821934791071
"CO2, whole event",event30,lc,OLS,wind_at_closest_kt,Wind at closest approach,-0.008377085271111329,-0.03830645000565479,0.021552279463432127,0.583290629030879,344,0.11001729018468975
"CO2, whole event",event30,lc,OLS,log_dist,Distance (log),0.00775798026474797,-0.017251652406057427,0.032767612935553365,0.5432005944305172,344,0.11001729018468975
"CO2, whole event",event30,lc,OLS,k_days,Duration,0.003770613263549675,-0.02578014781338249,0.03332137434048184,0.8025199379865976,344,0.11001729018468975
"CO2, whole event",event30,lc,OLS,surge_m,Storm surge,0.010886240355181273,-0.007988336642886265,0.029760817353248814,0.2582894793410707,344,0.11001729018468975
"CO2, whole event",event30,lc,OLS,rain_mm,Rainfall,0.005729118739040853,-0.010599553502979002,0.022057790981060706,0.49165566493030544,344,0.11001729018468975
"CO2, whole event",event30,lc,OLS,port_size,Port size (log normal CO2),-0.0450292453153946,-0.06637631356746898,-0.02368217706332022,3.560007690713215e-05,344,0.11001729018468975
"CO2, whole event",event30,lc,OLS,tanker_sh,Tanker share,-0.013469142553287293,-0.05632728220471992,0.029388997098145332,0.5379188470701399,344,0.11001729018468975
"CO2, whole event",event30,lc,OLS,other_sh,Service-craft share,-0.0036809824884067024,-0.019790019893573763,0.012428054916760356,0.6542542553678556,344,0.11001729018468975
"CO2, whole event",event30,lc,OLS,passenger_sh,Passenger share,0.029050005646587274,0.010443165714632791,0.04765684557854176,0.0022133561620121945,344,0.11001729018468975
"CO2, whole event",event30,lc,OLS,wait_sh,Waiting-zone share,0.03463027971443085,0.008833370376887688,0.06042718905197401,0.008511041752596704,344,0.11001729018468975
"CO2, whole event",event30,lc,OLS,open_sh,Open-water share,0.015508905006223508,-0.017522560212696926,0.048540370225143945,0.3574470440755858,344,0.11001729018468975
"CO2, whole event",event30,lc,OLS,season,Year,0.002015309344700177,-0.016826818039542352,0.02085743672894271,0.8339540369570775,344,0.11001729018468975
"CO2, whole event",event30,lc,OLS,landfall,Landfall,0.09504037062209583,0.034243072098799995,0.15583766914539166,0.002184856109621336,344,0.11001729018468975
"CO2, whole event",event30,lc,OLS,reg_Atlantic,Atlantic (vs Gulf),-0.04617617941660758,-0.11721482109576438,0.02486246226254922,0.20266132535491477,344,0.11001729018468975
"CO2, whole event",event30,lc,OLS,met_missing,Surge/rain not observed,0.0017202733232627374,-0.04420684403905844,0.047647390685583914,0.9414770174992169,344,0.11001729018468975
"CO2, whole event",event30,lc,WLS,wind_at_closest_kt,Wind at closest approach,-0.00819249732588891,-0.034247355872600485,0.01786236122082267,0.5377119784527993,344,0.13779747842435575
"CO2, whole event",event30,lc,WLS,log_dist,Distance (log),0.0034218829049277163,-0.01397530402018337,0.020819069830038804,0.6998605476035371,344,0.13779747842435575
"CO2, whole event",event30,lc,WLS,k_days,Duration,-0.0035519345690290458,-0.03159091372946661,0.024487044591408522,0.8039137414675033,344,0.13779747842435575
"CO2, whole event",event30,lc,WLS,surge_m,Storm surge,0.008873840248533653,-0.008052623505314323,0.02580030400238163,0.30417213458924575,344,0.13779747842435575
"CO2, whole event",event30,lc,WLS,rain_mm,Rainfall,0.020887696888266912,0.006141321135442997,0.03563407264109083,0.0054995551500702546,344,0.13779747842435575
"CO2, whole event",event30,lc,WLS,port_size,Port size (log normal CO2),-0.040341582843033505,-0.06008252488666914,-0.02060064079939787,6.194341047771786e-05,344,0.13779747842435575
"CO2, whole event",event30,lc,WLS,tanker_sh,Tanker share,-0.008054937323366264,-0.04520593589128226,0.029096061244549734,0.6708717466105336,344,0.13779747842435575
"CO2, whole event",event30,lc,WLS,other_sh,Service-craft share,-0.0025820735197086843,-0.02061013010287548,0.015445983063458112,0.7789279306197715,344,0.13779747842435575
"CO2, whole event",event30,lc,WLS,passenger_sh,Passenger share,0.027954071582604552,0.011641680344892498,0.044266462820316606,0.0007830056347593843,344,0.13779747842435575
"CO2, whole event",event30,lc,WLS,wait_sh,Waiting-zone share,0.030513463168605513,0.01105304225415895,0.049973884083052075,0.002117938879079709,344,0.13779747842435575
"CO2, whole event",event30,lc,WLS,open_sh,Open-water share,0.0174731295768851,-0.011941414446839174,0.04688767360060937,0.2443113942264621,344,0.13779747842435575
"CO2, whole event",event30,lc,WLS,season,Year,-0.0018195780654972544,-0.01959384202941348,0.015954685898418967,0.840976596146021,344,0.13779747842435575
"CO2, whole event",event30,lc,WLS,landfall,Landfall,0.10407382511019886,0.03800900722221419,0.17013864299818354,0.002017879138553998,344,0.13779747842435575
"CO2, whole event",event30,lc,WLS,reg_Atlantic,Atlantic (vs Gulf),-0.0326021825094234,-0.10921255064977636,0.044008185630929564,0.4042364364493827,344,0.13779747842435575
"CO2, whole event",event30,lc,WLS,met_missing,Surge/rain not observed,0.009362585105659883,-0.0355402454188234,0.054265415630143164,0.6827836528573197,344,0.13779747842435575
"NOx, whole event",event30,ln,OLS,wind_at_closest_kt,Wind at closest approach,-0.013039619496535383,-0.04759000476583659,0.021510765772765818,0.4594774001164157,344,0.14813606225542764
"NOx, whole event",event30,ln,OLS,log_dist,Distance (log),0.012925733965181034,-0.008212121037560065,0.03406358896792214,0.23071775104637093,344,0.14813606225542764
"NOx, whole event",event30,ln,OLS,k_days,Duration,-0.00027037056498667444,-0.028906532248412328,0.02836579111843898,0.98523586630922,344,0.14813606225542764
"NOx, whole event",event30,ln,OLS,surge_m,Storm surge,-0.0011621365047536328,-0.01705250846833826,0.014728235458830997,0.8860206836550536,344,0.14813606225542764
"NOx, whole event",event30,ln,OLS,rain_mm,Rainfall,-0.008679675950708912,-0.023515008092016797,0.006155656190598973,0.25150070075917297,344,0.14813606225542764
"NOx, whole event",event30,ln,OLS,port_size,Port size (log normal CO2),-0.04512516758211623,-0.06459789592897318,-0.025652439235259283,5.5742445083104825e-06,344,0.14813606225542764
"NOx, whole event",event30,ln,OLS,tanker_sh,Tanker share,-0.0022604386888720757,-0.03863975669172247,0.03411887931397832,0.9030709662559683,344,0.14813606225542764
"NOx, whole event",event30,ln,OLS,other_sh,Service-craft share,-0.004573668790988375,-0.019305232817587607,0.010157895235610859,0.5428527825475158,344,0.14813606225542764
"NOx, whole event",event30,ln,OLS,passenger_sh,Passenger share,0.0311345566229218,0.01034194055780778,0.05192717268803582,0.003337399780878911,344,0.14813606225542764
"NOx, whole event",event30,ln,OLS,wait_sh,Waiting-zone share,0.038022082741637826,0.0194459898521507,0.05659817563112495,6.0280312755662425e-05,344,0.14813606225542764
"NOx, whole event",event30,ln,OLS,open_sh,Open-water share,0.026623963179661092,-0.0005263016604249403,0.05377422801974713,0.054609465782509206,344,0.14813606225542764
"NOx, whole event",event30,ln,OLS,season,Year,0.002433053395677234,-0.020360175468456053,0.025226282259810523,0.8342800041985311,344,0.14813606225542764
"NOx, whole event",event30,ln,OLS,landfall,Landfall,0.13482499670581302,0.054742007641746276,0.21490798576987977,0.0009677833535713164,344,0.14813606225542764
"NOx, whole event",event30,ln,OLS,reg_Atlantic,Atlantic (vs Gulf),-0.04183831549334239,-0.11169621466612692,0.02801958367944215,0.24046144042118545,344,0.14813606225542764
"NOx, whole event",event30,ln,OLS,met_missing,Surge/rain not observed,-0.018999264726123993,-0.058186044838779316,0.020187515386531327,0.34197698316604674,344,0.14813606225542764
"NOx, whole event",event30,ln,WLS,wind_at_closest_kt,Wind at closest approach,-0.011386913944130647,-0.04211539250838532,0.019341564620124024,0.4676579262039794,344,0.15536506022828478
"NOx, whole event",event30,ln,WLS,log_dist,Distance (log),0.008418330750647105,-0.007073007205916465,0.023909668707210674,0.2868364911460135,344,0.15536506022828478
"NOx, whole event",event30,ln,WLS,k_days,Duration,-0.003983100172372306,-0.0325347786265455,0.02456857828180089,0.7845268012023779,344,0.15536506022828478
"NOx, whole event",event30,ln,WLS,surge_m,Storm surge,-0.0005743121897746062,-0.01549850788857045,0.014349883509021237,0.9398779682868919,344,0.15536506022828478
"NOx, whole event",event30,ln,WLS,rain_mm,Rainfall,0.003657805954174433,-0.011007101765263153,0.01832271367361202,0.6249368985571075,344,0.15536506022828478
"NOx, whole event",event30,ln,WLS,port_size,Port size (log normal CO2),-0.04306362748697405,-0.061282693757399816,-0.024844561216548287,3.6095699199605857e-06,344,0.15536506022828478
"NOx, whole event",event30,ln,WLS,tanker_sh,Tanker share,0.002510416287755014,-0.03227561350271095,0.03729644607822098,0.8875180541443526,344,0.15536506022828478
"NOx, whole event",event30,ln,WLS,other_sh,Service-craft share,0.0015267234489296394,-0.013853186459781628,0.016906633357640907,0.8457370278455781,344,0.15536506022828478
"NOx, whole event",event30,ln,WLS,passenger_sh,Passenger share,0.02991767600628877,0.01165592528446488,0.04817942672811266,0.0013229697690905072,344,0.15536506022828478
"NOx, whole event",event30,ln,WLS,wait_sh,Waiting-zone share,0.033241959924983105,0.01825493026027517,0.048228989589691046,1.3782657523854877e-05,344,0.15536506022828478
"NOx, whole event",event30,ln,WLS,open_sh,Open-water share,0.02213039260948763,-0.002442768795103814,0.04670355401407907,0.07754227471934035,344,0.15536506022828478
"NOx, whole event",event30,ln,WLS,season,Year,-9.036700133954485e-05,-0.02164203830142896,0.021461304298749873,0.9934428943610464,344,0.15536506022828478
"NOx, whole event",event30,ln,WLS,landfall,Landfall,0.1285011245747447,0.053545737283966305,0.20345651186552308,0.0007791434308212472,344,0.15536506022828478
"NOx, whole event",event30,ln,WLS,reg_Atlantic,Atlantic (vs Gulf),-0.02653185847267353,-0.0985997777748809,0.045536060829533834,0.470563680673607,344,0.15536506022828478
"NOx, whole event",event30,ln,WLS,met_missing,Surge/rain not observed,-0.008432287653372651,-0.04508274778335121,0.028218172476605907,0.6520363013111548,344,0.15536506022828478
