port,days,tanker,cargo,passenger,other,all,z_port,z_channel,z_anchorage,z_offshore_hold,z_offshore,tanker_sh,cargo_sh,passenger_sh,other_sh,inner_sh,wait_sh,open_sh,size,port_type,layout,region
"Albany Port District, NY",103,3183.898889208948,18141.923859306335,2976.3392986666113,3103.0579667345855,27808.3188067284,1744.1549215269517,420.0828914991705,0.0,5.399338574340602,25997.416190289885,0.11449447596373871,0.6523919689426454,0.10703053713360289,0.11158739901902236,0.07782699227766589,0.00019416271123280556,0.9348791047375236,5.598361504338537,Cargo,Open coast,Atlantic
"Baltimore, MD",204,7723.829359075509,92842.41171664943,632.9255570526706,19539.11017754711,119651.14825126228,56204.222555622284,13564.121570756979,8312.71630851005,63.876441521495416,39802.79324373379,0.06455290627763804,0.7759425051373878,0.005289757485014302,0.1633006491213592,0.5830979906675758,0.07000846103408101,0.3326570101955865,6.3742156961972976,Cargo,Open coast,Atlantic
"Beaumont, TX",288,37845.61484241291,775.6572903557579,0.0,2977.8740582212995,41746.571256902964,31584.812438244116,3759.11923596525,1869.584180674257,0.0,0.0,0.9065562440928604,0.018580143638203577,0.0,0.07133218294493816,0.8466307677511384,0.04478413734074301,0.0,4.976412121187403,Energy,River / inland,Gulf
"Boston, MA",172,19006.34796820409,19889.848017277276,2898.297693767071,14287.4693458257,56501.20684548149,12222.976468010718,5728.975225231206,4075.06115550638,0.0,32380.255772978206,0.336388353972373,0.3520251889782051,0.05129620862246863,0.2528701623117329,0.31772687161066504,0.07212343564007025,0.5730896308379955,5.794522800189973,Mixed,Open coast,Atlantic
"Bridgeport, CT",170,0.0,10967.573385441736,0.0,2377.1012522354595,13212.730874138071,441.56221432868733,12621.665679843149,0.0050831017025813,0.0,0.0,0.0,0.8300761962017336,0.0,0.17990991225654016,0.9886849296038517,3.8471242251143596e-07,0.0,4.353137666893299,Cargo,River / inland,Atlantic
"Brownsville, TX",178,26018.250634552438,17071.40671468821,0.0,3102.535642029775,45352.183199441264,2743.3262805208524,1370.3105256434123,176.00371334376024,0.0,38831.776219910076,0.5736934541857509,0.3764186310417473,0.0,0.06840984100778633,0.09070427300211964,0.003880821184941954,0.8562272746417307,5.540430045204717,Energy,Open coast,Gulf
"Calhoun Port Authority, TX",252,48208.0360718961,4526.482162478511,0.0,6964.880951650793,58254.38974604162,4410.6850297497695,2276.163914111942,1815.3174608639672,12.31842936222885,44877.01722275452,0.8275434054336108,0.07770199262599065,0.0,0.11955976162507231,0.11478703962075378,0.031373359126989804,0.7703628416398253,5.443145641524135,Energy,Open coast,Gulf
"Canaveral Port District, FL",321,38409.481103620616,143192.1035994626,55493.623897305544,32073.9366001847,270080.94708736415,29281.200156244828,16820.98771268711,1908.871915894988,0.0,215505.3615259869,0.14221470088075538,0.5301821736915922,0.20547033952511579,0.118756754025339,0.17069766811066123,0.0070677770367767465,0.7979287833890649,6.735035873945524,Cargo,Open coast,Atlantic
"Corpus Christi, TX",248,441906.00298231276,24142.336712514974,0.0,28148.584166020762,492717.87403021666,198412.01960523258,26467.049702373228,157100.8707535763,1269.4502742646669,83826.24798778005,0.8968743093643325,0.04899829696666212,0.0,0.05712921257712382,0.45640534098792357,0.32142191175741414,0.17013031677157966,7.594263279424125,Energy,"Coastal, anchorage",Gulf
"Galveston, TX",286,840457.9800008208,112139.20032267537,5632.771981197861,44854.578310460114,1004913.4229529311,38382.22461358355,52947.5594105623,551114.5577759683,85171.21880224068,264720.3775732709,0.836348645370007,0.11159090699888863,0.0056052311100054765,0.04463526636817652,0.09088323624514232,0.6331747213690186,0.26342605395337626,8.164420138629163,Energy,"Coastal, anchorage",Gulf
"Greater Lafourche Port, LA",316,68041.34680530892,9939.501585545955,0.0,363514.8821797111,442901.4000838542,194776.31137602328,110063.05956397681,14413.93923658201,12861.623354030631,91435.58287319275,0.15362639809317988,0.02244179310262762,0.0,0.8207580335282008,0.6882781830951202,0.061583825622245895,0.20644681379621133,7.245360237493132,Service,Open coast,Gulf
"Houston Port Authority, TX",219,332381.31418976275,57622.58172877973,0.0,17869.60398900646,408651.6179322417,377105.1241825997,31255.315431149353,0.0,0.0,0.0,0.8133610625882184,0.1410066159051256,0.0,0.04372821054624922,0.9992874656413548,0.0,0.0,7.531546552332569,Energy,River / inland,Gulf
"Jacksonville, FL",172,14123.178875620302,75579.06592067477,2499.6209032676393,22694.946380694593,114921.73897565648,35369.31466392465,11509.766854025784,1256.131431640393,0.0,64543.46161519259,0.1228938841467755,0.6576568244993617,0.02175063591577853,0.197481752216628,0.40792179039233545,0.01093032043229415,0.5616296985278358,6.504512168219378,Cargo,Open coast,Atlantic
"Lake Charles Harbor District, LA",323,434191.607774509,123474.36356790406,8964.911962437398,85216.03310355014,652713.0140824888,63227.96994879602,38134.42013861521,35215.346279397454,46327.15156746747,454856.8673391691,0.6652105878183647,0.18917098465007712,0.013734844823094682,0.1305566631352331,0.1552939621249856,0.12492856138541725,0.6968711478482716,7.611240500044359,Energy,Open coast,Gulf
"Manatee County Port, FL",282,11056.477317939969,21672.35550681965,5276.54254699874,6296.0502544086,44576.3424433599,4339.090908728475,4393.17512638404,0.0,0.0,34658.3465689078,0.24803464600059272,0.48618514483006825,0.11837091734709462,0.14124196623822513,0.19589462832685314,0.0,0.7775053911824592,5.063051487848089,Mixed,Open coast,Gulf
"Mobile, AL",244,22710.18337887852,33858.88375217867,0.0,13922.10594916555,70300.92921862399,49816.232447081304,10252.642699225242,3.3199958674657113,246.16271786647997,7754.113042428354,0.32304243530343235,0.4816278266661778,0.0,0.19803587383418728,0.854453501738256,0.0035487825908829262,0.11029886985297697,5.663372070321811,Mixed,Open coast,Gulf
"Morehead City, NC",248,22401.974426852106,254190.7786105162,3706.3115342062933,22396.791358010465,303416.9108119811,3838.3873678890154,2182.5207745453836,47.45945429520415,0.0,297174.5487996305,0.07383231991553027,0.8377607494924072,0.012215243785482312,0.07381523758209088,0.019843680190144,0.00015641664193402003,0.9794264532070895,7.109434335857869,Cargo,Open coast,Atlantic
"New Haven, CT",171,5218.155999801983,21804.632056832514,1705.8202693224566,12432.44544126863,41255.17602858419,6809.177678874289,2170.5145987858136,273.9657950768857,878.1729936170386,29046.052619171012,0.12648488025324423,0.5285308209986763,0.04134803032086342,0.3013548029138125,0.21766219762190336,0.027927133019518564,0.7040583852810632,5.485868306869104,Cargo,Open coast,Atlantic
"New Orleans, LA",385,126984.44182324852,70227.00723857149,7.926928953153191,20167.338176876627,217155.81875456084,126131.13504844886,19421.77360479096,67030.52240157925,0.0,0.0,0.5847618661638166,0.3233945451765452,3.650341491476477e-05,0.09287035591558634,0.6702694382679665,0.3086747699693929,0.0,6.335127099330733,Energy,River / inland,Gulf
"New York, NY & NJ",206,147341.42765414628,123272.24854053775,29424.14485723954,70336.15294236843,371808.8042049565,130335.8854963191,23134.933153584778,78063.76531599894,25305.045065851893,113664.54763788995,0.3962827829459507,0.3315474167001838,0.07913783784694814,0.18917290862105623,0.41276811338040387,0.27801603730951363,0.305706982600749,7.498258865148315,Mixed,"Coastal, anchorage",Atlantic
"Orange County Nav District, TX",322,117458.02601294391,40367.57576111262,0.0,6273.850682958431,164422.8863045099,155267.26378102388,3164.9138789074095,3129.3906343267136,0.0,0.0,0.7143654308282398,0.24551068691466818,0.0,0.038156796927523266,0.9635652385186582,0.019032573291111715,0.0,6.2356454174688345,Energy,River / inland,Gulf
"Panama City Port Authority, FL",103,3317.40990931768,5859.776580455145,0.3931879071316602,8410.884642755602,17728.73638222693,966.7500896405645,482.86947092698824,28.98234893444716,0.0,15702.365746427116,0.18712049397064678,0.33052420962892626,2.2177999528823236e-05,0.47442098869423766,0.08176666003228507,0.0016347667599988674,0.8857013499376498,5.148213138260826,Service,Open coast,Gulf
"Philadelphia Regional Port, PA",205,29115.051642373208,9184.05867616551,0.0,9643.23879667498,47474.16955870896,35947.54221135446,6514.630842305808,3452.2817432752886,0.0,0.0,0.6132819575994491,0.19345380364806672,0.0,0.20312601328917743,0.8944268735685706,0.0727191602373586,0.0,5.444931064208129,Energy,River / inland,Atlantic
"Plaquemines Port District, LA",352,516570.69129646407,444217.4575875985,12529.826572805088,359466.66272907075,1328729.6056736975,63855.08681698411,391356.3399869796,252565.04341481518,4510.951359638954,595302.2643693006,0.38877036312783175,0.3343174229661043,0.009429929550227917,0.27053409602235257,0.342591468467477,0.19347502582672604,0.44802363236835396,8.236102684417194,Mixed,"Coastal, anchorage",Gulf
"Port Arthur, TX",322,16959.452154937368,1913.7185867871574,0.0,8501.29638294042,27310.217592901397,14309.909073347999,10819.025635945449,0.0,0.0,0.0,0.620992934137059,0.07007335552260778,0.0,0.3112862925394676,0.9201294212985356,0.0,0.0,4.440464636409046,Energy,River / inland,Gulf
"Port Everglades, FL",383,136235.8596980435,110623.36580354029,39069.893195871315,69273.19614278959,355490.26895687554,93760.42624980235,20526.970588401644,0.0,0.0,240823.46384761092,0.3832337242248683,0.3111853557289918,0.10990425507430944,0.19486664528415856,0.3214923355667667,0.0,0.6774403826981412,6.83321816583435,Mixed,Open coast,Atlantic
"Port Freeport, TX",252,284301.27389895375,51064.68369907129,0.0,23562.098821739655,359650.23698074307,50518.94597783943,8680.94414171849,44704.20263651996,2751.75616922535,248756.54884297293,0.7904937760799424,0.14198429042549324,0.0,0.0655139254725453,0.16460406259297888,0.13195030595318716,0.691662407708332,7.26345818670432,Energy,Open coast,Gulf
"Port Jefferson, NY",207,16007.250952791552,60761.172450026796,1493.5875416761357,9701.281631284577,90041.60347866152,4732.734023791734,18145.20330587616,0.0,0.0,67245.33583019936,0.1777761649545149,0.6748121990566979,0.016587749262262894,0.10774221311578078,0.2540818515642007,0.0,0.7468251700574776,6.0753083101114065,Cargo,Open coast,Atlantic
"Port of Brunswick, GA",208,141.06223804782343,22247.760563152042,0.0,4915.898371393331,27274.184597728385,7039.807406709009,3398.6272443344865,360.1321814347545,0.0,16136.084896818767,0.005172005694336037,0.8157076331075729,0.0,0.1802399757829155,0.38272215301765217,0.01320414108602716,0.5916248325958281,4.876157834961078,Cargo,Open coast,Atlantic
"Port of Charleston, SC",350,71401.66303505958,391278.8889569394,7835.263944989994,43719.14859138168,513592.9234045808,138986.45905275998,38202.13792815583,1388.4450206655129,5184.66336889322,323244.87301866605,0.13902384511402857,0.7618463400219224,0.01525578641748106,0.08512412574061519,0.3449981277123949,0.01279828457523507,0.6293795305353753,7.291253098361634,Cargo,Open coast,Atlantic
"Port of Greater Baton Rouge, LA",392,144638.67966090096,33756.51227797909,0.0,12650.671187575193,191075.18362940362,125953.05854070986,23293.912078655372,34744.39739799274,0.0,798.4473830323434,0.7569726058274122,0.17666612501313053,0.0,0.06620781907561356,0.7810902901385376,0.18183626328671024,0.004178707919396573,6.189160421353281,Energy,River / inland,Gulf
"Port of Iberia District, LA",459,44725.177819391356,26304.160141952354,1580.4014718478397,120052.0285500605,194166.42315042546,11577.288417579059,25786.853445091725,2249.3781119470896,648.5006309908559,151143.59408828113,0.23034455233663995,0.1354722393045984,0.008139416930101577,0.6182944847114645,0.19243358999163243,0.014924716106516975,0.7784229200698954,6.047420711531652,Service,Open coast,Gulf
"Port of Palm Beach District, FL",384,96471.36623057467,145967.68075291402,45825.055314534984,70324.30236347031,360921.8638211765,66466.6803886593,21118.49434252305,337.05882351832145,0.0,274918.33887267683,0.26729155504520136,0.40443014232364605,0.12696669253941237,0.19484633493501355,0.24267073710607226,0.0009338830846925962,0.761711512741408,6.845774217591319,Mixed,Open coast,Atlantic
"Port of Pascagoula, MS",276,97229.10308156225,39418.52047815206,250.2683605116113,19980.195390247092,158318.0754663071,43624.83342176737,16057.56183980891,26406.25820601812,14428.335651200463,50460.12340620915,0.6141377274526958,0.2489830700761709,0.0015807946109405102,0.126202869327446,0.3769777713996893,0.2579275533570322,0.31872623045463916,6.351960558512113,Energy,"Coastal, anchorage",Gulf
"Port of Providence, RI",172,37500.59626221639,119974.82731971912,45500.93046831267,42109.06520341156,243704.09572388083,40945.60471760189,1866.8498723907833,65.10820754952144,1592.7404660752263,199235.80396960417,0.15387757908141578,0.49229713174641015,0.18670564535716985,0.1727876795764711,0.17567392317648864,0.006802711578155448,0.817531619145787,7.256215569075856,Mixed,Open coast,Atlantic
"Port of Savannah, GA",240,14098.000170130152,136960.97298979704,1225.460542356778,19653.0082303961,172893.99533757364,58835.00361293236,34113.37166607586,710.8213609619722,19140.375190294668,56627.20717774429,0.08154129437869696,0.7921673203420526,0.007087930034609239,0.11367085474555559,0.5376032585604117,0.11481715436384818,0.32752558622513345,6.579795018620327,Cargo,Open coast,Atlantic
"PortMiami, FL",245,490148.9857922785,551282.4576199905,140453.73646584176,80785.04100303275,1277652.2297537073,111100.50581740472,79150.6593804004,6371.1059529953645,1250.1805467945878,1076799.9646058069,0.3836325522530997,0.4314808402332308,0.10993111677417648,0.06322928815974098,0.14890684708035126,0.0059650711847144084,0.8427958246614428,8.559276545649837,Mixed,Open coast,Atlantic
"Portland, ME",69,3417.518826558864,1225.2266801400979,0.0,2413.9316597659717,7838.129319776254,2356.8484078390584,1332.7338444629784,0.785250890371654,0.044415995434437,3802.5981031325655,0.4360120491934445,0.15631621145223373,0.0,0.30797293094864114,0.4707222988772223,0.00010585011447983796,0.48514102638473866,4.7326489731045775,Mixed,Open coast,Atlantic
"Sabine Pass Port Authority, TX",321,261950.8681325902,10476.004650156887,0.0,26667.46959175513,298200.3894807176,66798.86054677487,35248.83757356515,32397.976211327583,144030.10357523127,12331.788098550998,0.8784390543176289,0.03513075441785864,0.0,0.08942801730807101,0.34221182037369097,0.5916426873009405,0.041354030824793414,6.834079864287599,Energy,River / inland,Gulf
"Searsport, ME",69,14752.116562353236,16542.27876789827,17.135783236436716,5133.670465465033,38319.32012652222,1522.7234264450472,481.60616583133833,1.8082525222010173,166.61703262932818,35060.57264402207,0.3849785568649155,0.4316955184298467,0.0004471839056605914,0.1339708128566673,0.05230598000325989,0.004395309848802767,0.9149581080316543,6.31960298532916,Mixed,Open coast,Atlantic
"South Jersey Port Corp, NJ",204,172971.17547104286,238860.34731953303,4453.311870712153,57268.57390970399,473887.7241653362,64798.76902310841,70872.71057107658,55400.338867801824,8340.078039412929,262574.26652717503,0.36500454991886305,0.5040441757385474,0.009397398674033646,0.12084840140261445,0.2862945644628054,0.13450531350961129,0.5540853943613966,7.7506057099256385,Cargo,Open coast,Atlantic
"South Louisiana, LA, Port of",389,121015.47159310637,50884.70160321903,0.0,13491.181211939092,184803.55466706151,91304.58071597936,13866.070684737006,74678.9248984733,0.0,0.0,0.6548330296520837,0.27534482058471177,0.0,0.07300282311259944,0.5690943098480424,0.4040989635346214,0.0,6.163469329597652,Energy,River / inland,Gulf
"Tampa Port Authority, FL",176,39396.30163154825,26319.78423436451,1715.0166690227647,32578.22176047098,99159.74471576637,41400.29801309601,20338.98744555655,1651.4081474905097,159.1113656177623,32103.00630651933,0.39730136200405375,0.2654281161151444,0.017295492983959625,0.3285428159769259,0.6226244897626894,0.0182586141008933,0.3237503928488328,6.334003416639795,Mixed,Open coast,Gulf
"Terrebonne Parish Port, LA",315,154698.81351439437,67483.57100969022,1758.9868494570617,247681.01282084145,472098.97754942754,53860.98224653801,50445.82763681392,4736.730388462253,9934.952104008624,342028.7748369827,0.32768300901096065,0.142943692358717,0.0037258857424085404,0.5246378928980203,0.22094267270983717,0.031077556169743645,0.7244853115598481,7.312371301956405,Service,Open coast,Gulf
"Texas City, TX",286,95166.20040402992,29332.29399429956,39.213460636149506,11349.915838225874,136268.23310198414,68484.85833158137,68823.15774997795,0.0,0.0,0.0,0.6983740688323656,0.2152540861988506,0.00028776670646930505,0.08329098851477376,1.0076304136034187,0.0,0.0,6.16638871368441,Energy,River / inland,Gulf
"Virginia, VA, Port of",309,95469.60266306411,498176.0456403468,16092.364019005487,112292.59576478196,718317.0969017505,186245.97120766464,42127.19344875423,16828.395986675154,6187.0076744299695,460184.1691109498,0.13290732334625496,0.6935322127081238,0.022402869273772216,0.156327332662863,0.31792806497498016,0.03204072931073936,0.6406420939941689,7.751325112777684,Cargo,Open coast,Atlantic
"Wilmington, NC",284,17489.768289069874,167387.41008318256,206.39230762556923,18903.188735181415,204033.8951045744,11269.663356388206,6496.7071226208545,0.0,108.78009040389375,185387.52616354992,0.08571991570374014,0.8203902101530276,0.0010115589251471482,0.0926472963009057,0.08707558354411253,0.0005331471535557374,0.9086114151206712,6.577067173336758,Cargo,Open coast,Atlantic
