window,intensity,n_pairs,net_excess_wait_h,wait_h_lo,wait_h_hi,relocated_hotel_fuel_t,T_h,W_h,fuel_saved_t,co2_saved_t,co2_lo,co2_hi,fuel_price,fuel_cost_saved_usd,scc51_usd,scc190_usd
event30,Hurricane ≥64 kt,67,39523.73875047886,-51556.9774243536,123102.1319558296,18737.353926052772,24,12,56998.28219239926,177492.6507471313,0.0,475653.80634222325,450,25649226.986579668,9052125.188103696,33723603.64195494
event30,Hurricane ≥64 kt,67,39523.73875047886,-51556.9774243536,123102.1319558296,18737.353926052772,24,12,56998.28219239926,177492.6507471313,0.0,475653.80634222325,650,37048883.42505952,9052125.188103696,33723603.64195494
event30,Hurricane ≥64 kt,67,39523.73875047886,-51556.9774243536,123102.1319558296,18737.353926052772,24,12,56998.28219239926,177492.6507471313,0.0,475653.80634222325,900,51298453.973159336,9052125.188103696,33723603.64195494
event30,Hurricane ≥64 kt,67,39523.73875047886,-51556.9774243536,123102.1319558296,18737.353926052772,24,24,32831.010542821976,102235.76683034762,0.0,273976.5924531206,450,14773954.744269889,5214024.108347729,19424795.697766047
event30,Hurricane ≥64 kt,67,39523.73875047886,-51556.9774243536,123102.1319558296,18737.353926052772,24,24,32831.010542821976,102235.76683034762,0.0,273976.5924531206,650,21340156.852834284,5214024.108347729,19424795.697766047
event30,Hurricane ≥64 kt,67,39523.73875047886,-51556.9774243536,123102.1319558296,18737.353926052772,24,24,32831.010542821976,102235.76683034762,0.0,273976.5924531206,900,29547909.488539778,5214024.108347729,19424795.697766047
event30,Hurricane ≥64 kt,67,39523.73875047886,-51556.9774243536,123102.1319558296,18737.353926052772,24,48,16415.505271410988,51117.88341517381,0.0,136988.2962265603,450,7386977.372134944,2607012.0541738644,9712397.848883023
event30,Hurricane ≥64 kt,67,39523.73875047886,-51556.9774243536,123102.1319558296,18737.353926052772,24,48,16415.505271410988,51117.88341517381,0.0,136988.2962265603,650,10670078.426417142,2607012.0541738644,9712397.848883023
event30,Hurricane ≥64 kt,67,39523.73875047886,-51556.9774243536,123102.1319558296,18737.353926052772,24,48,16415.505271410988,51117.88341517381,0.0,136988.2962265603,900,14773954.744269889,2607012.0541738644,9712397.848883023
event30,Hurricane ≥64 kt,67,39523.73875047886,-51556.9774243536,123102.1319558296,18737.353926052772,24,upper,102596.90794631866,319486.77134483634,0.0,856176.8514160018,450,46168608.5758434,16293825.338586653,60702486.5555189
event30,Hurricane ≥64 kt,67,39523.73875047886,-51556.9774243536,123102.1319558296,18737.353926052772,24,upper,102596.90794631866,319486.77134483634,0.0,856176.8514160018,650,66687990.16510713,16293825.338586653,60702486.5555189
event30,Hurricane ≥64 kt,67,39523.73875047886,-51556.9774243536,123102.1319558296,18737.353926052772,24,upper,102596.90794631866,319486.77134483634,0.0,856176.8514160018,900,92337217.1516868,16293825.338586653,60702486.5555189
event30,Hurricane ≥64 kt,67,39523.73875047886,-51556.9774243536,123102.1319558296,18737.353926052772,72,12,81658.76346747814,254285.38943772693,0.0,681446.8817392669,450,36746443.56036516,12968554.861324074,48314223.993168116
event30,Hurricane ≥64 kt,67,39523.73875047886,-51556.9774243536,123102.1319558296,18737.353926052772,72,12,81658.76346747814,254285.38943772693,0.0,681446.8817392669,650,53078196.253860794,12968554.861324074,48314223.993168116
event30,Hurricane ≥64 kt,67,39523.73875047886,-51556.9774243536,123102.1319558296,18737.353926052772,72,12,81658.76346747814,254285.38943772693,0.0,681446.8817392669,900,73492887.12073033,12968554.861324074,48314223.993168116
event30,Hurricane ≥64 kt,67,39523.73875047886,-51556.9774243536,123102.1319558296,18737.353926052772,72,24,67329.22083977162,209663.1936950488,0.0,561866.0587417512,450,30298149.37789723,10692822.878447488,39836006.80205927
event30,Hurricane ≥64 kt,67,39523.73875047886,-51556.9774243536,123102.1319558296,18737.353926052772,72,24,67329.22083977162,209663.1936950488,0.0,561866.0587417512,650,43763993.54585155,10692822.878447488,39836006.80205927
event30,Hurricane ≥64 kt,67,39523.73875047886,-51556.9774243536,123102.1319558296,18737.353926052772,72,24,67329.22083977162,209663.1936950488,0.0,561866.0587417512,900,60596298.75579446,10692822.878447488,39836006.80205927
event30,Hurricane ≥64 kt,67,39523.73875047886,-51556.9774243536,123102.1319558296,18737.353926052772,72,48,49246.51581423296,153353.65024552142,0.0,410964.8886796809,450,22160932.11640483,7821036.162521592,29137193.54664907
event30,Hurricane ≥64 kt,67,39523.73875047886,-51556.9774243536,123102.1319558296,18737.353926052772,72,48,49246.51581423296,153353.65024552142,0.0,410964.8886796809,650,32010235.279251423,7821036.162521592,29137193.54664907
event30,Hurricane ≥64 kt,67,39523.73875047886,-51556.9774243536,123102.1319558296,18737.353926052772,72,48,49246.51581423296,153353.65024552142,0.0,410964.8886796809,900,44321864.23280966,7821036.162521592,29137193.54664907
event30,Hurricane ≥64 kt,67,39523.73875047886,-51556.9774243536,123102.1319558296,18737.353926052772,72,upper,102596.90794631866,319486.77134483634,0.0,856176.8514160018,450,46168608.5758434,16293825.338586653,60702486.5555189
event30,Hurricane ≥64 kt,67,39523.73875047886,-51556.9774243536,123102.1319558296,18737.353926052772,72,upper,102596.90794631866,319486.77134483634,0.0,856176.8514160018,650,66687990.16510713,16293825.338586653,60702486.5555189
event30,Hurricane ≥64 kt,67,39523.73875047886,-51556.9774243536,123102.1319558296,18737.353926052772,72,upper,102596.90794631866,319486.77134483634,0.0,856176.8514160018,900,92337217.1516868,16293825.338586653,60702486.5555189
event30,Hurricane ≥64 kt,67,39523.73875047886,-51556.9774243536,123102.1319558296,18737.353926052772,120,12,89030.37466416087,277240.58670419693,0.0,742963.3834601672,450,40063668.59887239,14139269.921914043,52675711.47379742
event30,Hurricane ≥64 kt,67,39523.73875047886,-51556.9774243536,123102.1319558296,18737.353926052772,120,12,89030.37466416087,277240.58670419693,0.0,742963.3834601672,650,57869743.53170457,14139269.921914043,52675711.47379742
event30,Hurricane ≥64 kt,67,39523.73875047886,-51556.9774243536,123102.1319558296,18737.353926052772,120,12,89030.37466416087,277240.58670419693,0.0,742963.3834601672,900,80127337.19774479,14139269.921914043,52675711.47379742
event30,Hurricane ≥64 kt,67,39523.73875047886,-51556.9774243536,123102.1319558296,18737.353926052772,120,24,78372.63801454897,244052.39477730548,0.0,654023.9837205568,450,35267687.106547035,12446672.13364258,46369955.00768804
event30,Hurricane ≥64 kt,67,39523.73875047886,-51556.9774243536,123102.1319558296,18737.353926052772,120,24,78372.63801454897,244052.39477730548,0.0,654023.9837205568,650,50942214.70945683,12446672.13364258,46369955.00768804
event30,Hurricane ≥64 kt,67,39523.73875047886,-51556.9774243536,123102.1319558296,18737.353926052772,120,24,78372.63801454897,244052.39477730548,0.0,654023.9837205568,900,70535374.21309407,12446672.13364258,46369955.00768804
event30,Hurricane ≥64 kt,67,39523.73875047886,-51556.9774243536,123102.1319558296,18737.353926052772,120,48,62814.433436521635,195604.14572132836,0.0,524189.9090302052,450,28266495.046434734,9975811.431787746,37164787.68705239
event30,Hurricane ≥64 kt,67,39523.73875047886,-51556.9774243536,123102.1319558296,18737.353926052772,120,48,62814.433436521635,195604.14572132836,0.0,524189.9090302052,650,40829381.73373906,9975811.431787746,37164787.68705239
event30,Hurricane ≥64 kt,67,39523.73875047886,-51556.9774243536,123102.1319558296,18737.353926052772,120,48,62814.433436521635,195604.14572132836,0.0,524189.9090302052,900,56532990.09286947,9975811.431787746,37164787.68705239
event30,Hurricane ≥64 kt,67,39523.73875047886,-51556.9774243536,123102.1319558296,18737.353926052772,120,upper,102596.90794631866,319486.77134483634,0.0,856176.8514160018,450,46168608.5758434,16293825.338586653,60702486.5555189
event30,Hurricane ≥64 kt,67,39523.73875047886,-51556.9774243536,123102.1319558296,18737.353926052772,120,upper,102596.90794631866,319486.77134483634,0.0,856176.8514160018,650,66687990.16510713,16293825.338586653,60702486.5555189
event30,Hurricane ≥64 kt,67,39523.73875047886,-51556.9774243536,123102.1319558296,18737.353926052772,120,upper,102596.90794631866,319486.77134483634,0.0,856176.8514160018,900,92337217.1516868,16293825.338586653,60702486.5555189
event30,Strong TS 50–63 kt,54,0.0,-21404.534437609047,10249.024541135015,4737.930475979975,24,12,0.0,0.0,0.0,37422.460619286365,450,0.0,0.0,0.0
event30,Strong TS 50–63 kt,54,0.0,-21404.534437609047,10249.024541135015,4737.930475979975,24,12,0.0,0.0,0.0,37422.460619286365,650,0.0,0.0,0.0
event30,Strong TS 50–63 kt,54,0.0,-21404.534437609047,10249.024541135015,4737.930475979975,24,12,0.0,0.0,0.0,37422.460619286365,900,0.0,0.0,0.0
event30,Strong TS 50–63 kt,54,0.0,-21404.534437609047,10249.024541135015,4737.930475979975,24,24,0.0,0.0,0.0,21555.337316708945,450,0.0,0.0,0.0
event30,Strong TS 50–63 kt,54,0.0,-21404.534437609047,10249.024541135015,4737.930475979975,24,24,0.0,0.0,0.0,21555.337316708945,650,0.0,0.0,0.0
event30,Strong TS 50–63 kt,54,0.0,-21404.534437609047,10249.024541135015,4737.930475979975,24,24,0.0,0.0,0.0,21555.337316708945,900,0.0,0.0,0.0
event30,Strong TS 50–63 kt,54,0.0,-21404.534437609047,10249.024541135015,4737.930475979975,24,48,0.0,0.0,0.0,10777.668658354472,450,0.0,0.0,0.0
event30,Strong TS 50–63 kt,54,0.0,-21404.534437609047,10249.024541135015,4737.930475979975,24,48,0.0,0.0,0.0,10777.668658354472,650,0.0,0.0,0.0
event30,Strong TS 50–63 kt,54,0.0,-21404.534437609047,10249.024541135015,4737.930475979975,24,48,0.0,0.0,0.0,10777.668658354472,900,0.0,0.0,0.0
event30,Strong TS 50–63 kt,54,0.0,-21404.534437609047,10249.024541135015,4737.930475979975,24,upper,0.0,0.0,0.0,67360.42911471544,450,0.0,0.0,0.0
event30,Strong TS 50–63 kt,54,0.0,-21404.534437609047,10249.024541135015,4737.930475979975,24,upper,0.0,0.0,0.0,67360.42911471544,650,0.0,0.0,0.0
event30,Strong TS 50–63 kt,54,0.0,-21404.534437609047,10249.024541135015,4737.930475979975,24,upper,0.0,0.0,0.0,67360.42911471544,900,0.0,0.0,0.0
event30,Strong TS 50–63 kt,54,0.0,-21404.534437609047,10249.024541135015,4737.930475979975,72,12,0.0,0.0,0.0,53613.402764773535,450,0.0,0.0,0.0
event30,Strong TS 50–63 kt,54,0.0,-21404.534437609047,10249.024541135015,4737.930475979975,72,12,0.0,0.0,0.0,53613.402764773535,650,0.0,0.0,0.0
event30,Strong TS 50–63 kt,54,0.0,-21404.534437609047,10249.024541135015,4737.930475979975,72,12,0.0,0.0,0.0,53613.402764773535,900,0.0,0.0,0.0
event30,Strong TS 50–63 kt,54,0.0,-21404.534437609047,10249.024541135015,4737.930475979975,72,24,0.0,0.0,0.0,44205.281606532015,450,0.0,0.0,0.0
event30,Strong TS 50–63 kt,54,0.0,-21404.534437609047,10249.024541135015,4737.930475979975,72,24,0.0,0.0,0.0,44205.281606532015,650,0.0,0.0,0.0
event30,Strong TS 50–63 kt,54,0.0,-21404.534437609047,10249.024541135015,4737.930475979975,72,24,0.0,0.0,0.0,44205.281606532015,900,0.0,0.0,0.0
event30,Strong TS 50–63 kt,54,0.0,-21404.534437609047,10249.024541135015,4737.930475979975,72,48,0.0,0.0,0.0,32333.005975063417,450,0.0,0.0,0.0
event30,Strong TS 50–63 kt,54,0.0,-21404.534437609047,10249.024541135015,4737.930475979975,72,48,0.0,0.0,0.0,32333.005975063417,650,0.0,0.0,0.0
event30,Strong TS 50–63 kt,54,0.0,-21404.534437609047,10249.024541135015,4737.930475979975,72,48,0.0,0.0,0.0,32333.005975063417,900,0.0,0.0,0.0
event30,Strong TS 50–63 kt,54,0.0,-21404.534437609047,10249.024541135015,4737.930475979975,72,upper,0.0,0.0,0.0,67360.42911471544,450,0.0,0.0,0.0
event30,Strong TS 50–63 kt,54,0.0,-21404.534437609047,10249.024541135015,4737.930475979975,72,upper,0.0,0.0,0.0,67360.42911471544,650,0.0,0.0,0.0
event30,Strong TS 50–63 kt,54,0.0,-21404.534437609047,10249.024541135015,4737.930475979975,72,upper,0.0,0.0,0.0,67360.42911471544,900,0.0,0.0,0.0
event30,Strong TS 50–63 kt,54,0.0,-21404.534437609047,10249.024541135015,4737.930475979975,120,12,0.0,0.0,0.0,58453.26493425723,450,0.0,0.0,0.0
event30,Strong TS 50–63 kt,54,0.0,-21404.534437609047,10249.024541135015,4737.930475979975,120,12,0.0,0.0,0.0,58453.26493425723,650,0.0,0.0,0.0
event30,Strong TS 50–63 kt,54,0.0,-21404.534437609047,10249.024541135015,4737.930475979975,120,12,0.0,0.0,0.0,58453.26493425723,900,0.0,0.0,0.0
event30,Strong TS 50–63 kt,54,0.0,-21404.534437609047,10249.024541135015,4737.930475979975,120,24,0.0,0.0,0.0,51455.883351518736,450,0.0,0.0,0.0
event30,Strong TS 50–63 kt,54,0.0,-21404.534437609047,10249.024541135015,4737.930475979975,120,24,0.0,0.0,0.0,51455.883351518736,650,0.0,0.0,0.0
event30,Strong TS 50–63 kt,54,0.0,-21404.534437609047,10249.024541135015,4737.930475979975,120,24,0.0,0.0,0.0,51455.883351518736,900,0.0,0.0,0.0
event30,Strong TS 50–63 kt,54,0.0,-21404.534437609047,10249.024541135015,4737.930475979975,120,48,0.0,0.0,0.0,41241.079049825785,450,0.0,0.0,0.0
event30,Strong TS 50–63 kt,54,0.0,-21404.534437609047,10249.024541135015,4737.930475979975,120,48,0.0,0.0,0.0,41241.079049825785,650,0.0,0.0,0.0
event30,Strong TS 50–63 kt,54,0.0,-21404.534437609047,10249.024541135015,4737.930475979975,120,48,0.0,0.0,0.0,41241.079049825785,900,0.0,0.0,0.0
event30,Strong TS 50–63 kt,54,0.0,-21404.534437609047,10249.024541135015,4737.930475979975,120,upper,0.0,0.0,0.0,67360.42911471544,450,0.0,0.0,0.0
event30,Strong TS 50–63 kt,54,0.0,-21404.534437609047,10249.024541135015,4737.930475979975,120,upper,0.0,0.0,0.0,67360.42911471544,650,0.0,0.0,0.0
event30,Strong TS 50–63 kt,54,0.0,-21404.534437609047,10249.024541135015,4737.930475979975,120,upper,0.0,0.0,0.0,67360.42911471544,900,0.0,0.0,0.0
event30,Tropical storm <50 kt,223,82756.34936795974,21815.297813052908,165766.42541900263,64529.32984348223,24,12,95172.61388409627,296367.51963507576,74303.30573116109,581394.7215660325,450,42827676.24784332,15114743.501388865,56309828.730664395
event30,Tropical storm <50 kt,223,82756.34936795974,21815.297813052908,165766.42541900263,64529.32984348223,24,12,95172.61388409627,296367.51963507576,74303.30573116109,581394.7215660325,650,61862199.02466258,15114743.501388865,56309828.730664395
event30,Tropical storm <50 kt,223,82756.34936795974,21815.297813052908,165766.42541900263,64529.32984348223,24,12,95172.61388409627,296367.51963507576,74303.30573116109,581394.7215660325,900,85655352.49568664,15114743.501388865,56309828.730664395
event30,Tropical storm <50 kt,223,82756.34936795974,21815.297813052908,165766.42541900263,64529.32984348223,24,24,54819.425597239446,170707.69130980363,42798.70410114878,334883.35962203465,450,24668741.51875775,8706092.256799985,32434461.34886269
event30,Tropical storm <50 kt,223,82756.34936795974,21815.297813052908,165766.42541900263,64529.32984348223,24,24,54819.425597239446,170707.69130980363,42798.70410114878,334883.35962203465,650,35632626.63820564,8706092.256799985,32434461.34886269
event30,Tropical storm <50 kt,223,82756.34936795974,21815.297813052908,165766.42541900263,64529.32984348223,24,24,54819.425597239446,170707.69130980363,42798.70410114878,334883.35962203465,900,49337483.0375155,8706092.256799985,32434461.34886269
event30,Tropical storm <50 kt,223,82756.34936795974,21815.297813052908,165766.42541900263,64529.32984348223,24,48,27409.712798619723,85353.84565490182,21399.35205057439,167441.67981101733,450,12334370.759378875,4353046.128399992,16217230.674431344
event30,Tropical storm <50 kt,223,82756.34936795974,21815.297813052908,165766.42541900263,64529.32984348223,24,48,27409.712798619723,85353.84565490182,21399.35205057439,167441.67981101733,650,17816313.31910282,4353046.128399992,16217230.674431344
event30,Tropical storm <50 kt,223,82756.34936795974,21815.297813052908,165766.42541900263,64529.32984348223,24,48,27409.712798619723,85353.84565490182,21399.35205057439,167441.67981101733,900,24668741.51875775,4353046.128399992,16217230.674431344
event30,Tropical storm <50 kt,223,82756.34936795974,21815.297813052908,165766.42541900263,64529.32984348223,24,upper,171310.70499137326,533461.5353431363,133745.95031608993,1046510.4988188583,450,77089817.24611796,27206538.30249995,101357691.7151959
event30,Tropical storm <50 kt,223,82756.34936795974,21815.297813052908,165766.42541900263,64529.32984348223,24,upper,171310.70499137326,533461.5353431363,133745.95031608993,1046510.4988188583,650,111351958.24439262,27206538.30249995,101357691.7151959
event30,Tropical storm <50 kt,223,82756.34936795974,21815.297813052908,165766.42541900263,64529.32984348223,24,upper,171310.70499137326,533461.5353431363,133745.95031608993,1046510.4988188583,900,154179634.49223593,27206538.30249995,101357691.7151959
event30,Tropical storm <50 kt,223,82756.34936795974,21815.297813052908,165766.42541900263,64529.32984348223,72,12,136349.3366257869,424591.8342527004,106450.85841484711,832936.9276313364,450,61357201.48160411,21654183.54688772,80672448.50801307
event30,Tropical storm <50 kt,223,82756.34936795974,21815.297813052908,165766.42541900263,64529.32984348223,72,12,136349.3366257869,424591.8342527004,106450.85841484711,832936.9276313364,650,88627068.80676149,21654183.54688772,80672448.50801307
event30,Tropical storm <50 kt,223,82756.34936795974,21815.297813052908,165766.42541900263,64529.32984348223,72,12,136349.3366257869,424591.8342527004,106450.85841484711,832936.9276313364,900,122714402.96320821,21654183.54688772,80672448.50801307
event30,Tropical storm <50 kt,223,82756.34936795974,21815.297813052908,165766.42541900263,64529.32984348223,72,24,112422.6501505887,350084.1325689332,87770.77989493402,686772.5148498757,450,50590192.567764916,17854290.761015594,66515985.188097306
event30,Tropical storm <50 kt,223,82756.34936795974,21815.297813052908,165766.42541900263,64529.32984348223,72,24,112422.6501505887,350084.1325689332,87770.77989493402,686772.5148498757,650,73074722.59788266,17854290.761015594,66515985.188097306
event30,Tropical storm <50 kt,223,82756.34936795974,21815.297813052908,165766.42541900263,64529.32984348223,72,24,112422.6501505887,350084.1325689332,87770.77989493402,686772.5148498757,900,101180385.13552983,17854290.761015594,66515985.188097306
event30,Tropical storm <50 kt,223,82756.34936795974,21815.297813052908,165766.42541900263,64529.32984348223,72,48,82229.13839585916,256061.53696470542,64198.05615172317,502325.03943305195,450,37003112.278136626,13059138.385199977,48651692.02329403
event30,Tropical storm <50 kt,223,82756.34936795974,21815.297813052908,165766.42541900263,64529.32984348223,72,48,82229.13839585916,256061.53696470542,64198.05615172317,502325.03943305195,650,53448939.95730846,13059138.385199977,48651692.02329403
event30,Tropical storm <50 kt,223,82756.34936795974,21815.297813052908,165766.42541900263,64529.32984348223,72,48,82229.13839585916,256061.53696470542,64198.05615172317,502325.03943305195,900,74006224.55627325,13059138.385199977,48651692.02329403
event30,Tropical storm <50 kt,223,82756.34936795974,21815.297813052908,165766.42541900263,64529.32984348223,72,upper,171310.70499137326,533461.5353431363,133745.95031608993,1046510.4988188583,450,77089817.24611796,27206538.30249995,101357691.7151959
event30,Tropical storm <50 kt,223,82756.34936795974,21815.297813052908,165766.42541900263,64529.32984348223,72,upper,171310.70499137326,533461.5353431363,133745.95031608993,1046510.4988188583,650,111351958.24439262,27206538.30249995,101357691.7151959
event30,Tropical storm <50 kt,223,82756.34936795974,21815.297813052908,165766.42541900263,64529.32984348223,72,upper,171310.70499137326,533461.5353431363,133745.95031608993,1046510.4988188583,900,154179634.49223593,27206538.30249995,101357691.7151959
event30,Tropical storm <50 kt,223,82756.34936795974,21815.297813052908,165766.42541900263,64529.32984348223,120,12,148658.0497859025,462921.1670333003,116060.53539825992,908128.9452560345,450,66896122.40365612,23608979.518698316,87955021.73632707
event30,Tropical storm <50 kt,223,82756.34936795974,21815.297813052908,165766.42541900263,64529.32984348223,120,12,148658.0497859025,462921.1670333003,116060.53539825992,908128.9452560345,650,96627732.36083663,23608979.518698316,87955021.73632707
event30,Tropical storm <50 kt,223,82756.34936795974,21815.297813052908,165766.42541900263,64529.32984348223,120,12,148658.0497859025,462921.1670333003,116060.53539825992,908128.9452560345,900,133792244.80731224,23608979.518698316,87955021.73632707
event30,Tropical storm <50 kt,223,82756.34936795974,21815.297813052908,165766.42541900263,64529.32984348223,120,24,130862.34409063232,407505.33949822903,102167.04538034648,799417.7421532944,450,58888054.84078454,20782772.31440968,77426014.50466351
event30,Tropical storm <50 kt,223,82756.34936795974,21815.297813052908,165766.42541900263,64529.32984348223,120,24,130862.34409063232,407505.33949822903,102167.04538034648,799417.7421532944,650,85060523.658911,20782772.31440968,77426014.50466351
event30,Tropical storm <50 kt,223,82756.34936795974,21815.297813052908,165766.42541900263,64529.32984348223,120,24,130862.34409063232,407505.33949822903,102167.04538034648,799417.7421532944,900,117776109.68156908,20782772.31440968,77426014.50466351
event30,Tropical storm <50 kt,223,82756.34936795974,21815.297813052908,165766.42541900263,64529.32984348223,120,48,104884.10509675914,326609.10327130795,81885.27570372853,640720.7135625663,450,47197847.29354162,16657064.266836705,62055729.62154851
event30,Tropical storm <50 kt,223,82756.34936795974,21815.297813052908,165766.42541900263,64529.32984348223,120,48,104884.10509675914,326609.10327130795,81885.27570372853,640720.7135625663,650,68174668.31289345,16657064.266836705,62055729.62154851
event30,Tropical storm <50 kt,223,82756.34936795974,21815.297813052908,165766.42541900263,64529.32984348223,120,48,104884.10509675914,326609.10327130795,81885.27570372853,640720.7135625663,900,94395694.58708324,16657064.266836705,62055729.62154851
event30,Tropical storm <50 kt,223,82756.34936795974,21815.297813052908,165766.42541900263,64529.32984348223,120,upper,171310.70499137326,533461.5353431363,133745.95031608993,1046510.4988188583,450,77089817.24611796,27206538.30249995,101357691.7151959
event30,Tropical storm <50 kt,223,82756.34936795974,21815.297813052908,165766.42541900263,64529.32984348223,120,upper,171310.70499137326,533461.5353431363,133745.95031608993,1046510.4988188583,650,111351958.24439262,27206538.30249995,101357691.7151959
event30,Tropical storm <50 kt,223,82756.34936795974,21815.297813052908,165766.42541900263,64529.32984348223,120,upper,171310.70499137326,533461.5353431363,133745.95031608993,1046510.4988188583,900,154179634.49223593,27206538.30249995,101357691.7151959
queue,Hurricane ≥64 kt,67,33405.72298299834,13169.709431108218,55270.52161196705,12980.601037928676,24,12,38132.66375692322,118745.1149390589,45661.14744095626,198774.09186898315,450,17159698.69061545,6056000.861892004,22561571.838421192
queue,Hurricane ≥64 kt,67,33405.72298299834,13169.709431108218,55270.52161196705,12980.601037928676,24,12,38132.66375692322,118745.1149390589,45661.14744095626,198774.09186898315,650,24786231.44200009,6056000.861892004,22561571.838421192
queue,Hurricane ≥64 kt,67,33405.72298299834,13169.709431108218,55270.52161196705,12980.601037928676,24,12,38132.66375692322,118745.1149390589,45661.14744095626,198774.09186898315,900,34319397.3812309,6056000.861892004,22561571.838421192
queue,Hurricane ≥64 kt,67,33405.72298299834,13169.709431108218,55270.52161196705,12980.601037928676,24,24,21964.414323987774,68397.18620489792,26300.820925990804,114493.8769165343,450,9883986.445794499,3488256.496449794,12995465.378930606
queue,Hurricane ≥64 kt,67,33405.72298299834,13169.709431108218,55270.52161196705,12980.601037928676,24,24,21964.414323987774,68397.18620489792,26300.820925990804,114493.8769165343,650,14276869.310592053,3488256.496449794,12995465.378930606
queue,Hurricane ≥64 kt,67,33405.72298299834,13169.709431108218,55270.52161196705,12980.601037928676,24,24,21964.414323987774,68397.18620489792,26300.820925990804,114493.8769165343,900,19767972.891588997,3488256.496449794,12995465.378930606
queue,Hurricane ≥64 kt,67,33405.72298299834,13169.709431108218,55270.52161196705,12980.601037928676,24,48,10982.207161993887,34198.59310244896,13150.410462995402,57246.93845826715,450,4941993.222897249,1744128.248224897,6497732.689465303
queue,Hurricane ≥64 kt,67,33405.72298299834,13169.709431108218,55270.52161196705,12980.601037928676,24,48,10982.207161993887,34198.59310244896,13150.410462995402,57246.93845826715,650,7138434.655296027,1744128.248224897,6497732.689465303
queue,Hurricane ≥64 kt,67,33405.72298299834,13169.709431108218,55270.52161196705,12980.601037928676,24,48,10982.207161993887,34198.59310244896,13150.410462995402,57246.93845826715,900,9883986.445794499,1744128.248224897,6497732.689465303
queue,Hurricane ≥64 kt,67,33405.72298299834,13169.709431108218,55270.52161196705,12980.601037928676,24,upper,68638.7947624618,213741.20689030603,82190.06539372126,357793.36536416964,450,30887457.64310781,10900801.551405607,40610829.30915815
queue,Hurricane ≥64 kt,67,33405.72298299834,13169.709431108218,55270.52161196705,12980.601037928676,24,upper,68638.7947624618,213741.20689030603,82190.06539372126,357793.36536416964,650,44615216.595600165,10900801.551405607,40610829.30915815
queue,Hurricane ≥64 kt,67,33405.72298299834,13169.709431108218,55270.52161196705,12980.601037928676,24,upper,68638.7947624618,213741.20689030603,82190.06539372126,357793.36536416964,900,61774915.28621562,10900801.551405607,40610829.30915815
queue,Hurricane ≥64 kt,67,33405.72298299834,13169.709431108218,55270.52161196705,12980.601037928676,72,12,54630.87746400022,170120.5524228967,65416.58266030877,284774.3112082167,450,24583894.858800102,8676148.173567731,32322904.960350372
queue,Hurricane ≥64 kt,67,33405.72298299834,13169.709431108218,55270.52161196705,12980.601037928676,72,12,54630.87746400022,170120.5524228967,65416.58266030877,284774.3112082167,650,35510070.35160015,8676148.173567731,32322904.960350372
queue,Hurricane ≥64 kt,67,33405.72298299834,13169.709431108218,55270.52161196705,12980.601037928676,72,12,54630.87746400022,170120.5524228967,65416.58266030877,284774.3112082167,900,49167789.717600204,8676148.173567731,32322904.960350372
queue,Hurricane ≥64 kt,67,33405.72298299834,13169.709431108218,55270.52161196705,12980.601037928676,72,24,45044.20906286556,140267.66702176334,53937.23041462958,234801.89602023634,450,20269894.0782895,7153651.01810993,26650856.734135035
queue,Hurricane ≥64 kt,67,33405.72298299834,13169.709431108218,55270.52161196705,12980.601037928676,72,24,45044.20906286556,140267.66702176334,53937.23041462958,234801.89602023634,650,29278735.89086261,7153651.01810993,26650856.734135035
queue,Hurricane ≥64 kt,67,33405.72298299834,13169.709431108218,55270.52161196705,12980.601037928676,72,24,45044.20906286556,140267.66702176334,53937.23041462958,234801.89602023634,900,40539788.156579,7153651.01810993,26650856.734135035
queue,Hurricane ≥64 kt,67,33405.72298299834,13169.709431108218,55270.52161196705,12980.601037928676,72,48,32946.62148598166,102595.7793073469,39451.231388986205,171740.81537480143,450,14825979.668691747,5232384.744674692,19493198.06839591
queue,Hurricane ≥64 kt,67,33405.72298299834,13169.709431108218,55270.52161196705,12980.601037928676,72,48,32946.62148598166,102595.7793073469,39451.231388986205,171740.81537480143,650,21415303.96588808,5232384.744674692,19493198.06839591
queue,Hurricane ≥64 kt,67,33405.72298299834,13169.709431108218,55270.52161196705,12980.601037928676,72,48,32946.62148598166,102595.7793073469,39451.231388986205,171740.81537480143,900,29651959.337383494,5232384.744674692,19493198.06839591
queue,Hurricane ≥64 kt,67,33405.72298299834,13169.709431108218,55270.52161196705,12980.601037928676,72,upper,68638.7947624618,213741.20689030603,82190.06539372126,357793.36536416964,450,30887457.64310781,10900801.551405607,40610829.30915815
queue,Hurricane ≥64 kt,67,33405.72298299834,13169.709431108218,55270.52161196705,12980.601037928676,72,upper,68638.7947624618,213741.20689030603,82190.06539372126,357793.36536416964,650,44615216.595600165,10900801.551405607,40610829.30915815
queue,Hurricane ≥64 kt,67,33405.72298299834,13169.709431108218,55270.52161196705,12980.601037928676,72,upper,68638.7947624618,213741.20689030603,82190.06539372126,357793.36536416964,900,61774915.28621562,10900801.551405607,40610829.30915815
queue,Hurricane ≥64 kt,67,33405.72298299834,13169.709431108218,55270.52161196705,12980.601037928676,120,12,59562.59049635118,185477.90680563755,71321.95757306393,310481.84597717214,450,26803165.72335803,9459373.247087516,35240802.293071136
queue,Hurricane ≥64 kt,67,33405.72298299834,13169.709431108218,55270.52161196705,12980.601037928676,120,12,59562.59049635118,185477.90680563755,71321.95757306393,310481.84597717214,650,38715683.82262827,9459373.247087516,35240802.293071136
queue,Hurricane ≥64 kt,67,33405.72298299834,13169.709431108218,55270.52161196705,12980.601037928676,120,12,59562.59049635118,185477.90680563755,71321.95757306393,310481.84597717214,900,53606331.44671606,9459373.247087516,35240802.293071136
queue,Hurricane ≥64 kt,67,33405.72298299834,13169.709431108218,55270.52161196705,12980.601037928676,120,24,52432.412665769414,163274.53304120596,62784.07773131484,273314.3763198518,450,23594585.699596237,8327001.1851015035,31022161.277829133
queue,Hurricane ≥64 kt,67,33405.72298299834,13169.709431108218,55270.52161196705,12980.601037928676,120,24,52432.412665769414,163274.53304120596,62784.07773131484,273314.3763198518,650,34081068.23275012,8327001.1851015035,31022161.277829133
queue,Hurricane ≥64 kt,67,33405.72298299834,13169.709431108218,55270.52161196705,12980.601037928676,120,24,52432.412665769414,163274.53304120596,62784.07773131484,273314.3763198518,900,47189171.399192475,8327001.1851015035,31022161.277829133
queue,Hurricane ≥64 kt,67,33405.72298299834,13169.709431108218,55270.52161196705,12980.601037928676,120,48,42023.751895384776,130861.96340222818,50320.44820023751,219057.16246785896,450,18910688.352923147,6673960.133513637,24863773.046423353
queue,Hurricane ≥64 kt,67,33405.72298299834,13169.709431108218,55270.52161196705,12980.601037928676,120,48,42023.751895384776,130861.96340222818,50320.44820023751,219057.16246785896,650,27315438.732000105,6673960.133513637,24863773.046423353
queue,Hurricane ≥64 kt,67,33405.72298299834,13169.709431108218,55270.52161196705,12980.601037928676,120,48,42023.751895384776,130861.96340222818,50320.44820023751,219057.16246785896,900,37821376.705846295,6673960.133513637,24863773.046423353
queue,Hurricane ≥64 kt,67,33405.72298299834,13169.709431108218,55270.52161196705,12980.601037928676,120,upper,68638.7947624618,213741.20689030603,82190.06539372126,357793.36536416964,450,30887457.64310781,10900801.551405607,40610829.30915815
queue,Hurricane ≥64 kt,67,33405.72298299834,13169.709431108218,55270.52161196705,12980.601037928676,120,upper,68638.7947624618,213741.20689030603,82190.06539372126,357793.36536416964,650,44615216.595600165,10900801.551405607,40610829.30915815
queue,Hurricane ≥64 kt,67,33405.72298299834,13169.709431108218,55270.52161196705,12980.601037928676,120,upper,68638.7947624618,213741.20689030603,82190.06539372126,357793.36536416964,900,61774915.28621562,10900801.551405607,40610829.30915815
queue,Strong TS 50–63 kt,54,1650.5897356355238,-1578.920873846343,5351.0584633908975,1852.5610850295998,24,12,1687.7793500425662,5255.744896032551,0.0,16892.814374158344,450,759500.7075191548,268042.9896976601,998591.5302461847
queue,Strong TS 50–63 kt,54,1650.5897356355238,-1578.920873846343,5351.0584633908975,1852.5610850295998,24,12,1687.7793500425662,5255.744896032551,0.0,16892.814374158344,650,1097056.577527668,268042.9896976601,998591.5302461847
queue,Strong TS 50–63 kt,54,1650.5897356355238,-1578.920873846343,5351.0584633908975,1852.5610850295998,24,12,1687.7793500425662,5255.744896032551,0.0,16892.814374158344,900,1519001.4150383095,268042.9896976601,998591.5302461847
queue,Strong TS 50–63 kt,54,1650.5897356355238,-1578.920873846343,5351.0584633908975,1852.5610850295998,24,24,972.160905624518,3027.309060114749,0.0,9730.261079515207,450,437472.4075310331,154392.7620658522,575188.7214218023
queue,Strong TS 50–63 kt,54,1650.5897356355238,-1578.920873846343,5351.0584633908975,1852.5610850295998,24,24,972.160905624518,3027.309060114749,0.0,9730.261079515207,650,631904.5886559368,154392.7620658522,575188.7214218023
queue,Strong TS 50–63 kt,54,1650.5897356355238,-1578.920873846343,5351.0584633908975,1852.5610850295998,24,24,972.160905624518,3027.309060114749,0.0,9730.261079515207,900,874944.8150620662,154392.7620658522,575188.7214218023
queue,Strong TS 50–63 kt,54,1650.5897356355238,-1578.920873846343,5351.0584633908975,1852.5610850295998,24,48,486.080452812259,1513.6545300573746,0.0,4865.130539757603,450,218736.20376551655,77196.3810329261,287594.36071090115
queue,Strong TS 50–63 kt,54,1650.5897356355238,-1578.920873846343,5351.0584633908975,1852.5610850295998,24,48,486.080452812259,1513.6545300573746,0.0,4865.130539757603,650,315952.2943279684,77196.3810329261,287594.36071090115
queue,Strong TS 50–63 kt,54,1650.5897356355238,-1578.920873846343,5351.0584633908975,1852.5610850295998,24,48,486.080452812259,1513.6545300573746,0.0,4865.130539757603,900,437472.4075310331,77196.3810329261,287594.36071090115
queue,Strong TS 50–63 kt,54,1650.5897356355238,-1578.920873846343,5351.0584633908975,1852.5610850295998,24,upper,3038.002830076619,9460.34081285859,0.0,30407.065873485022,450,1367101.2735344786,482477.3814557881,1797464.7544431323
queue,Strong TS 50–63 kt,54,1650.5897356355238,-1578.920873846343,5351.0584633908975,1852.5610850295998,24,upper,3038.002830076619,9460.34081285859,0.0,30407.065873485022,650,1974701.8395498022,482477.3814557881,1797464.7544431323
queue,Strong TS 50–63 kt,54,1650.5897356355238,-1578.920873846343,5351.0584633908975,1852.5610850295998,24,upper,3038.002830076619,9460.34081285859,0.0,30407.065873485022,900,2734202.5470689572,482477.3814557881,1797464.7544431323
queue,Strong TS 50–63 kt,54,1650.5897356355238,-1578.920873846343,5351.0584633908975,1852.5610850295998,72,12,2418.0022525099625,7529.659014316023,0.0,24201.542225835023,450,1088101.013629483,384012.60973011714,1430635.2127200444
queue,Strong TS 50–63 kt,54,1650.5897356355238,-1578.920873846343,5351.0584633908975,1852.5610850295998,72,12,2418.0022525099625,7529.659014316023,0.0,24201.542225835023,650,1571701.4641314757,384012.60973011714,1430635.2127200444
queue,Strong TS 50–63 kt,54,1650.5897356355238,-1578.920873846343,5351.0584633908975,1852.5610850295998,72,12,2418.0022525099625,7529.659014316023,0.0,24201.542225835023,900,2176202.027258966,384012.60973011714,1430635.2127200444
queue,Strong TS 50–63 kt,54,1650.5897356355238,-1578.920873846343,5351.0584633908975,1852.5610850295998,72,24,1993.6893572377812,6208.348658438451,0.0,19954.636979474544,450,897160.2107570015,316625.781580361,1179586.2451033057
queue,Strong TS 50–63 kt,54,1650.5897356355238,-1578.920873846343,5351.0584633908975,1852.5610850295998,72,24,1993.6893572377812,6208.348658438451,0.0,19954.636979474544,650,1295898.0822045577,316625.781580361,1179586.2451033057
queue,Strong TS 50–63 kt,54,1650.5897356355238,-1578.920873846343,5351.0584633908975,1852.5610850295998,72,24,1993.6893572377812,6208.348658438451,0.0,19954.636979474544,900,1794320.421514003,316625.781580361,1179586.2451033057
queue,Strong TS 50–63 kt,54,1650.5897356355238,-1578.920873846343,5351.0584633908975,1852.5610850295998,72,48,1458.241358436777,4540.963590172124,0.0,14595.39161927281,450,656208.6112965497,231589.14309877832,862783.0821327035
queue,Strong TS 50–63 kt,54,1650.5897356355238,-1578.920873846343,5351.0584633908975,1852.5610850295998,72,48,1458.241358436777,4540.963590172124,0.0,14595.39161927281,650,947856.8829839051,231589.14309877832,862783.0821327035
queue,Strong TS 50–63 kt,54,1650.5897356355238,-1578.920873846343,5351.0584633908975,1852.5610850295998,72,48,1458.241358436777,4540.963590172124,0.0,14595.39161927281,900,1312417.2225930993,231589.14309877832,862783.0821327035
queue,Strong TS 50–63 kt,54,1650.5897356355238,-1578.920873846343,5351.0584633908975,1852.5610850295998,72,upper,3038.002830076619,9460.34081285859,0.0,30407.065873485022,450,1367101.2735344786,482477.3814557881,1797464.7544431323
queue,Strong TS 50–63 kt,54,1650.5897356355238,-1578.920873846343,5351.0584633908975,1852.5610850295998,72,upper,3038.002830076619,9460.34081285859,0.0,30407.065873485022,650,1974701.8395498022,482477.3814557881,1797464.7544431323
queue,Strong TS 50–63 kt,54,1650.5897356355238,-1578.920873846343,5351.0584633908975,1852.5610850295998,72,upper,3038.002830076619,9460.34081285859,0.0,30407.065873485022,900,2734202.5470689572,482477.3814557881,1797464.7544431323
queue,Strong TS 50–63 kt,54,1650.5897356355238,-1578.920873846343,5351.0584633908975,1852.5610850295998,120,12,2636.28344758715,8209.386655786386,0.0,26386.29683236305,450,1186327.5514142176,418678.7194451057,1559783.4645994133
queue,Strong TS 50–63 kt,54,1650.5897356355238,-1578.920873846343,5351.0584633908975,1852.5610850295998,120,12,2636.28344758715,8209.386655786386,0.0,26386.29683236305,650,1713584.2409316476,418678.7194451057,1559783.4645994133
queue,Strong TS 50–63 kt,54,1650.5897356355238,-1578.920873846343,5351.0584633908975,1852.5610850295998,120,12,2636.28344758715,8209.386655786386,0.0,26386.29683236305,900,2372655.102828435,418678.7194451057,1559783.4645994133
queue,Strong TS 50–63 kt,54,1650.5897356355238,-1578.920873846343,5351.0584633908975,1852.5610850295998,120,24,2320.696606308528,7226.649232044755,0.0,23227.61976446772,450,1044313.4728388375,368559.11083428253,1373063.3540885034
queue,Strong TS 50–63 kt,54,1650.5897356355238,-1578.920873846343,5351.0584633908975,1852.5610850295998,120,24,2320.696606308528,7226.649232044755,0.0,23227.61976446772,650,1508452.794100543,368559.11083428253,1373063.3540885034
queue,Strong TS 50–63 kt,54,1650.5897356355238,-1578.920873846343,5351.0584633908975,1852.5610850295998,120,24,2320.696606308528,7226.649232044755,0.0,23227.61976446772,900,2088626.945677675,368559.11083428253,1373063.3540885034
queue,Strong TS 50–63 kt,54,1650.5897356355238,-1578.920873846343,5351.0584633908975,1852.5610850295998,120,48,1860.0017326999707,5792.045395627709,0.0,18616.570942950013,450,837000.7797149868,295394.31517701317,1100488.6251692646
queue,Strong TS 50–63 kt,54,1650.5897356355238,-1578.920873846343,5351.0584633908975,1852.5610850295998,120,48,1860.0017326999707,5792.045395627709,0.0,18616.570942950013,650,1209001.126254981,295394.31517701317,1100488.6251692646
queue,Strong TS 50–63 kt,54,1650.5897356355238,-1578.920873846343,5351.0584633908975,1852.5610850295998,120,48,1860.0017326999707,5792.045395627709,0.0,18616.570942950013,900,1674001.5594299736,295394.31517701317,1100488.6251692646
queue,Strong TS 50–63 kt,54,1650.5897356355238,-1578.920873846343,5351.0584633908975,1852.5610850295998,120,upper,3038.002830076619,9460.34081285859,0.0,30407.065873485022,450,1367101.2735344786,482477.3814557881,1797464.7544431323
queue,Strong TS 50–63 kt,54,1650.5897356355238,-1578.920873846343,5351.0584633908975,1852.5610850295998,120,upper,3038.002830076619,9460.34081285859,0.0,30407.065873485022,650,1974701.8395498022,482477.3814557881,1797464.7544431323
queue,Strong TS 50–63 kt,54,1650.5897356355238,-1578.920873846343,5351.0584633908975,1852.5610850295998,120,upper,3038.002830076619,9460.34081285859,0.0,30407.065873485022,900,2734202.5470689572,482477.3814557881,1797464.7544431323
queue,Tropical storm <50 kt,223,34895.038522649564,1820.4940338086974,83945.1312301445,21603.515994603782,24,12,37669.09691377549,117301.56778949687,5712.28082942607,283874.9642342163,450,16951093.61119897,5982379.9572643405,22287297.880004406
queue,Tropical storm <50 kt,223,34895.038522649564,1820.4940338086974,83945.1312301445,21603.515994603782,24,12,37669.09691377549,117301.56778949687,5712.28082942607,283874.9642342163,650,24484912.993954066,5982379.9572643405,22287297.880004406
queue,Tropical storm <50 kt,223,34895.038522649564,1820.4940338086974,83945.1312301445,21603.515994603782,24,12,37669.09691377549,117301.56778949687,5712.28082942607,283874.9642342163,900,33902187.22239794,5982379.9572643405,22287297.880004406
queue,Tropical storm <50 kt,223,34895.038522649564,1820.4940338086974,83945.1312301445,21603.515994603782,24,24,21697.39982233468,67565.70304675019,3290.2737577494167,163511.9793989086,450,9763829.920050606,3445850.8553842595,12837483.578882536
queue,Tropical storm <50 kt,223,34895.038522649564,1820.4940338086974,83945.1312301445,21603.515994603782,24,24,21697.39982233468,67565.70304675019,3290.2737577494167,163511.9793989086,650,14103309.884517541,3445850.8553842595,12837483.578882536
queue,Tropical storm <50 kt,223,34895.038522649564,1820.4940338086974,83945.1312301445,21603.515994603782,24,24,21697.39982233468,67565.70304675019,3290.2737577494167,163511.9793989086,900,19527659.840101212,3445850.8553842595,12837483.578882536
queue,Tropical storm <50 kt,223,34895.038522649564,1820.4940338086974,83945.1312301445,21603.515994603782,24,48,10848.69991116734,33782.851523375095,1645.1368788747084,81755.9896994543,450,4881914.960025303,1722925.4276921297,6418741.789441268
queue,Tropical storm <50 kt,223,34895.038522649564,1820.4940338086974,83945.1312301445,21603.515994603782,24,48,10848.69991116734,33782.851523375095,1645.1368788747084,81755.9896994543,650,7051654.942258771,1722925.4276921297,6418741.789441268
queue,Tropical storm <50 kt,223,34895.038522649564,1820.4940338086974,83945.1312301445,21603.515994603782,24,48,10848.69991116734,33782.851523375095,1645.1368788747084,81755.9896994543,900,9763829.920050606,1722925.4276921297,6418741.789441268
queue,Tropical storm <50 kt,223,34895.038522649564,1820.4940338086974,83945.1312301445,21603.515994603782,24,upper,67804.37444479587,211142.82202109435,10282.105492966926,510974.93562158936,450,30511968.500158142,10768283.923075812,40117136.18400793
queue,Tropical storm <50 kt,223,34895.038522649564,1820.4940338086974,83945.1312301445,21603.515994603782,24,upper,67804.37444479587,211142.82202109435,10282.105492966926,510974.93562158936,650,44072843.389117315,10768283.923075812,40117136.18400793
queue,Tropical storm <50 kt,223,34895.038522649564,1820.4940338086974,83945.1312301445,21603.515994603782,24,upper,67804.37444479587,211142.82202109435,10282.105492966926,510974.93562158936,900,61023937.000316285,10768283.923075812,40117136.18400793
queue,Tropical storm <50 kt,223,34895.038522649564,1820.4940338086974,83945.1312301445,21603.515994603782,72,12,53966.74700708244,168052.45018005473,8183.716616851229,406694.3365151427,450,24285036.1531871,8570674.959182791,31929965.5342104
queue,Tropical storm <50 kt,223,34895.038522649564,1820.4940338086974,83945.1312301445,21603.515994603782,72,12,53966.74700708244,168052.45018005473,8183.716616851229,406694.3365151427,650,35078385.554603584,8570674.959182791,31929965.5342104
queue,Tropical storm <50 kt,223,34895.038522649564,1820.4940338086974,83945.1312301445,21603.515994603782,72,12,53966.74700708244,168052.45018005473,8183.716616851229,406694.3365151427,900,48570072.3063742,8570674.959182791,31929965.5342104
queue,Tropical storm <50 kt,223,34895.038522649564,1820.4940338086974,83945.1312301445,21603.515994603782,72,24,44496.62072939729,138562.47695134315,6747.631729759545,335327.301501668,450,20023479.328228783,7066686.324518501,26326870.6207552
queue,Tropical storm <50 kt,223,34895.038522649564,1820.4940338086974,83945.1312301445,21603.515994603782,72,24,44496.62072939729,138562.47695134315,6747.631729759545,335327.301501668,650,28922803.474108238,7066686.324518501,26326870.6207552
queue,Tropical storm <50 kt,223,34895.038522649564,1820.4940338086974,83945.1312301445,21603.515994603782,72,24,44496.62072939729,138562.47695134315,6747.631729759545,335327.301501668,900,40046958.656457566,7066686.324518501,26326870.6207552
queue,Tropical storm <50 kt,223,34895.038522649564,1820.4940338086974,83945.1312301445,21603.515994603782,72,48,32546.09973350202,101348.55457012528,4935.410636624125,245267.9690983629,450,14645744.880075907,5168776.28307639,19256225.368323803
queue,Tropical storm <50 kt,223,34895.038522649564,1820.4940338086974,83945.1312301445,21603.515994603782,72,48,32546.09973350202,101348.55457012528,4935.410636624125,245267.9690983629,650,21154964.82677631,5168776.28307639,19256225.368323803
queue,Tropical storm <50 kt,223,34895.038522649564,1820.4940338086974,83945.1312301445,21603.515994603782,72,48,32546.09973350202,101348.55457012528,4935.410636624125,245267.9690983629,900,29291489.760151815,5168776.28307639,19256225.368323803
queue,Tropical storm <50 kt,223,34895.038522649564,1820.4940338086974,83945.1312301445,21603.515994603782,72,upper,67804.37444479587,211142.82202109435,10282.105492966926,510974.93562158936,450,30511968.500158142,10768283.923075812,40117136.18400793
queue,Tropical storm <50 kt,223,34895.038522649564,1820.4940338086974,83945.1312301445,21603.515994603782,72,upper,67804.37444479587,211142.82202109435,10282.105492966926,510974.93562158936,650,44072843.389117315,10768283.923075812,40117136.18400793
queue,Tropical storm <50 kt,223,34895.038522649564,1820.4940338086974,83945.1312301445,21603.515994603782,72,upper,67804.37444479587,211142.82202109435,10282.105492966926,510974.93562158936,900,61023937.000316285,10768283.923075812,40117136.18400793
queue,Tropical storm <50 kt,223,34895.038522649564,1820.4940338086974,83945.1312301445,21603.515994603782,120,12,58838.50674961628,183223.1100183051,8922.488237698577,443408.00198567694,450,26477328.037327327,9344378.61093356,34812390.90347797
queue,Tropical storm <50 kt,223,34895.038522649564,1820.4940338086974,83945.1312301445,21603.515994603782,120,12,58838.50674961628,183223.1100183051,8922.488237698577,443408.00198567694,650,38245029.38725058,9344378.61093356,34812390.90347797
queue,Tropical storm <50 kt,223,34895.038522649564,1820.4940338086974,83945.1312301445,21603.515994603782,120,12,58838.50674961628,183223.1100183051,8922.488237698577,443408.00198567694,900,52954656.07465465,9344378.61093356,34812390.90347797
queue,Tropical storm <50 kt,223,34895.038522649564,1820.4940338086974,83945.1312301445,21603.515994603782,120,24,51795.00825644128,161289.65571055815,7854.386140460845,390328.07582204737,450,23307753.715398576,8225772.441238466,30645034.585006047
queue,Tropical storm <50 kt,223,34895.038522649564,1820.4940338086974,83945.1312301445,21603.515994603782,120,24,51795.00825644128,161289.65571055815,7854.386140460845,390328.07582204737,650,33666755.366686836,8225772.441238466,30645034.585006047
queue,Tropical storm <50 kt,223,34895.038522649564,1820.4940338086974,83945.1312301445,21603.515994603782,120,24,51795.00825644128,161289.65571055815,7854.386140460845,390328.07582204737,900,46615507.43079715,8225772.441238466,30645034.585006047
queue,Tropical storm <50 kt,223,34895.038522649564,1820.4940338086974,83945.1312301445,21603.515994603782,120,48,41512.88231314033,129271.11552311899,6295.166628347098,312841.79731934046,450,18680797.04091315,6592826.891679069,24561511.94939261
queue,Tropical storm <50 kt,223,34895.038522649564,1820.4940338086974,83945.1312301445,21603.515994603782,120,48,41512.88231314033,129271.11552311899,6295.166628347098,312841.79731934046,650,26983373.503541216,6592826.891679069,24561511.94939261
queue,Tropical storm <50 kt,223,34895.038522649564,1820.4940338086974,83945.1312301445,21603.515994603782,120,48,41512.88231314033,129271.11552311899,6295.166628347098,312841.79731934046,900,37361594.0818263,6592826.891679069,24561511.94939261
queue,Tropical storm <50 kt,223,34895.038522649564,1820.4940338086974,83945.1312301445,21603.515994603782,120,upper,67804.37444479587,211142.82202109435,10282.105492966926,510974.93562158936,450,30511968.500158142,10768283.923075812,40117136.18400793
queue,Tropical storm <50 kt,223,34895.038522649564,1820.4940338086974,83945.1312301445,21603.515994603782,120,upper,67804.37444479587,211142.82202109435,10282.105492966926,510974.93562158936,650,44072843.389117315,10768283.923075812,40117136.18400793
queue,Tropical storm <50 kt,223,34895.038522649564,1820.4940338086974,83945.1312301445,21603.515994603782,120,upper,67804.37444479587,211142.82202109435,10282.105492966926,510974.93562158936,900,61023937.000316285,10768283.923075812,40117136.18400793
queue,All storms,344,69951.35124128342,25395.17844985774,125269.9422218815,36436.678117562056,24,12,77489.54002074127,241302.4276245883,87345.194991601,432239.30312052206,450,34870293.00933357,12306423.808854004,45847461.24867178
queue,All storms,344,69951.35124128342,25395.17844985774,125269.9422218815,36436.678117562056,24,12,77489.54002074127,241302.4276245883,87345.194991601,432239.30312052206,650,50368201.013481826,12306423.808854004,45847461.24867178
queue,All storms,344,69951.35124128342,25395.17844985774,125269.9422218815,36436.678117562056,24,12,77489.54002074127,241302.4276245883,87345.194991601,432239.30312052206,900,69740586.01866715,12306423.808854004,45847461.24867178
queue,All storms,344,69951.35124128342,25395.17844985774,125269.9422218815,36436.678117562056,24,24,44633.975051946974,138990.19831176288,50310.83231516218,248969.83859742072,450,20085288.773376137,7088500.113899907,26408137.679234948
queue,All storms,344,69951.35124128342,25395.17844985774,125269.9422218815,36436.678117562056,24,24,44633.975051946974,138990.19831176288,50310.83231516218,248969.83859742072,650,29012083.783765532,7088500.113899907,26408137.679234948
queue,All storms,344,69951.35124128342,25395.17844985774,125269.9422218815,36436.678117562056,24,24,44633.975051946974,138990.19831176288,50310.83231516218,248969.83859742072,900,40170577.546752274,7088500.113899907,26408137.679234948
queue,All storms,344,69951.35124128342,25395.17844985774,125269.9422218815,36436.678117562056,24,48,22316.987525973487,69495.09915588144,25155.41615758109,124484.91929871036,450,10042644.386688069,3544250.0569499535,13204068.839617474
queue,All storms,344,69951.35124128342,25395.17844985774,125269.9422218815,36436.678117562056,24,48,22316.987525973487,69495.09915588144,25155.41615758109,124484.91929871036,650,14506041.891882766,3544250.0569499535,13204068.839617474
queue,All storms,344,69951.35124128342,25395.17844985774,125269.9422218815,36436.678117562056,24,48,22316.987525973487,69495.09915588144,25155.41615758109,124484.91929871036,900,20085288.773376137,3544250.0569499535,13204068.839617474
queue,All storms,344,69951.35124128342,25395.17844985774,125269.9422218815,36436.678117562056,24,upper,139481.1720373343,434344.369724259,157221.3509848818,778030.7456169397,450,62766527.41680043,22151562.85593721,82525430.24760921
queue,All storms,344,69951.35124128342,25395.17844985774,125269.9422218815,36436.678117562056,24,upper,139481.1720373343,434344.369724259,157221.3509848818,778030.7456169397,650,90662761.8242673,22151562.85593721,82525430.24760921
queue,All storms,344,69951.35124128342,25395.17844985774,125269.9422218815,36436.678117562056,24,upper,139481.1720373343,434344.369724259,157221.3509848818,778030.7456169397,900,125533054.83360086,22151562.85593721,82525430.24760921
queue,All storms,344,69951.35124128342,25395.17844985774,125269.9422218815,36436.678117562056,72,12,111015.62672359264,345702.66161726747,125135.36098796719,619248.9607971563,450,49957032.02561668,17630835.74248064,65683505.70728082
queue,All storms,344,69951.35124128342,25395.17844985774,125269.9422218815,36436.678117562056,72,12,111015.62672359264,345702.66161726747,125135.36098796719,619248.9607971563,650,72160157.3703352,17630835.74248064,65683505.70728082
queue,All storms,344,69951.35124128342,25395.17844985774,125269.9422218815,36436.678117562056,72,12,111015.62672359264,345702.66161726747,125135.36098796719,619248.9607971563,900,99914064.05123337,17630835.74248064,65683505.70728082
queue,All storms,344,69951.35124128342,25395.17844985774,125269.9422218815,36436.678117562056,72,24,91534.51914950063,285038.49263154494,103176.51158382869,510582.6768111167,450,41190533.61727528,14536963.124208791,54157313.59999354
queue,All storms,344,69951.35124128342,25395.17844985774,125269.9422218815,36436.678117562056,72,24,91534.51914950063,285038.49263154494,103176.51158382869,510582.6768111167,650,59497437.447175406,14536963.124208791,54157313.59999354
queue,All storms,344,69951.35124128342,25395.17844985774,125269.9422218815,36436.678117562056,72,24,91534.51914950063,285038.49263154494,103176.51158382869,510582.6768111167,900,82381067.23455057,14536963.124208791,54157313.59999354
queue,All storms,344,69951.35124128342,25395.17844985774,125269.9422218815,36436.678117562056,72,48,66950.96257792047,208485.29746764433,75466.24847274326,373454.757896131,450,30127933.16006421,10632750.17084986,39612206.51885242
queue,All storms,344,69951.35124128342,25395.17844985774,125269.9422218815,36436.678117562056,72,48,66950.96257792047,208485.29746764433,75466.24847274326,373454.757896131,650,43518125.6756483,10632750.17084986,39612206.51885242
queue,All storms,344,69951.35124128342,25395.17844985774,125269.9422218815,36436.678117562056,72,48,66950.96257792047,208485.29746764433,75466.24847274326,373454.757896131,900,60255866.32012842,10632750.17084986,39612206.51885242
queue,All storms,344,69951.35124128342,25395.17844985774,125269.9422218815,36436.678117562056,72,upper,139481.1720373343,434344.369724259,157221.3509848818,778030.7456169397,450,62766527.41680043,22151562.85593721,82525430.24760921
queue,All storms,344,69951.35124128342,25395.17844985774,125269.9422218815,36436.678117562056,72,upper,139481.1720373343,434344.369724259,157221.3509848818,778030.7456169397,650,90662761.8242673,22151562.85593721,82525430.24760921
queue,All storms,344,69951.35124128342,25395.17844985774,125269.9422218815,36436.678117562056,72,upper,139481.1720373343,434344.369724259,157221.3509848818,778030.7456169397,900,125533054.83360086,22151562.85593721,82525430.24760921
queue,All storms,344,69951.35124128342,25395.17844985774,125269.9422218815,36436.678117562056,120,12,121037.38069355462,376910.4034797291,136431.75085464955,675150.6470229645,450,54466821.312099576,19222430.577466182,71612976.66114852
queue,All storms,344,69951.35124128342,25395.17844985774,125269.9422218815,36436.678117562056,120,12,121037.38069355462,376910.4034797291,136431.75085464955,675150.6470229645,650,78674297.4508105,19222430.577466182,71612976.66114852
queue,All storms,344,69951.35124128342,25395.17844985774,125269.9422218815,36436.678117562056,120,12,121037.38069355462,376910.4034797291,136431.75085464955,675150.6470229645,900,108933642.62419915,19222430.577466182,71612976.66114852
queue,All storms,344,69951.35124128342,25395.17844985774,125269.9422218815,36436.678117562056,120,24,106548.11752851923,331790.8379838089,120099.64311345137,594329.0417907177,450,47946652.887833655,16921332.737174254,63040259.21692369
queue,All storms,344,69951.35124128342,25395.17844985774,125269.9422218815,36436.678117562056,120,24,106548.11752851923,331790.8379838089,120099.64311345137,594329.0417907177,650,69256276.3935375,16921332.737174254,63040259.21692369
queue,All storms,344,69951.35124128342,25395.17844985774,125269.9422218815,36436.678117562056,120,24,106548.11752851923,331790.8379838089,120099.64311345137,594329.0417907177,900,95893305.77566731,16921332.737174254,63040259.21692369
queue,All storms,344,69951.35124128342,25395.17844985774,125269.9422218815,36436.678117562056,120,48,85396.63594122507,265925.12432097486,96257.96999074396,476345.3544593508,450,38428486.173551284,13562181.340369718,50525773.620985225
queue,All storms,344,69951.35124128342,25395.17844985774,125269.9422218815,36436.678117562056,120,48,85396.63594122507,265925.12432097486,96257.96999074396,476345.3544593508,650,55507813.3617963,13562181.340369718,50525773.620985225
queue,All storms,344,69951.35124128342,25395.17844985774,125269.9422218815,36436.678117562056,120,48,85396.63594122507,265925.12432097486,96257.96999074396,476345.3544593508,900,76856972.34710257,13562181.340369718,50525773.620985225
queue,All storms,344,69951.35124128342,25395.17844985774,125269.9422218815,36436.678117562056,120,upper,139481.1720373343,434344.369724259,157221.3509848818,778030.7456169397,450,62766527.41680043,22151562.85593721,82525430.24760921
queue,All storms,344,69951.35124128342,25395.17844985774,125269.9422218815,36436.678117562056,120,upper,139481.1720373343,434344.369724259,157221.3509848818,778030.7456169397,650,90662761.8242673,22151562.85593721,82525430.24760921
queue,All storms,344,69951.35124128342,25395.17844985774,125269.9422218815,36436.678117562056,120,upper,139481.1720373343,434344.369724259,157221.3509848818,778030.7456169397,900,125533054.83360086,22151562.85593721,82525430.24760921
event30,All storms,344,117871.43956829389,22822.056451134704,243120.22602976375,88004.61424551498,24,12,148242.36311746296,461626.7187477796,129406.95923312556,927717.0910127793,450,66709063.40285833,23542962.65613676,87709076.56207813
event30,All storms,344,117871.43956829389,22822.056451134704,243120.22602976375,88004.61424551498,24,12,148242.36311746296,461626.7187477796,129406.95923312556,927717.0910127793,650,96357536.02635092,23542962.65613676,87709076.56207813
event30,All storms,344,117871.43956829389,22822.056451134704,243120.22602976375,88004.61424551498,24,12,148242.36311746296,461626.7187477796,129406.95923312556,927717.0910127793,900,133418126.80571666,23542962.65613676,87709076.56207813
event30,All storms,344,117871.43956829389,22822.056451134704,243120.22602976375,88004.61424551498,24,24,85387.60115565866,265896.98999872105,74538.40851828031,534365.0444233608,450,38424420.5200464,13560746.489934774,50520428.099757
event30,All storms,344,117871.43956829389,22822.056451134704,243120.22602976375,88004.61424551498,24,24,85387.60115565866,265896.98999872105,74538.40851828031,534365.0444233608,650,55501940.75117813,13560746.489934774,50520428.099757
event30,All storms,344,117871.43956829389,22822.056451134704,243120.22602976375,88004.61424551498,24,24,85387.60115565866,265896.98999872105,74538.40851828031,534365.0444233608,900,76848841.0400928,13560746.489934774,50520428.099757
event30,All storms,344,117871.43956829389,22822.056451134704,243120.22602976375,88004.61424551498,24,48,42693.80057782933,132948.49499936053,37269.204259140155,267182.5222116804,450,19212210.2600232,6780373.244967387,25260214.0498785
event30,All storms,344,117871.43956829389,22822.056451134704,243120.22602976375,88004.61424551498,24,48,42693.80057782933,132948.49499936053,37269.204259140155,267182.5222116804,650,27750970.375589065,6780373.244967387,25260214.0498785
event30,All storms,344,117871.43956829389,22822.056451134704,243120.22602976375,88004.61424551498,24,48,42693.80057782933,132948.49499936053,37269.204259140155,267182.5222116804,900,38424420.5200464,6780373.244967387,25260214.0498785
event30,All storms,344,117871.43956829389,22822.056451134704,243120.22602976375,88004.61424551498,24,upper,266836.2536114333,830928.0937460033,232932.52661962595,1669890.7638230026,450,120076314.12514499,42377332.78104617,157876337.81174064
event30,All storms,344,117871.43956829389,22822.056451134704,243120.22602976375,88004.61424551498,24,upper,266836.2536114333,830928.0937460033,232932.52661962595,1669890.7638230026,650,173443564.84743166,42377332.78104617,157876337.81174064
event30,All storms,344,117871.43956829389,22822.056451134704,243120.22602976375,88004.61424551498,24,upper,266836.2536114333,830928.0937460033,232932.52661962595,1669890.7638230026,900,240152628.25028998,42377332.78104617,157876337.81174064
event30,All storms,344,117871.43956829389,22822.056451134704,243120.22602976375,88004.61424551498,72,12,212379.87532338576,661350.9317570232,185395.2762890901,1329096.730389737,450,95570943.8955236,33728897.519608185,125656677.03383441
event30,All storms,344,117871.43956829389,22822.056451134704,243120.22602976375,88004.61424551498,72,12,212379.87532338576,661350.9317570232,185395.2762890901,1329096.730389737,650,138046918.96020076,33728897.519608185,125656677.03383441
event30,All storms,344,117871.43956829389,22822.056451134704,243120.22602976375,88004.61424551498,72,12,212379.87532338576,661350.9317570232,185395.2762890901,1329096.730389737,900,191141887.7910472,33728897.519608185,125656677.03383441
event30,All storms,344,117871.43956829389,22822.056451134704,243120.22602976375,88004.61424551498,72,24,175111.29143250312,545296.5615208147,152861.97059412953,1095865.8137588454,450,78800081.14462641,27810124.63756155,103606346.68895479
event30,All storms,344,117871.43956829389,22822.056451134704,243120.22602976375,88004.61424551498,72,24,175111.29143250312,545296.5615208147,152861.97059412953,1095865.8137588454,650,113822339.43112703,27810124.63756155,103606346.68895479
event30,All storms,344,117871.43956829389,22822.056451134704,243120.22602976375,88004.61424551498,72,24,175111.29143250312,545296.5615208147,152861.97059412953,1095865.8137588454,900,157600162.28925282,27810124.63756155,103606346.68895479
event30,All storms,344,117871.43956829389,22822.056451134704,243120.22602976375,88004.61424551498,72,48,128081.40173348799,398845.4849980816,111807.61277742047,801547.5666350411,450,57636630.7800696,20341119.734902162,75780642.1496355
event30,All storms,344,117871.43956829389,22822.056451134704,243120.22602976375,88004.61424551498,72,48,128081.40173348799,398845.4849980816,111807.61277742047,801547.5666350411,650,83252911.12676719,20341119.734902162,75780642.1496355
event30,All storms,344,117871.43956829389,22822.056451134704,243120.22602976375,88004.61424551498,72,48,128081.40173348799,398845.4849980816,111807.61277742047,801547.5666350411,900,115273261.5601392,20341119.734902162,75780642.1496355
event30,All storms,344,117871.43956829389,22822.056451134704,243120.22602976375,88004.61424551498,72,upper,266836.2536114333,830928.0937460033,232932.52661962595,1669890.7638230026,450,120076314.12514499,42377332.78104617,157876337.81174064
event30,All storms,344,117871.43956829389,22822.056451134704,243120.22602976375,88004.61424551498,72,upper,266836.2536114333,830928.0937460033,232932.52661962595,1669890.7638230026,650,173443564.84743166,42377332.78104617,157876337.81174064
event30,All storms,344,117871.43956829389,22822.056451134704,243120.22602976375,88004.61424551498,72,upper,266836.2536114333,830928.0937460033,232932.52661962595,1669890.7638230026,900,240152628.25028998,42377332.78104617,157876337.81174064
event30,All storms,344,117871.43956829389,22822.056451134704,243120.22602976375,88004.61424551498,120,12,231552.12090248358,721053.3044903339,202131.53136413833,1449078.7619951682,450,104198454.40611762,36773718.529007025,137000127.85316345
event30,All storms,344,117871.43956829389,22822.056451134704,243120.22602976375,88004.61424551498,120,12,231552.12090248358,721053.3044903339,202131.53136413833,1449078.7619951682,650,150508878.58661434,36773718.529007025,137000127.85316345
event30,All storms,344,117871.43956829389,22822.056451134704,243120.22602976375,88004.61424551498,120,12,231552.12090248358,721053.3044903339,202131.53136413833,1449078.7619951682,900,208396908.81223524,36773718.529007025,137000127.85316345
event30,All storms,344,117871.43956829389,22822.056451134704,243120.22602976375,88004.61424551498,120,24,203833.24928651153,634736.7382781969,177934.56894554757,1275611.000142571,450,91724962.1789302,32371573.65218804,120599980.27285741
event30,All storms,344,117871.43956829389,22822.056451134704,243120.22602976375,88004.61424551498,120,24,203833.24928651153,634736.7382781969,177934.56894554757,1275611.000142571,650,132491612.0362325,32371573.65218804,120599980.27285741
event30,All storms,344,117871.43956829389,22822.056451134704,243120.22602976375,88004.61424551498,120,24,203833.24928651153,634736.7382781969,177934.56894554757,1275611.000142571,900,183449924.3578604,32371573.65218804,120599980.27285741
event30,All storms,344,117871.43956829389,22822.056451134704,243120.22602976375,88004.61424551498,120,48,163369.13486414286,508731.4859669409,142611.75099160773,1022382.1002997974,450,73516110.68886429,25945305.784313984,96658982.33371876
event30,All storms,344,117871.43956829389,22822.056451134704,243120.22602976375,88004.61424551498,120,48,163369.13486414286,508731.4859669409,142611.75099160773,1022382.1002997974,650,106189937.66169286,25945305.784313984,96658982.33371876
event30,All storms,344,117871.43956829389,22822.056451134704,243120.22602976375,88004.61424551498,120,48,163369.13486414286,508731.4859669409,142611.75099160773,1022382.1002997974,900,147032221.37772858,25945305.784313984,96658982.33371876
event30,All storms,344,117871.43956829389,22822.056451134704,243120.22602976375,88004.61424551498,120,upper,266836.2536114333,830928.0937460033,232932.52661962595,1669890.7638230026,450,120076314.12514499,42377332.78104617,157876337.81174064
event30,All storms,344,117871.43956829389,22822.056451134704,243120.22602976375,88004.61424551498,120,upper,266836.2536114333,830928.0937460033,232932.52661962595,1669890.7638230026,650,173443564.84743166,42377332.78104617,157876337.81174064
event30,All storms,344,117871.43956829389,22822.056451134704,243120.22602976375,88004.61424551498,120,upper,266836.2536114333,830928.0937460033,232932.52661962595,1669890.7638230026,900,240152628.25028998,42377332.78104617,157876337.81174064
