port,lat,lon,port_type,co2_day,jit_share
"Albany Port District, NY",42.63,-73.76,Cargo,269.98367773522716,0.0
"Baltimore, MD",39.26,-76.58,Cargo,586.5252365257954,0.0
"Beaumont, TX",30.08,-94.09,Energy,144.95337241980192,0.0
"Boston, MA",42.35,-71.04,Mixed,328.49538863652026,0.0
"Bridgeport, CT",41.17,-73.18,Cargo,77.72194631845925,0.0
"Brownsville, TX",25.95,-97.4,Energy,254.78754606427677,5.054926083975017e-05
"Calhoun Port Authority, TX",28.65,-96.56,Energy,231.16821327794293,0.011562617000085923
"Canaveral Port District, FL",28.41,-80.61,Cargo,841.3736669388289,0.002170698957919075
"Corpus Christi, TX",27.81,-97.4,Energy,1986.7656210895834,0.08590527702079123
"Galveston, TX",29.31,-94.79,Energy,3513.683297038221,0.08219022623700278
"Greater Lafourche Port, LA",29.11,-90.2,Service,1401.586709126121,0.0
"Houston Port Authority, TX",29.72,-95.15,Energy,1865.9891229782727,0.0
"Jacksonville, FL",30.4,-81.55,Cargo,668.1496452073051,0.0
"Lake Charles Harbor District, LA",30.22,-93.25,Energy,2020.7833253327829,0.13499438796661184
"Manatee County Port, FL",27.64,-82.56,Mixed,158.07213632397128,0.0
"Mobile, AL",30.7,-88.04,Mixed,288.1185623714098,0.003431723373684597
"Morehead City, NC",34.72,-76.7,Cargo,1223.455285532182,0.0
"New Haven, CT",41.29,-72.91,Cargo,241.25833934844556,0.0
"New Orleans, LA",29.93,-90.06,Energy,564.041087674184,0.018189108737868023
"New York, NY & NJ",40.66,-74.08,Mixed,1804.897107791051,0.0
"Orange County Nav District, TX",30.09,-93.73,Energy,510.6300816910246,0.020010298117385285
"Panama City Port Authority, FL",30.18,-85.73,Service,172.12365419637794,0.0
"Philadelphia Regional Port, PA",39.9,-75.14,Energy,231.58131492053153,0.0
"Plaquemines Port District, LA",29.5,-89.75,Mixed,3774.800016118459,0.3058161485061016
"Port Arthur, TX",29.87,-93.93,Energy,84.81434035062547,0.0
"Port Everglades, FL",26.09,-80.12,Mixed,928.1730259970641,0.0
"Port Freeport, TX",28.94,-95.31,Energy,1427.1834800823137,0.02858162594430836
"Port Jefferson, NY",40.95,-73.07,Cargo,434.9835916843552,0.0
"Port of Brunswick, GA",31.15,-81.5,Cargo,131.12588748907876,0.0
"Port of Charleston, SC",32.8,-79.93,Cargo,1467.4083525845165,0.0
"Port of Greater Baton Rouge, LA",30.44,-91.2,Energy,487.436692932152,0.06500337562835973
"Port of Iberia District, LA",29.98,-91.84,Service,423.02052973948895,0.0
"Port of Palm Beach District, FL",26.77,-80.05,Mixed,939.9006870343138,0.0054344688756302485
"Port of Pascagoula, MS",30.35,-88.56,Energy,573.6162154576344,0.0674133521000305
"Port of Providence, RI",41.8,-71.39,Mixed,1416.8842774644233,0.0
"Port of Savannah, GA",32.12,-81.14,Cargo,720.3916472398902,0.0
"PortMiami, FL",25.77,-80.17,Mixed,5214.907060219213,0.03582179616100332
"Portland, ME",43.65,-70.25,Mixed,113.59607709820658,0.0
"Sabine Pass Port Authority, TX",29.73,-93.87,Energy,928.9731759523912,0.12042170379771007
"Searsport, ME",44.45,-68.92,Mixed,555.3524656017713,0.0
"South Jersey Port Corp, NJ",39.9,-75.18,Cargo,2322.979040026158,0.0
"South Louisiana, LA, Port of",30.05,-90.55,Energy,475.0734053137828,0.0
"Tampa Port Authority, FL",27.93,-82.43,Mixed,563.4076404304907,0.006630600268507693
"Terrebonne Parish Port, LA",29.58,-90.72,Service,1498.7269128553255,0.006372042046160105
"Texas City, TX",29.37,-94.89,Energy,476.462353503441,0.0
"Virginia, VA, Port of",36.9,-76.33,Cargo,2324.6507990347914,0.0
"Wilmington, NC",34.2,-77.95,Cargo,718.4292081146986,0.0
