outcome,spec,cluster,coef,lo,hi,p,n
Whole-event CO2,1 waiting share only,storm,0.008910512390860676,-0.006596413176237001,0.02441743795795835,0.26007039994522296,344
Whole-event CO2,1 waiting share only,port,0.008910512390860676,-0.012592208005595771,0.030413232787317123,0.41668291310069383,344
Whole-event CO2,1 waiting share only,two-way,0.008910512390860676,-0.012395751677210028,0.03021677645893138,0.412399495404533,344
Whole-event CO2,"2 + storm (wind, class, distance, duration, surge, rain, landfall)",storm,0.007752940862895992,-0.006766895510954727,0.022272777236746713,0.29531511426597445,344
Whole-event CO2,"2 + storm (wind, class, distance, duration, surge, rain, landfall)",port,0.007752940862895992,-0.012198832225829162,0.02770471395162115,0.4462923569332998,344
Whole-event CO2,"2 + storm (wind, class, distance, duration, surge, rain, landfall)",two-way,0.007752940862895992,-0.011650876757888529,0.027156758483680515,0.43355763980063466,344
Whole-event CO2,3 + port size and baseline traffic,storm,0.014821685920776326,0.0008391093190554498,0.028804262522497202,0.0377477361501013,344
Whole-event CO2,3 + port size and baseline traffic,port,0.014821685920776326,-0.00664450075791395,0.0362878725994666,0.1759630796135243,344
Whole-event CO2,3 + port size and baseline traffic,two-way,0.014821685920776326,-0.005812661899828408,0.03545603374138106,0.15917686892954774,344
Whole-event CO2,"4 + fleet mix (tanker, passenger, service-craft shares)",storm,0.026872759475351577,0.006790975684268161,0.046954543266434993,0.008722143528232643,344
Whole-event CO2,"4 + fleet mix (tanker, passenger, service-craft shares)",port,0.026872759475351577,0.0026820915143938237,0.05106342743630933,0.02946035077081587,344
Whole-event CO2,"4 + fleet mix (tanker, passenger, service-craft shares)",two-way,0.026872759475351577,0.0028419262362254193,0.05090359271447774,0.02839737688710823,344
Whole-event CO2,5 + Gulf,storm,0.025219514248435698,0.004530732694482776,0.045908295802388616,0.016885768063376952,344
Whole-event CO2,5 + Gulf,port,0.025219514248435698,-0.0003193217328009111,0.0507583502296723,0.052934140780276466,344
Whole-event CO2,5 + Gulf,two-way,0.025219514248435698,-0.0006282212834100888,0.05106724978028149,0.05583418003754008,344
Whole-event CO2,"6 + geography (open-water share, river/inland)",storm,0.02607777133490983,4.184171272367601e-05,0.052113700957095985,0.04963295294523524,344
Whole-event CO2,"6 + geography (open-water share, river/inland)",port,0.02607777133490983,-0.0024108539958068546,0.054566396665626515,0.0727969294982898,344
Whole-event CO2,"6 + geography (open-water share, river/inland)",two-way,0.02607777133490983,-0.004759792347844485,0.056915335017664145,0.09743001892902874,344
Whole-event CO2,7 + year,storm,0.02600276051451097,-0.00018515375645057272,0.05219067478547251,0.0516419299790824,344
Whole-event CO2,7 + year,port,0.02600276051451097,-0.002619005603492826,0.05462452663251476,0.07497463634874789,344
Whole-event CO2,7 + year,two-way,0.02600276051451097,-0.005012302278552282,0.05701782330757422,0.10033807267019046,344
Whole-event CO2,"8 absolute waiting capacity (log ship-hours/day) instead of share, full controls",storm,8.390179208568604e-06,-0.026801274150252498,0.026818054508669635,0.999510595468784,344
Whole-event CO2,"8 absolute waiting capacity (log ship-hours/day) instead of share, full controls",port,8.390179208568604e-06,-0.02547870864664598,0.025495489005063116,0.9994851995040602,344
Whole-event CO2,"8 absolute waiting capacity (log ship-hours/day) instead of share, full controls",two-way,8.390179208568604e-06,-0.029102699166700326,0.029119479525117464,0.9995492861441131,344
Whole-event CO2,"9 without Galveston, TX",two-way,0.023351715755496216,-0.009897597358769328,0.05660102886976176,0.168659049318153,336
Whole-event CO2,"9 without Sabine Pass Port Authority, TX",two-way,0.00922902466658932,-0.017735248326754497,0.036193297659933135,0.5023261706257589,335
Whole-event CO2,"9 without South Louisiana, LA, Port of",two-way,0.03712030105735451,0.01492377860141066,0.05931682351329837,0.0010464133686944018,333
Whole-event CO2,"9 without Corpus Christi, TX",two-way,0.025867927393946482,-0.005537952381398915,0.05727380716929188,0.1064506743433593,337
Whole-event CO2,"9 without New Orleans, LA",two-way,0.02364936905625918,-0.009963091561879897,0.05726182967439826,0.1678917414221902,333
Whole-event CO2,"9 without New York, NY & NJ",two-way,0.025233120725967634,-0.006102659361375686,0.05656890081331095,0.1145058944532645,338
Whole-event CO2,"9 without Port of Pascagoula, MS",two-way,0.024991153368349242,-0.00616667687376328,0.056148983610461764,0.11593826000925524,336
Whole-event CO2,"9 without Plaquemines Port District, LA",two-way,0.026173141854362803,-0.005317597769967899,0.0576638814786935,0.10331301526111254,334
Whole-event CO2,"10 placebo dates (cyclone-free years), full model",two-way,-0.006837851440444525,-0.01458166774329557,0.0009059648624065199,0.08351174518466828,1485
Whole-event NOx,1 waiting share only,storm,0.011031268902810877,-0.003083763835780821,0.025146301641402573,0.12558084457677876,344
Whole-event NOx,1 waiting share only,port,0.011031268902810877,-0.010881627263405367,0.03294416506902712,0.32380237170409054,344
Whole-event NOx,1 waiting share only,two-way,0.011031268902810877,-0.010318736207669295,0.03238127401329105,0.3112093059422293,344
Whole-event NOx,"2 + storm (wind, class, distance, duration, surge, rain, landfall)",storm,0.010495825087098296,-0.004664059886591028,0.02565571006078762,0.17479220922443472,344
Whole-event NOx,"2 + storm (wind, class, distance, duration, surge, rain, landfall)",port,0.010495825087098296,-0.012450074719968668,0.03344172489416526,0.36997554402822574,344
Whole-event NOx,"2 + storm (wind, class, distance, duration, surge, rain, landfall)",two-way,0.010495825087098296,-0.012013915886966644,0.033005566061163234,0.36077436905344196,344
Whole-event NOx,3 + port size and baseline traffic,storm,0.017690290297202982,0.003929722527340173,0.03145085806706579,0.011745903301590798,344
Whole-event NOx,3 + port size and baseline traffic,port,0.017690290297202982,-0.004170905603459011,0.03955148619786497,0.11273437909988786,344
Whole-event NOx,3 + port size and baseline traffic,two-way,0.017690290297202982,-0.003281256788706711,0.03866183738311267,0.09826911432851942,344
Whole-event NOx,"4 + fleet mix (tanker, passenger, service-craft shares)",storm,0.030436376602702063,0.014334420367214874,0.046538332838189256,0.0002115744619895611,344
Whole-event NOx,"4 + fleet mix (tanker, passenger, service-craft shares)",port,0.030436376602702063,0.006581295220763065,0.054291457984641064,0.012395105968948992,344
Whole-event NOx,"4 + fleet mix (tanker, passenger, service-craft shares)",two-way,0.030436376602702063,0.00910699856622699,0.05176575463917714,0.005160999215146731,344
Whole-event NOx,5 + Gulf,storm,0.02926766493981238,0.013090790107862488,0.04544453977176227,0.00039109216528459905,344
Whole-event NOx,5 + Gulf,port,0.02926766493981238,0.004532456167279781,0.05400287371234498,0.020389293645533647,344
Whole-event NOx,5 + Gulf,two-way,0.02926766493981238,0.006751598701329905,0.05178373117829485,0.010844413518117556,344
Whole-event NOx,"6 + geography (open-water share, river/inland)",storm,0.030698627839001486,0.010541628317670464,0.05085562736033251,0.0028359849808242844,344
Whole-event NOx,"6 + geography (open-water share, river/inland)",port,0.030698627839001486,0.00213501637811693,0.05926223929988604,0.0351641105348016,344
Whole-event NOx,"6 + geography (open-water share, river/inland)",two-way,0.030698627839001486,0.003486849772742332,0.05791040590526064,0.02702829609830935,344
Whole-event NOx,7 + year,storm,0.03066987481595189,0.010558979015720234,0.050780770616183545,0.0027987470918357958,344
Whole-event NOx,7 + year,port,0.03066987481595189,0.001980294608283764,0.059359455023620014,0.03614875260054477,344
Whole-event NOx,7 + year,two-way,0.03066987481595189,0.003441447974967038,0.05789830165693674,0.02726608409441728,344
Whole-event NOx,"8 absolute waiting capacity (log ship-hours/day) instead of share, full controls",storm,0.006661599315933653,-0.011193729220838814,0.024516927852706122,0.464633792824645,344
Whole-event NOx,"8 absolute waiting capacity (log ship-hours/day) instead of share, full controls",port,0.006661599315933653,-0.015258463111298222,0.02858166174316553,0.5514148722869441,344
Whole-event NOx,"8 absolute waiting capacity (log ship-hours/day) instead of share, full controls",two-way,0.006661599315933653,-0.014243726725500836,0.02756692535736814,0.5322641407323754,344
Whole-event NOx,"9 without Galveston, TX",two-way,0.029822823034405782,0.0019152273648558212,0.057730418703955746,0.036218014277191374,336
Whole-event NOx,"9 without Sabine Pass Port Authority, TX",two-way,0.010623290272600042,-0.006232236573946134,0.027478817119146216,0.21672695174572398,335
Whole-event NOx,"9 without South Louisiana, LA, Port of",two-way,0.0378115355647856,0.01518791216171141,0.060435158967859795,0.0010538322524461228,333
Whole-event NOx,"9 without Corpus Christi, TX",two-way,0.030438332286424886,0.003312888701881341,0.057563775870968434,0.027853855199186883,337
Whole-event NOx,"9 without New Orleans, LA",two-way,0.02848904192839812,-0.0011864263689434149,0.05816451022573965,0.05988972816968387,333
Whole-event NOx,"9 without New York, NY & NJ",two-way,0.029914541692775787,0.002265851052047154,0.057563232333504424,0.03395666327332596,338
Whole-event NOx,"9 without Port of Pascagoula, MS",two-way,0.030634925245001172,0.0032358251663834395,0.058034025323618905,0.02842032002794667,336
Whole-event NOx,"9 without Plaquemines Port District, LA",two-way,0.0310774434123753,0.003591027624699518,0.05856385920005108,0.026689577569467125,334
Whole-event NOx,"10 placebo dates (cyclone-free years), full model",two-way,0.000590488644227946,-0.005140684257573825,0.006321661546029717,0.8399658923571749,1485
"CO2, 10 days after",1 waiting share only,storm,0.009772578397760523,-0.02074275372346834,0.04028791051898939,0.5302127731297237,344
"CO2, 10 days after",1 waiting share only,port,0.009772578397760523,-0.015433482259329105,0.03497863905485015,0.4473187206082133,344
"CO2, 10 days after",1 waiting share only,two-way,0.009772578397760523,-0.01792222402591436,0.03746738082143541,0.4891845619903653,344
"CO2, 10 days after","2 + storm (wind, class, distance, duration, surge, rain, landfall)",storm,0.006958728843785578,-0.023591478911660878,0.03750893659923203,0.655278896806549,344
"CO2, 10 days after","2 + storm (wind, class, distance, duration, surge, rain, landfall)",port,0.006958728843785578,-0.016487513948399306,0.03040497163597046,0.5607636431846674,344
"CO2, 10 days after","2 + storm (wind, class, distance, duration, surge, rain, landfall)",two-way,0.006958728843785578,-0.020923789812487336,0.03484124750005849,0.6247323590433574,344
"CO2, 10 days after",3 + port size and baseline traffic,storm,0.010912636752192001,-0.019494761474929186,0.041320034979313185,0.48181037698154805,344
"CO2, 10 days after",3 + port size and baseline traffic,port,0.010912636752192001,-0.013158238943256005,0.03498351244764001,0.37424054115730654,344
"CO2, 10 days after",3 + port size and baseline traffic,two-way,0.010912636752192001,-0.01696923544008027,0.038794508944464276,0.44301799249482576,344
"CO2, 10 days after","4 + fleet mix (tanker, passenger, service-craft shares)",storm,0.035968739282853046,0.0028949165080713393,0.06904256205763476,0.03304652849722846,344
"CO2, 10 days after","4 + fleet mix (tanker, passenger, service-craft shares)",port,0.035968739282853046,0.008754157436375535,0.06318332112933056,0.009585647936888526,344
"CO2, 10 days after","4 + fleet mix (tanker, passenger, service-craft shares)",two-way,0.035968739282853046,0.011081173068657243,0.060856305497048846,0.004616582119753541,344
"CO2, 10 days after",5 + Gulf,storm,0.03238724907429837,-0.002006761902696448,0.0667812600512932,0.06494922885571014,344
"CO2, 10 days after",5 + Gulf,port,0.03238724907429837,0.0027872550837418214,0.061987243064854924,0.03199107531976912,344
"CO2, 10 days after",5 + Gulf,two-way,0.03238724907429837,0.003919849795311667,0.06085464835328508,0.025757842553054258,344
"CO2, 10 days after","6 + geography (open-water share, river/inland)",storm,0.03752887512260125,-0.0010428086349117058,0.07610055888011422,0.056523801476799064,344
"CO2, 10 days after","6 + geography (open-water share, river/inland)",port,0.03752887512260125,0.0065403090151715075,0.06851744123003099,0.017614416835538216,344
"CO2, 10 days after","6 + geography (open-water share, river/inland)",two-way,0.03752887512260125,0.007831975434499299,0.0672257748107032,0.013254162222071065,344
"CO2, 10 days after",7 + year,storm,0.03719251020320891,-0.001319653068856598,0.07570467347527443,0.05838392630645513,344
"CO2, 10 days after",7 + year,port,0.03719251020320891,0.0062757890635116755,0.06810923134290615,0.018382736885753127,344
"CO2, 10 days after",7 + year,two-way,0.03719251020320891,0.007525506382567805,0.06685951402385001,0.014004811402270521,344
"CO2, 10 days after","8 absolute waiting capacity (log ship-hours/day) instead of share, full controls",storm,0.007100879144569944,-0.022161133054860182,0.03636289134400007,0.6343483107933096,344
"CO2, 10 days after","8 absolute waiting capacity (log ship-hours/day) instead of share, full controls",port,0.007100879144569944,-0.02724651954035502,0.04144827782949491,0.6853326142012321,344
"CO2, 10 days after","8 absolute waiting capacity (log ship-hours/day) instead of share, full controls",two-way,0.007100879144569944,-0.02028309303644816,0.034484851325588047,0.6112892067742717,344
"CO2, 10 days after","9 without Galveston, TX",two-way,0.037010101862714744,0.008587975873738333,0.06543222785169116,0.01070502756697184,336
"CO2, 10 days after","9 without Sabine Pass Port Authority, TX",two-way,0.017927600198427436,-0.0040699977468082425,0.03992519814366312,0.11019188749042501,335
"CO2, 10 days after","9 without South Louisiana, LA, Port of",two-way,0.04317541529668372,0.01698901906845086,0.06936181152491658,0.0012312719345560258,333
"CO2, 10 days after","9 without Corpus Christi, TX",two-way,0.03690576488581715,0.006861504990210661,0.06695002478142364,0.01605862768831443,337
"CO2, 10 days after","9 without New Orleans, LA",two-way,0.03637553221797516,0.006248267233303385,0.06650279720264693,0.01795949234181734,333
"CO2, 10 days after","9 without New York, NY & NJ",two-way,0.037369449509150915,0.007630352021378441,0.0671085469969234,0.013783965040472343,338
"CO2, 10 days after","9 without Port of Pascagoula, MS",two-way,0.0343311944261863,0.004543478906571502,0.06411890994580109,0.023888699441599413,336
"CO2, 10 days after","9 without Plaquemines Port District, LA",two-way,0.03768088196012834,0.007147059355592001,0.06821470456466468,0.015574657355063078,334
"CO2, 10 days after","10 placebo dates (cyclone-free years), full model",two-way,-0.007526254821152352,-0.0163609814714143,0.0013084718291095955,0.0949822000034968,1485
