window,port_type,intensity,n_events,n_placebo,mean_storm,median_storm,sd_storm,mean_placebo,median_placebo,sd_placebo,iqr_placebo,diff,diff_lo,diff_hi,ks_p,share_storm_beyond_band,share_placebo_beyond_band
storm,All,All,343,1485,-0.17099135323541081,-0.1182738131463592,0.324618753842888,0.007747819764137224,0.0031243857479427,0.2147146076337857,0.22844778392227938,-0.17873917299954803,-0.2325876827262198,-0.1311848929970162,2.7342034058819764e-20,0.18075801749271136,0.050505050505050504
storm,All,Tropical storm <50 kt,223,999,-0.10861612306998032,-0.0711314018540922,0.2711138455600983,0.008373058478908506,0.0038289114982938,0.205848297383792,0.22470940635026915,-0.11698918154888882,-0.16616332440593418,-0.06772693659771387,3.3617305070656833e-07,0.12556053811659193,0.043043043043043044
storm,All,Strong TS 50–63 kt,54,245,-0.19194855725287235,-0.1325855485051604,0.2652155457376171,-0.00717061438938086,-0.0042064871868665,0.21021558509071103,0.231754042221319,-0.1847779428634915,-0.23157284245346962,-0.11985998838404262,2.3701603252287473e-06,0.16666666666666666,0.05714285714285714
storm,All,Hurricane ≥64 kt,66,241,-0.36459722156795743,-0.2867466264122861,0.44077263783517157,0.02032210562121367,0.0046059015227443,0.2520879847587526,0.2516085894163831,-0.3849193271891711,-0.5488266244147314,-0.25713284157139293,2.14941206432582e-13,0.3787878787878788,0.07468879668049792
storm,Cargo,All,91,383,-0.0594728502704753,-0.0505016500323586,0.2086986311381118,0.014580690637284593,0.0117085301267643,0.16611695817226527,0.2112488479650729,-0.0740535409077599,-0.13073118102833364,-0.008742361610809705,0.01077157549557619,0.04395604395604396,0.015665796344647518
storm,Cargo,Tropical storm <50 kt,73,298,-0.0435635220012046,-0.0307964122050784,0.20294415590249365,0.017717376345837754,0.0122947431629427,0.16650420976524624,0.20565382691637762,-0.061280898347042354,-0.12739073176084048,0.004106006928939768,0.046792729065858414,0.0410958904109589,0.016778523489932886
storm,Cargo,Strong TS 50–63 kt,16,73,-0.12866653630772634,-0.1159768287516375,0.23904288499943518,0.004918402205911184,0.0009596015523514,0.167742822166788,0.2428881991522851,-0.13358493851363754,-0.18521233647738272,-0.06661615787461488,0.1410138159466616,0.0625,0.0136986301369863
storm,Mixed,All,79,271,-0.19827302227707094,-0.1356380983755929,0.3552637038888025,-8.606334990798543e-05,-0.0042064871868665,0.19376968812739678,0.20051660708487623,-0.19818695892716295,-0.3182139693930125,-0.09952890195605739,1.9855677289166535e-07,0.20253164556962025,0.05166051660516605
storm,Mixed,Tropical storm <50 kt,42,168,-0.0737205548975482,-0.07962258454217824,0.22615202681568808,0.0032496082472032208,-0.00721760207449345,0.18011164639997715,0.2070370234199808,-0.07697016314475141,-0.14668180523453173,-0.004410960593066062,0.048181922166604316,0.047619047619047616,0.041666666666666664
storm,Mixed,Strong TS 50–63 kt,16,67,-0.19820739884246583,-0.1535962071018958,0.20494550177441218,-0.015221044701902175,-0.0042064871868665,0.2102510337107442,0.20353095044143016,-0.18298635414056366,-0.24921785997687781,-0.0974858452563671,0.00413326070012797,0.125,0.07462686567164178
storm,Mixed,Hurricane ≥64 kt,21,36,-0.44742795584343475,-0.2395388942806509,0.5080543262656692,0.012515351157562214,0.00465919870740035,0.2254897089907113,0.14068487210809758,-0.45994330700099695,-0.7295751651966967,-0.19743283659255115,6.365944965180212e-06,0.5714285714285714,0.05555555555555555
storm,Energy,All,139,664,-0.17568032641607828,-0.1292374775159421,0.3461964454493626,0.01319556852172269,0.0033167534365789496,0.2483196687698317,0.2561651363582299,-0.18887589493780096,-0.2599963494264396,-0.1282740508503395,2.9055329311957334e-09,0.18705035971223022,0.06475903614457831
storm,Energy,Tropical storm <50 kt,87,430,-0.1056579172001894,-0.0711314018540922,0.2915693980532569,0.014949547652224195,0.00415827094518835,0.2370818635804053,0.2543369491825598,-0.1206074648524136,-0.16682291506581234,-0.061408033488002646,0.0013435327104777827,0.13793103448275862,0.053488372093023255
storm,Energy,Strong TS 50–63 kt,20,93,-0.21842324989799403,-0.15000116184399226,0.3262779960007131,-0.013453056432598727,-0.0143415473737593,0.24459797943150746,0.241638285682581,-0.2049701934653953,-0.29226626300324593,-0.08348262076341004,0.00799972343215959,0.25,0.07526881720430108
storm,Energy,Hurricane ≥64 kt,32,141,-0.33933942429557884,-0.3042899012061116,0.4357263366988366,0.025423306781554203,0.0157859639852718,0.28254647116574366,0.2788006080564712,-0.36476273107713303,-0.5358318885102282,-0.18288007138798534,1.0913519080250994e-06,0.28125,0.09219858156028368
storm,Service,All,34,167,-0.3869079603943873,-0.3976601506396211,0.299307836572177,-0.016870817334940245,-0.00540804688497,0.2008909837975377,0.2502955659603592,-0.37003714305944707,-0.48830845877008655,-0.2589822997231087,1.6601136738027319e-09,0.47058823529411764,0.0718562874251497
storm,Service,Tropical storm <50 kt,21,103,-0.4167979160192463,-0.4071561793949656,0.28185405980950073,-0.03776050880210291,-0.0191571650182988,0.20426678535781867,0.2331010886933331,-0.3790374072171434,-0.5310089333276339,-0.24345506497180042,1.870831647431299e-06,0.5238095238095238,0.07766990291262135
storm,Service,Hurricane ≥64 kt,11,52,-0.3304854805193492,-0.3395967546728999,0.35320781781201066,0.017630876054851516,0.0040180361954171,0.19874805615768623,0.2775587371000113,-0.3481163565742007,-0.5817048768482693,-0.15337371957127383,0.0006594281794827405,0.36363636363636365,0.057692307692307696
after,All,All,344,1485,0.004052284926197036,0.01124871533079085,0.16580258462348932,0.011289035227861738,0.0139701813205203,0.16575200405330417,0.1770782995149719,-0.007236750301664701,-0.03037199701101584,0.015575081897294467,0.8307073875599821,0.06686046511627906,0.050505050505050504
after,All,Tropical storm <50 kt,223,999,0.00413423489401016,0.0111817049271281,0.16173861493231478,0.010558561289809108,0.0136192925255703,0.16090361720704235,0.1768830346734474,-0.0064243263957989485,-0.03368255505423462,0.022035871679574836,0.9325987879901285,0.03587443946188341,0.04604604604604605
after,All,Strong TS 50–63 kt,54,245,0.01702464944576762,0.01837917072533275,0.12041807843519538,0.011891000228959805,0.0133936153320927,0.1692386344575046,0.1681866941532863,0.005133649216807815,-0.024601740863960424,0.035916016471913066,0.5817077774700642,0.018518518518518517,0.044897959183673466
after,All,Hurricane ≥64 kt,67,241,-0.006675812489909504,0.0127571455234373,0.20731074256009638,0.013705060285312149,0.0166880979058786,0.18191354868568888,0.1837558672697803,-0.020380872775221652,-0.08328086729864496,0.03838662422380706,0.819298903644117,0.208955223880597,0.07468879668049792
after,Cargo,All,92,383,0.008226485811414542,0.0031827840438881,0.12574354811576166,0.006165877374910163,0.0141561243225088,0.1407212438048374,0.16904182707252863,0.002060608436504379,-0.03200618412376352,0.03616244550293181,0.810604185216616,0.010869565217391304,0.031331592689295036
after,Cargo,Tropical storm <50 kt,73,298,0.008145549256081136,0.0012668602069863,0.1280470591941919,0.0076026611793795235,0.017556113273960297,0.13661328695737812,0.17064537117809153,0.0005428880767016121,-0.035745315320486415,0.0392082786393235,0.7690358367599267,0.0136986301369863,0.030201342281879196
after,Cargo,Strong TS 50–63 kt,16,73,0.015177465139709842,0.03113792474438845,0.12603934677394024,0.0007205770543693764,-0.0120638125757931,0.16425579440132432,0.173576668837299,0.014456888085340465,-0.048068294190859506,0.09408832448352286,0.7016650827682752,0.0,0.0410958904109589
after,Mixed,All,79,271,0.03705801771715028,0.0327047626475339,0.15368866637036463,0.005197069352411374,0.0101710781252273,0.15277629144550334,0.16369697401138256,0.031860948364738906,-0.012459167723777705,0.0794971985963825,0.053288166004580605,0.10126582278481013,0.03690036900369004
after,Mixed,Tropical storm <50 kt,42,168,0.030134895923681376,0.029796190124503047,0.14584112216627756,-0.002250602917780272,0.005902700731220199,0.13289349303961656,0.17249398395670779,0.03238549884146165,-0.020639508713620174,0.08293955107831613,0.37522380183082304,0.047619047619047616,0.02976190476190476
after,Mixed,Strong TS 50–63 kt,16,67,0.0443251943501304,0.030980038061783,0.11892985588716465,0.015768473687343545,0.0128475854536724,0.1822845981634989,0.1471681981937088,0.028556720662786857,-0.026206972560918074,0.07825971502535134,0.6681761439077256,0.0625,0.05970149253731343
after,Mixed,Hurricane ≥64 kt,21,36,0.04536736482181752,0.0506140294424331,0.19414536933839088,0.020278315212181975,-0.00360521484410375,0.18004812074893936,0.1206419396503218,0.025089049609635542,-0.09285593449989543,0.13380612959458701,0.10873730912181151,0.23809523809523808,0.027777777777777776
after,Energy,All,139,664,-0.018567875026727586,0.0113157257344536,0.1958784341685861,0.018924758393445165,0.0176656317849735,0.19008512672956565,0.21093269847906504,-0.037492633420172755,-0.07887750069194631,0.0007786650614986882,0.6527263896963666,0.08633093525179857,0.07078313253012049
after,Energy,Tropical storm <50 kt,87,430,-0.008389915857813865,0.0113157257344536,0.19764987244503063,0.02135048188614784,0.0166137694431713,0.18924724139826515,0.20056887037323448,-0.029740397743961706,-0.07656677525314692,0.01933897541412689,0.7120833872518785,0.05747126436781609,0.06511627906976744
after,Energy,Strong TS 50–63 kt,20,93,0.010479404922787972,0.016394385689775498,0.11539298985631379,0.017283579144901556,0.0150149054069966,0.17041095679199403,0.21270846595028298,-0.006804174222113584,-0.05844767097818522,0.03381562382927581,0.5430802844686557,0.0,0.043010752688172046
after,Energy,Hurricane ≥64 kt,32,141,-0.064393751485659,0.0033499705168525996,0.2264110073205195,0.012609641856228182,0.0234332269130913,0.20548286571602123,0.2296471738171841,-0.07700339334188717,-0.14992511194468272,-0.004951749048417486,0.4149326490528956,0.21875,0.10638297872340426
after,Service,All,34,167,0.008544133794761925,-0.012906850710981702,0.14498874627423833,0.0025643168325330044,0.0040730912427954,0.1316535084797328,0.13533364823187885,0.0059798169622289205,-0.05059969191611647,0.05830101258301445,0.6861109673437049,0.058823529411764705,0.03592814371257485
after,Service,Tropical storm <50 kt,21,103,-0.009925412547355635,-0.0076256917390883,0.13187411099295754,-0.005050448774682411,-0.0014258101091387,0.13562206240595756,0.1296745284690915,-0.0048749637726732235,-0.07444019643779629,0.05479514713214024,0.9790287135978282,0.0,0.038834951456310676
after,Service,Hurricane ≥64 kt,11,52,0.06738489024892053,-0.0126350905400163,0.15904553585609588,0.014453938485134106,0.0126993223344585,0.1265854394977487,0.17410678082892117,0.05293095176378642,-0.024127653603735734,0.12418791554688158,0.8223135295863402,0.18181818181818182,0.038461538461538464
event30,All,All,344,1485,-0.0056816811447979974,0.0020092384156059,0.1309785992594144,0.010110447992347718,0.010077019242576,0.13444349728816601,0.14493607832253141,-0.015792129137145713,-0.03191906743409128,0.001124479462123354,0.19589042499161047,0.055232558139534885,0.05117845117845118
event30,All,Tropical storm <50 kt,223,999,-0.004482209436580496,0.0103382935340575,0.1252503639984219,0.009949586165654112,0.0119065812024132,0.12909798434028905,0.14466811978008098,-0.014431795602234607,-0.0345735158452968,0.007160309161577913,0.5648372911895257,0.04484304932735426,0.04604604604604605
event30,All,Strong TS 50–63 kt,54,245,-0.009900290578473176,0.00588278512202355,0.11476886790107778,0.005640573444215919,0.0025590266850991,0.14359180293965937,0.1430118702472703,-0.015540864022689095,-0.052204442113860286,0.026045390797648962,0.8738753346418646,0.05555555555555555,0.05714285714285714
event30,All,Hurricane ≥64 kt,67,241,-0.006273879376350873,-0.0051897856187047,0.16059666944511833,0.015321320312510385,0.0115619817188377,0.1464584476297954,0.14587975952113,-0.02159519968886126,-0.0611747175326188,0.016204310864329198,0.14987977544108252,0.08955223880597014,0.06639004149377593
event30,Cargo,All,92,383,-0.004411586996746096,0.01292453588344865,0.09403140490416458,0.00109517956534792,0.0025590266850991,0.11457936050785028,0.13660729383241998,-0.005506766562094015,-0.03107763475281691,0.020206662693750148,0.4693106155059935,0.010869565217391304,0.031331592689295036
event30,Cargo,Tropical storm <50 kt,73,298,-0.004441498387475524,0.0014011850177883,0.09648842305722694,0.0022437592154606026,0.00294899275167665,0.11479666627796292,0.1435602360847029,-0.006685257602936126,-0.03609466821401055,0.02199002770868186,0.33279704308452707,0.0136986301369863,0.03355704697986577
event30,Cargo,Strong TS 50–63 kt,16,73,-0.0007882348330338056,0.0180023723712812,0.07207478031231222,-0.003005844329268775,0.0088601027850836,0.12174510832198059,0.134194966984367,0.0022176094962349695,-0.016967119379461285,0.034597724893029175,0.7590732561941526,0.0,0.0273972602739726
event30,Mixed,All,79,271,0.021012671975647313,0.0358073688207708,0.134060193056075,0.00671104250814666,0.003148893065528,0.13446491103713507,0.14332100948500015,0.014301629467500653,-0.024336812813850722,0.04816344606283353,0.07044063435800978,0.08860759493670886,0.04059040590405904
event30,Mixed,Tropical storm <50 kt,42,168,0.009092817470636588,0.03662424513796165,0.14060381022428628,0.003249317318010172,0.004693467444741,0.11179825510679905,0.14578802776142996,0.0058435001526264164,-0.04135233212334252,0.05107013098435624,0.13819171710625136,0.09523809523809523,0.017857142857142856
event30,Mixed,Strong TS 50–63 kt,16,67,0.034701661183768814,0.021106455577473503,0.10133664347469443,0.008852429738575172,0.0011354508887458,0.18327513297412162,0.1620542912178099,0.025849231445193643,-0.006778354532810063,0.07115932195361767,0.1447062343605911,0.0,0.08955223880597014
event30,Mixed,Hurricane ≥64 kt,21,36,0.0344226749223381,0.0358073688207708,0.14568820293220888,0.018880400494374994,0.00171014437512805,0.12760815746789622,0.0792679373862928,0.015542274427963108,-0.0604294622761395,0.07604646990911261,0.4154347847112324,0.14285714285714285,0.05555555555555555
event30,Energy,All,139,664,-0.020906473003876342,-0.0121188898555729,0.14913503633287759,0.019060572061481037,0.02250657522750435,0.14720316712826523,0.16062701181564348,-0.03996704506535738,-0.06380998706994802,-0.013980802051539546,0.03416239688215615,0.06474820143884892,0.06475903614457831
event30,Energy,Tropical storm <50 kt,87,430,-0.0070349403793552815,-0.0018964147355961,0.14288163761818695,0.02064758578031379,0.02580406998251015,0.14443860066973463,0.15397685455038557,-0.02768252615966907,-0.061421644687763885,0.008371279873382827,0.47737923905043367,0.05747126436781609,0.06046511627906977
event30,Energy,Strong TS 50–63 kt,20,93,-0.03836874334151863,-0.06565316815596836,0.13958572668363248,0.010292188928816911,0.0007784791517924,0.13230020554900568,0.1483964940333971,-0.04866093227033554,-0.09498650450404382,0.026283999998471436,0.082984261832855,0.1,0.053763440860215055
event30,Energy,Hurricane ≥64 kt,32,141,-0.047705783365766544,-0.03421276688987945,0.17015826180954063,0.020004144630556806,0.022548535791762,0.16470131204753824,0.1779116127662417,-0.06770992799632335,-0.12883025982610982,-0.020970290764712223,0.0420476240952479,0.0625,0.0851063829787234
event30,Service,All,34,167,-0.008900989666094008,-0.01188299582552765,0.12547504942815874,0.0007164618357901354,0.0059127625988604,0.12168291928148064,0.13200135784766034,-0.009617451501884143,-0.05776125338576708,0.03825374057075882,0.5947430366899727,0.058823529411764705,0.059880239520958084
event30,Service,Tropical storm <50 kt,21,103,-0.021198182992122134,-0.0146115782790875,0.1076829979087615,-0.0014888433172760961,0.0041020217988725,0.12500035754104677,0.12605892634839705,-0.01970933967484604,-0.07695871827556139,0.0346667686289377,0.3206609974052674,0.0,0.06796116504854369
event30,Service,Hurricane ≥64 kt,11,52,0.04112580365511887,0.0265943152686064,0.144833156064367,0.004267677331757294,0.00625812999170045,0.12000842209436517,0.12672019370361587,0.03685812632336158,-0.05333387993904444,0.10753320858916064,0.6026913451225265,0.09090909090909091,0.038461538461538464
