outcome,wind_bin,n,ratio,lo,hi
"Total CO2, storm window",<30,86,0.8903438687985351,0.810560774496466,0.9881350430815572
"Total CO2, storm window",30–39,75,0.7952070883583687,0.6984898730419195,0.9094774571890194
"Total CO2, storm window",40–49,82,0.7682055381889764,0.6823100636385732,0.8510231485862283
"Total CO2, storm window",50–63,34,0.7122117345242914,0.6454823045444231,0.7569087791934662
"Total CO2, storm window",64–82 (Cat1),21,0.599405545727278,0.456232517123864,0.6607344640740413
"Total CO2, storm window",83–95 (Cat2),16,0.616628259053577,0.27568670851833776,0.7667189108983056
"Total CO2, storm window",≥96 (Cat3+),29,0.3751198438870623,0.26600074948933344,0.47659811406147246
"Total CO2, after window",<30,86,1.0657864507573602,0.9995863208312453,1.1296776926894352
"Total CO2, after window",30–39,75,1.0464250682346923,0.9738086557659179,1.1108421603172818
"Total CO2, after window",40–49,82,0.9894811144229517,0.8710863362622618,1.1099483105921053
"Total CO2, after window",50–63,34,1.053148500727753,0.9983048328267906,1.0971138502710607
"Total CO2, after window",64–82 (Cat1),22,1.1694712102905425,1.0358555307604402,1.2604865812575063
"Total CO2, after window",83–95 (Cat2),16,1.2082849022994633,1.0380872238939516,1.3178437744112441
"Total CO2, after window",≥96 (Cat3+),29,0.983012099465091,0.8760400461340297,1.1371188495416649
"Anchorage vessel-hours, after window",<30,67,1.0874216072039067,0.8557165171366512,1.2473827763417213
"Anchorage vessel-hours, after window",30–39,61,1.1770724128796481,1.0237838281039608,1.3964356361225436
"Anchorage vessel-hours, after window",40–49,68,1.1264780804616934,0.8806930266174853,1.4586866490316337
"Anchorage vessel-hours, after window",50–63,27,1.0277426801598963,0.9354728219230033,1.2046468340911625
"Anchorage vessel-hours, after window",64–82 (Cat1),20,1.3495899095976178,1.1700900772487628,1.9255570640102653
"Anchorage vessel-hours, after window",83–95 (Cat2),13,1.30490068032211,1.2425404008559926,5.655765718346103
"Anchorage vessel-hours, after window",≥96 (Cat3+),24,1.4642441068835035,1.2264193735782762,1.631040512173892
"Open-water vessel-hours, storm window",<30,64,0.8748135077277537,0.749400652161942,0.9740682956023641
"Open-water vessel-hours, storm window",30–39,62,0.8441862661662205,0.6776001338093453,1.0291459474618898
"Open-water vessel-hours, storm window",40–49,62,0.7035572886788644,0.6371860225450815,0.82299246672724
"Open-water vessel-hours, storm window",50–63,30,0.6539610458046238,0.5118341330648646,0.8225132432080162
"Open-water vessel-hours, storm window",64–82 (Cat1),17,0.5401530984172718,0.38944942005268457,0.6666689521549921
"Open-water vessel-hours, storm window",83–95 (Cat2),10,0.6820565037002115,0.251696032924158,1.1248243971278853
"Open-water vessel-hours, storm window",≥96 (Cat3+),23,0.4534836002450427,0.2548396770519122,0.6693139412587809
