outcome,intensity,n_real,n_placebo,real_ratio,placebo_ratio,placebo_lo,placebo_hi,placebo_share_outside,real_share_outside
"Total CO2, storm window",Tropical storm <50 kt,223,999,0.8228070016260224,1.0056139462654388,0.9969671799555859,1.012641869481628,0.4004004004004004,0.43946188340807174
"Total CO2, storm window",Strong TS 50–63 kt,54,245,0.7336611502530068,1.0024363560349459,0.9836139774916094,1.0102282009048271,0.3836734693877551,0.5555555555555556
"Total CO2, storm window",Hurricane ≥64 kt,67,241,0.47105590776150985,1.0088059246913417,0.9876296950674153,1.036046483964792,0.43983402489626555,0.8507462686567164
"Total CO2, storm window",All,344,1485,0.7393421623373488,1.0055049367322808,0.9992727066998103,1.0111865635588455,0.40404040404040403,0.5377906976744186
"Total CO2, after window",Tropical storm <50 kt,223,999,1.037738130251944,0.9914370775048972,0.97964738215039,1.003043440942466,0.4004004004004004,0.452914798206278
"Total CO2, after window",Strong TS 50–63 kt,54,245,1.022302680913829,1.0037590125579041,0.9939518781853832,1.0166790717272325,0.3836734693877551,0.3333333333333333
"Total CO2, after window",Hurricane ≥64 kt,67,241,1.077290597739001,1.0022728179129525,0.9929349471483834,1.0088478873392819,0.43983402489626555,0.4925373134328358
"Total CO2, after window",All,344,1485,1.0434041706596817,0.9953985475154078,0.986447968325832,1.002537646857125,0.40404040404040403,0.4418604651162791
"Total vessel-hours, storm window",Tropical storm <50 kt,223,999,0.9400086268282893,0.9994489353377536,0.9943310874444485,1.004183150064837,0.4004004004004004,0.4798206278026906
"Total vessel-hours, storm window",Strong TS 50–63 kt,54,245,0.9159384618899531,1.0017170152916821,0.9909817128071914,1.023054921553179,0.3836734693877551,0.6111111111111112
"Total vessel-hours, storm window",Hurricane ≥64 kt,67,241,0.65470564637257,1.0078534392627452,0.9932162969172763,1.0321220152230843,0.43983402489626555,0.7910447761194029
"Total vessel-hours, storm window",All,344,1485,0.8755343408216477,1.0012346710247906,0.9971154871786474,1.0063800843488813,0.40404040404040403,0.561046511627907
"Berth CO2, storm window",Tropical storm <50 kt,223,999,0.894165857150674,1.0230938959803202,1.0138333052419262,1.0320044172124374,0.3993993993993994,0.4349775784753363
"Berth CO2, storm window",Strong TS 50–63 kt,54,245,0.9210856058655095,1.0304588459937043,1.0137059571019509,1.0430806825683605,0.3836734693877551,0.5
"Berth CO2, storm window",Hurricane ≥64 kt,67,241,0.523889808006998,1.0227043834232734,0.9976252560296213,1.0440127320305004,0.43983402489626555,0.7761194029850746
"Berth CO2, storm window",All,344,1485,0.8426056969469493,1.0241408187944572,1.0175224612760352,1.030790145758871,0.4033670033670034,0.5116279069767442
"Anchorage vessel-hours, after window",Tropical storm <50 kt,180,806,1.1494171462563392,1.0064025603797093,0.9904806746499503,1.0294954501342157,0.40694789081885857,0.37222222222222223
"Anchorage vessel-hours, after window",Strong TS 50–63 kt,43,188,1.0222965928180656,1.0184054452412967,0.9992924725201652,1.0346019807134403,0.39361702127659576,0.32558139534883723
"Anchorage vessel-hours, after window",Hurricane ≥64 kt,57,216,1.3802253739615633,1.0026426707546532,0.9779134041462029,1.0276579554423941,0.4444444444444444,0.5087719298245614
"Anchorage vessel-hours, after window",All,280,1210,1.1864574549968978,1.0072614025347206,0.994277460781715,1.0223780148922528,0.4115702479338843,0.39285714285714285
"Offshore-hold vessel-hours, after window",Tropical storm <50 kt,114,543,1.1907309311764307,1.078335879640361,1.0472149536368889,1.1213904290108936,0.4014732965009208,0.45614035087719296
"Offshore-hold vessel-hours, after window",Strong TS 50–63 kt,29,138,1.1379360431757213,1.0862084344806435,1.0280088935134377,1.2849862480132173,0.37681159420289856,0.3448275862068966
"Offshore-hold vessel-hours, after window",Hurricane ≥64 kt,33,133,1.5255424986167476,1.1134118918389724,1.0528788559684183,1.245879864436093,0.42857142857142855,0.5757575757575758
"Offshore-hold vessel-hours, after window",All,176,814,1.223680781340282,1.0854746933333728,1.0607539969771294,1.118046662885376,0.40171990171990174,0.4602272727272727
"Open-water vessel-hours, storm window",Tropical storm <50 kt,173,744,0.8283551342057427,0.9945944400541895,0.9768644065806887,1.0097703624988663,0.4032258064516129,0.48554913294797686
"Open-water vessel-hours, storm window",Strong TS 50–63 kt,46,199,0.6476224516184811,1.0046840306883893,0.9956996248387018,1.0215365685762285,0.39195979899497485,0.6304347826086957
"Open-water vessel-hours, storm window",Hurricane ≥64 kt,52,173,0.502562462079139,1.0502875773813085,0.9906189603909148,1.1489238331255451,0.4393063583815029,0.8076923076923077
"Open-water vessel-hours, storm window",All,271,1116,0.7220456731875027,1.0056301984858187,0.9906203943902093,1.0237951094628606,0.4068100358422939,0.5719557195571956
"Port calls, storm window",Tropical storm <50 kt,174,758,0.7735004440029247,1.0169647336257652,1.004929711985555,1.02681135786439,0.4023746701846966,0.47701149425287354
"Port calls, storm window",Strong TS 50–63 kt,43,189,0.6884857780670638,1.0469136381898407,0.9990814198108018,1.068505573304884,0.4021164021164021,0.5813953488372093
"Port calls, storm window",Hurricane ≥64 kt,52,174,0.46086704499314374,1.012407972279185,0.9738886523852847,1.0465870599810965,0.4425287356321839,0.7307692307692307
"Port calls, storm window",All,269,1121,0.6985439510322188,1.021384186989114,1.0074047766781964,1.0337994782834585,0.4085637823371989,0.5427509293680297
